Region,SizeRank,RegionName,State,County,City,ZMediumRent,ZMediumValue,NMediumValue,entityid,Income Limits,Efficiency,OneBedroom,TwoBedroom,ThreeBedroom,FourBedroom,Zillow Ratio,NAR Ratio,ZH Ratio,NH Ratio
6181,0,New York,NY,Queens County,New York,4003.574224002959,797519.1835231847,699200.0,3603999999,50150.0,1013.0,1064.0,1254.0,1720.0,1875.0,0.00502003501196855,0.0057259356750614405,0.0023510406254014476,0.0026816361556064074
12447,1,Los Angeles,CA,Los Angeles County,Los Angeles,2879.5906385875,951368.408857648,783300.0,0603799999,75750.0,1856.0,2081.0,2625.0,3335.0,3698.0,0.0030267881630052836,0.0036762295909453595,0.003887032579146032,0.004721051959657858
39051,2,Houston,TX,Harris County,Houston,1634.3671658640396,267347.90956956125,255000.0,4800999999,44450.0,823.0,896.0,1102.0,1506.0,1709.0,0.006113259566889539,0.006409283003388391,0.006392419535845802,0.006701960784313726
17426,3,Chicago,IL,Cook County,Chicago,2331.2377112784384,315894.0565036813,305200.0,1700799999,43300.0,810.0,900.0,1181.0,1561.0,1603.0,0.007379808715240172,0.007638393549405106,0.005074486103797016,0.005252293577981651
6915,4,San Antonio,TX,Bexar County,San Antonio,1472.878375358706,254106.5297561249,244100.0,4801999999,48300.0,1116.0,1231.0,1501.0,1907.0,2243.0,0.0057963027426815045,0.006033913868737018,0.00882700653994483,0.009188857025809094
13271,5,Philadelphia,PA,Philadelphia County,Philadelphia,1812.6364534765023,234717.79893626983,232400.0,4210199999,59700.0,1372.0,1512.0,1802.0,2171.0,2468.0,0.0077226203623725455,0.007799640505492695,0.010514754361130096,0.01061962134251291
40326,6,Phoenix,AZ,Maricopa County,Phoenix,1688.9421032333366,411915.8707870217,414700.0,0401399999,56100.0,1530.0,1679.0,1950.0,2624.0,2934.0,0.004100211288305987,0.0040726841167912625,0.007122813681333014,0.007074993971545695
18959,7,Las Vegas,NV,Clark County,Las Vegas,1784.897440046171,434234.3398750331,400800.0,3200399999,51000.0,1316.0,1476.0,1750.0,2452.0,2841.0,0.004110447461524671,0.004453336926262902,0.00654255027554385,0.007088323353293413
54296,8,San Diego,CA,San Diego County,San Diego,3146.8107764066312,998184.3343469348,791600.0,0606999999,66800.0,1799.0,1999.0,2623.0,3655.0,4046.0,0.0031525347254276856,0.0039752536336617374,0.004053359545706663,0.005111167256189995
38128,9,Dallas,TX,Dallas County,Dallas,1723.2752715597735,311284.8770069368,277900.0,4805999999,43650.0,944.0,950.0,1207.0,1571.0,1899.0,0.005536007043224819,0.006201062510110736,0.0061005212275625,0.006833393306944944
10221,10,Austin,TX,Travis County,Austin,1684.6941876368298,512936.96099387406,487600.0,4804199999,44250.0,1034.0,1089.0,1206.0,1690.0,1863.0,0.0032844078624643114,0.003455074215826148,0.003632025261720708,0.003820754716981132
33839,11,San Jose,CA,Santa Clara County,San Jose,3386.64713247424,1414393.166649643,1382800.0,0608399999,88250.0,2381.0,2688.0,3028.0,4011.0,4468.0,0.0023944170633236244,0.0024491228901317905,0.0031589519133379414,0.0032311252531096327
25290,12,Jacksonville,FL,Duval County,Jacksonville,1640.94812947865,288418.39754910785,274900.0,1203199999,51250.0,1381.0,1454.0,1730.0,2163.0,2739.0,0.005689471071966733,0.005969254745284285,0.0094966202685931,0.009963623135685704
24043,13,Charlotte,NC,Mecklenburg County,Charlotte,1808.0216895801825,401566.4322855804,371200.0,3711999999,56100.0,1586.0,1647.0,1824.0,2250.0,2852.0,0.004502422374523523,0.004870748086153509,0.007102187261438612,0.007683189655172414
32149,14,Indianapolis,IN,Marion County,Indianapolis,1457.5225514572276,233759.423046193,207000.0,1801399999,55350.0,955.0,1097.0,1283.0,1669.0,2028.0,0.006235139240436984,0.007041171746170182,0.008675586094337889,0.009797101449275362
18172,15,Fort Worth,TX,Tarrant County,Fort Worth,1721.1858361242696,301480.77445273736,294100.0,4800799999,39700.0,969.0,976.0,1280.0,1670.0,1914.0,0.005709106457115384,0.005852382985801665,0.006348663537415897,0.006507990479428766
13121,16,Orlando,FL,Orange County,Orlando,1995.1269511352848,378875.1965139836,358300.0,1208799999,65150.0,1565.0,1903.0,2274.0,3026.0,3344.0,0.005265921257164292,0.005568314125412461,0.008826125412188546,0.009332961205693553
20330,17,San Francisco,CA,San Francisco County,San Francisco,3698.639215963152,1270647.8698312803,1380500.0,0606999999,66800.0,1799.0,1999.0,2623.0,3655.0,4046.0,0.002910829431016373,0.0026792026193141268,0.0031842024026194115,0.0029308221658819267
7481,18,Tucson,AZ,Pima County,Tucson,1541.6660816043966,330455.342165381,286900.0,0400799999,38200.0,966.0,1078.0,1409.0,1925.0,2004.0,0.004665278132598166,0.0053735311314199955,0.006064359519408436,0.006985012199372604
10920,19,Columbus,OH,Franklin County,Columbus,1502.3362791620057,253753.93808073617,265700.0,3904999999,54500.0,1104.0,1194.0,1445.0,1741.0,1939.0,0.005920445178210443,0.0056542577311328775,0.007641260721569862,0.00729770417764396
12700,20,Miami,FL,Miami-Dade County,Miami,3095.457067146331,581221.5130316013,425400.0,1208699999,61950.0,1711.0,1898.0,2329.0,3008.0,3527.0,0.005325778550419949,0.007276579847546618,0.006068254393412714,0.008291020216267042
12455,21,Louisville,KY,Jefferson County,Louisville,1379.6140493854916,254964.8602295869,237200.0,2100599999,46400.0,718.0,901.0,998.0,1372.0,1375.0,0.0054109968257711975,0.005816248100276103,0.005392900020661125,0.005796795952782462
17933,22,El Paso,TX,El Paso County,El Paso,1648.4497373737377,230694.11283111488,167300.0,4811999999,43300.0,732.0,786.0,933.0,1274.0,1284.0,0.007145608169812832,0.009853256051247684,0.005565811733305837,0.00767483562462642
11093,23,Denver,CO,Denver County,Denver,1973.8949887999493,546248.9300462925,586700.0,0803199999,70050.0,1639.0,1789.0,2140.0,2794.0,3127.0,0.003613544814875279,0.0033644025716719774,0.005724496338574062,0.005329810806204193
16037,24,Seattle,WA,King County,Seattle,2310.0782603711964,863431.9055885499,811200.0,5302199999,52800.0,1101.0,1236.0,1503.0,2003.0,2318.0,0.0026754608503800357,0.002847729610911238,0.0026846355630325684,0.0028574950690335305
13373,25,Portland,OR,Multnomah County,Portland,1798.209032491307,536764.5421700869,528000.0,4105199999,62050.0,1628.0,1750.0,1997.0,2739.0,3217.0,0.003350089082302871,0.00340569892517293,0.005993316896443982,0.00609280303030303
6118,26,Nashville,TN,Davidson County,Nashville,1883.785278443943,443609.2543267388,386600.0,4700199999,49700.0,1256.0,1264.0,1548.0,1989.0,2335.0,0.004246496798861747,0.00487269859918247,0.0052636413177263525,0.0060398344542162445
41568,27,Washington,DC,District of Columbia,Washington,2588.967291639098,593957.1602338849,,1100199999,81950.0,2012.0,2056.0,2314.0,2893.0,3413.0,0.004358845157485146,,0.005746205666846493,
20288,28,Sacramento,CA,Sacramento County,Sacramento,2157.1211945130203,483501.7640089232,498900.0,0606799999,64300.0,1679.0,1777.0,2206.0,2992.0,3455.0,0.004461454652465777,0.0043237546492544,0.00714578571824246,0.006925235518139908
44269,29,Boston,MA,Suffolk County,Boston,3338.587774496604,779776.8036353501,680700.0,2502102935,65700.0,1607.0,1652.0,2155.0,2730.0,2953.0,0.004281465874506624,0.004904639010572358,0.003786981077448057,0.004338181283972381
17762,30,Detroit,MI,Wayne County,Detroit,1347.2787994546277,80675.99161511655,170200.0,2601799999,41850.0,764.0,769.0,976.0,1305.0,1406.0,0.016699872818200144,0.00791585663604364,0.01742773744520734,0.00826086956521739
26529,31,Pittsburgh,PA,Allegheny County,Pittsburgh,1578.0108959195557,243354.84534428956,216700.0,4200399999,53650.0,998.0,1068.0,1280.0,1632.0,1759.0,0.0064844030275503384,0.007282006903182075,0.007228128116830512,0.008117212736502077
23429,32,Albuquerque,NM,Bernalillo County,Albuquerque,1589.99360349085,342911.47362162574,268500.0,3500199999,45700.0,913.0,1084.0,1331.0,1865.0,2209.0,0.004636746582720868,0.005921763886371881,0.006441895853381236,0.008227188081936685
32811,33,Memphis,TN,Shelby County,Memphis,1338.1979306111186,145002.3954160567,229700.0,4704199999,37450.0,710.0,714.0,937.0,1129.0,1573.0,0.009228798784816037,0.005825850808058854,0.010848096650311029,0.006848062690465825
18203,34,Fresno,CA,Fresno County,Fresno,2020.9431677786013,389954.0091185837,362600.0,0601999999,46950.0,1210.0,1217.0,1505.0,2109.0,2415.0,0.0051825167084358385,0.0055734781240446805,0.00619303800840167,0.00666023166023166
3523,35,Baltimore,MD,Baltimore City,Baltimore,1790.8684322821016,189391.19680029748,,2451099999,65150.0,1407.0,1604.0,1965.0,2529.0,2826.0,0.00945592225266137,,0.014921496076609413,
40152,36,Omaha,NE,Douglas County,Omaha,1443.417208849438,293272.4410749906,245800.0,3100199999,46200.0,662.0,756.0,907.0,1192.0,1203.0,0.004921762179762238,0.005872323876523345,0.0041019878839975606,0.004894222945484134
37211,37,Atlanta,GA,Fulton County,Atlanta,1936.70705527832,396813.2790049274,431200.0,1304999999,38100.0,717.0,721.0,905.0,1107.0,1300.0,0.00488065081928438,0.004491435656953432,0.0032761000419642143,0.0030148423005565863
5976,38,Milwaukee,WI,Milwaukee County,Milwaukee,1416.0265540555447,222274.71547760963,216500.0,5506199999,53500.0,841.0,918.0,1147.0,1521.0,1554.0,0.006370614628896849,0.006540538355914756,0.006991348506108149,0.007177829099307159
33225,39,Oklahoma City,OK,Oklahoma County,Oklahoma City,1296.162034386084,205970.28225358145,207800.0,4010999999,48850.0,886.0,961.0,1180.0,1575.0,1719.0,0.0062929565382170375,0.006237545882512435,0.008345864176093344,0.00827237728585178
54047,40,Raleigh,NC,Wake County,Raleigh,1688.715094922841,443819.65263136855,422800.0,3700999999,38200.0,713.0,717.0,930.0,1228.0,1233.0,0.0038049579033073333,0.003994122741066322,0.002778155479798267,0.0029162724692526018
19331,41,Mesa,AZ,Maricopa County,Mesa,1674.873834422658,436599.8766880979,414700.0,0401399999,56100.0,1530.0,1679.0,1950.0,2624.0,2934.0,0.0038361756927823626,0.004038760150524857,0.006720111838455734,0.007074993971545695
4172,42,Colorado Springs,CO,El Paso County,Colorado Springs,1856.2768510850397,455746.5255309685,431000.0,0802999999,51000.0,810.0,816.0,1039.0,1421.0,1745.0,0.004073046632494631,0.004306906847065057,0.003828882728106339,0.004048723897911833
17222,43,Buffalo,NY,Erie County,Buffalo,1404.586078355929,245049.3051409641,217400.0,3602599999,44250.0,808.0,812.0,935.0,1310.0,1314.0,0.005731850892406912,0.006460837526936196,0.005362186190424512,0.006044158233670653
18795,44,Kansas City,MO,Jackson County,Kansas City,1447.0257022237663,251607.1044836141,213300.0,2900599999,38550.0,615.0,628.0,824.0,993.0,1190.0,0.00575113212798013,0.006783992978076729,0.00472959617909954,0.005578996718237224
832063,45,Rochester,NY,Monroe County,Rochester,1452.2986898625431,239538.1680068157,197100.0,3600799999,47250.0,869.0,939.0,1188.0,1533.0,1752.0,0.006062911401331333,0.007368334296613613,0.007314074473301264,0.008888888888888889
4099,46,Cincinnati,OH,Hamilton County,Cincinnati,1475.754260896918,251158.49378759216,225700.0,3902199999,46800.0,661.0,720.0,905.0,1194.0,1262.0,0.005875788784372077,0.006538565622051032,0.005024715592805271,0.005591493132476739
46298,47,Long Beach,CA,Los Angeles County,Long Beach,2369.77983407525,841325.6473514956,783300.0,0603799999,75750.0,1856.0,2081.0,2625.0,3335.0,3698.0,0.0028167212559552283,0.0030253795915680458,0.004395444274926544,0.004721051959657858
41515,48,Virginia Beach,VA,Virginia Beach City,Virginia Beach,2113.5633549235968,417186.5149089785,,5181099999,53250.0,1475.0,1483.0,1696.0,2361.0,2809.0,0.005066231240443457,,0.0067331994194799565,
3506,49,Bakersfield,CA,Kern County,Bakersfield,2065.5255326832794,397703.2259128722,310600.0,0602199999,46950.0,841.0,935.0,1227.0,1631.0,2060.0,0.005193635349429601,0.006650114400139341,0.005179741741524872,0.006632324533161623
41176,50,Tampa,FL,Hillsborough County,Tampa,2180.463782598993,375673.4644815394,333300.0,1205799999,52150.0,1566.0,1686.0,1978.0,2533.0,3082.0,0.00580414638975956,0.006542045552352214,0.008203933179718766,0.009246924692469247
13072,51,Oakland,CA,Alameda County,Oakland,2577.728730085579,725530.7384895108,1057400.0,0600199999,79900.0,1937.0,2201.0,2682.0,3432.0,4077.0,0.0035528870016619508,0.002437799063822186,0.005619334624592121,0.0038556837526007187
20859,52,Tulsa,OK,Tulsa County,Tulsa,1324.6861334596856,214486.64474823675,213500.0,4014199999,37100.0,678.0,822.0,910.0,1275.0,1312.0,0.0061760774663364,0.006204618892082837,0.0061169309704108546,0.00614519906323185
5983,53,Minneapolis,MN,Hennepin County,Minneapolis,1652.2899621337456,335147.6697986846,376500.0,2705399999,66200.0,1220.0,1381.0,1685.0,2244.0,2513.0,0.004930035656002734,0.004388552356264929,0.0074981872960939895,0.006674634794156706
16846,54,Aurora,CO,Arapahoe County,Aurora,1926.174553501325,473824.78585338686,526000.0,0800599999,70050.0,1639.0,1789.0,2140.0,2794.0,3127.0,0.004065162083136215,0.00366192880893788,0.006599485914119257,0.005944866920152091
7204,55,Spring,TX,Harris County,Spring,1822.689755404929,370851.9084119297,255000.0,4800999999,44450.0,823.0,896.0,1102.0,1506.0,1709.0,0.004914872255100673,0.00714780296237227,0.00460830849521125,0.006701960784313726
18615,56,Honolulu,HI,Honolulu County,Honolulu,2592.666182038467,756252.9769427647,873000.0,1500399999,76000.0,1887.0,2052.0,2687.0,3765.0,4512.0,0.0034283054230339737,0.0029698352600669724,0.005966257505841832,0.005168384879725086
25428,57,Knoxville,TN,Knox County,Knoxville,1808.5017470759549,368587.96067298745,279700.0,4709399999,49700.0,1256.0,1264.0,1548.0,1989.0,2335.0,0.004906567604036487,0.006465862520829299,0.006334987164899887,0.008348230246692885
50763,58,Arlington,TX,Tarrant County,Arlington,1672.6840850723447,313908.6281293948,294100.0,4800799999,39700.0,969.0,976.0,1280.0,1670.0,1914.0,0.005328569956932995,0.005687467137274208,0.0060973156787873925,0.006507990479428766
44055,59,Baton Rouge,LA,East Baton Rouge Parish,Baton Rouge,1405.985166804522,229310.42183577383,,2203399999,45850.0,1063.0,1081.0,1222.0,1528.0,2023.0,0.0061313618262472695,,0.008822102300473809,
19594,60,New Orleans,LA,Orleans Parish,New Orleans,1698.5864354910289,244689.83662634325,,2200399999,33000.0,666.0,783.0,903.0,1119.0,1318.0,0.006941793982579166,,0.005386410887235455,
7929,61,Wichita,KS,Sedgwick County,Wichita,1115.2055057618438,201526.35022304967,190700.0,2017399999,46900.0,690.0,760.0,995.0,1305.0,1594.0,0.0055337949827778486,0.0058479575551224116,0.007909635629463632,0.008358678552700578
24115,62,Cleveland,OH,Cuyahoga County,Cleveland,1410.1675182707793,117722.21359153977,183200.0,3903599999,49700.0,881.0,995.0,1208.0,1553.0,1667.0,0.011978771679945054,0.0076974209512597125,0.014160454082047611,0.00909934497816594
47401,63,Riverside,CA,Riverside County,Riverside,2488.733319953617,650496.5443791704,510300.0,0606599999,55950.0,1776.0,1852.0,2306.0,3079.0,3745.0,0.0038258978336754234,0.004877000431028056,0.00575714049883878,0.007338820301783264
16764,64,Anaheim,CA,Orange County,Anaheim,2798.160444665671,933187.6888289168,915500.0,0600399999,57700.0,1003.0,1101.0,1445.0,2025.0,2396.0,0.0029984969563595087,0.003056428667029679,0.002567543516360366,0.002617149098853086
48215,65,Vancouver,WA,Clark County,Vancouver,1891.8065181829732,510189.9640953082,487900.0,5300799999,48250.0,1020.0,1134.0,1488.0,2065.0,2444.0,0.0037080433785827392,0.0038774472600593833,0.004790372551396245,0.005009223201475712
7266,67,Stockton,CA,San Joaquin County,Stockton,2178.118652589241,440748.97464400646,494500.0,0607799999,52300.0,1248.0,1363.0,1736.0,2433.0,2915.0,0.004941857560414088,0.004404688882890274,0.006613741988519541,0.005894843276036401
12562,68,Marietta,GA,Cobb County,Marietta,1920.474213559024,477166.4359840367,373700.0,1300599999,38100.0,629.0,715.0,905.0,1268.0,1300.0,0.004024747066709597,0.005139080046986952,0.0027244162664523427,0.0034787262510034785
4174,69,Columbia,SC,Richland County,Columbia,1562.6899846690612,227418.12220998583,224200.0,4502799999,35600.0,707.0,711.0,933.0,1244.0,1453.0,0.006871440013149683,0.006970071296472174,0.006389112643619389,0.0064808206958073145
11722,70,Greensboro,NC,Guilford County,Greensboro,1544.4046262827342,261615.034623196,234900.0,3708199999,42800.0,999.0,1039.0,1150.0,1463.0,1646.0,0.005903348133287291,0.006574732338368387,0.006291687335059825,0.007007237122179651
18170,71,Fort Wayne,IN,Allen County,Fort Wayne,1252.6119307832423,242205.2752539792,194300.0,1800399999,45000.0,943.0,991.0,1199.0,1512.0,1632.0,0.005171695494533467,0.006446793261879785,0.006738086106046478,0.008399382398353063
25574,72,Lexington,KY,Fayette County,Lexington,1508.610016325155,323352.6907053136,272100.0,2106799999,51200.0,799.0,982.0,1165.0,1583.0,1781.0,0.004665524857809276,0.005544322000459959,0.005507917673779646,0.006545387725101066
19533,73,Naples,FL,Collier County,Naples,2864.5871242925764,556257.9582213011,486800.0,1202199999,56800.0,1362.0,1596.0,1860.0,2453.0,2662.0,0.005149745872315111,0.005884525727799047,0.004785549511079449,0.005468364831552999
11867,74,Henderson,NV,Clark County,Henderson,1898.4154841260104,494576.30879978655,400800.0,3200399999,51000.0,1316.0,1476.0,1750.0,2452.0,2841.0,0.0038384683017530534,0.004736565579156713,0.0057443107351712805,0.007088323353293413
38025,75,Corpus Christi,TX,Nueces County,Corpus Christi,1433.945254991909,222638.903571271,194700.0,4802599999,40400.0,844.0,849.0,1114.0,1421.0,1513.0,0.006440676952637236,0.0073648960194756495,0.0067957575056762694,0.007770929635336415
6891,76,Saint Louis,MO,Saint Louis City,Saint Louis,1345.4718376402473,185398.8266014316,260700.0,2951099999,55700.0,951.0,984.0,1215.0,1570.0,1806.0,0.007257175583601337,0.005160996692137504,0.00974116197554216,0.006927502876869966
47568,77,Santa Ana,CA,Orange County,Santa Ana,2788.924163449163,851184.4853968007,915500.0,0600399999,57700.0,1003.0,1101.0,1445.0,2025.0,2396.0,0.0032765213784988543,0.0030463398836145968,0.002814900930534519,0.002617149098853086
24457,78,Durham,NC,Durham County,Durham,1745.500110692192,407634.1992406579,351700.0,3706399999,57800.0,1548.0,1637.0,1872.0,2334.0,2807.0,0.0042820256836735345,0.004963036993722468,0.006886075813140525,0.007981234006255332
7081,79,Silver Spring,MD,Montgomery County,Silver Spring,2051.6667747132187,554627.4441797307,615200.0,2403199999,81950.0,2012.0,2056.0,2314.0,2893.0,3413.0,0.0036991800464319657,0.0033349589966079627,0.006153680341310327,0.00554778933680104
20313,80,Saint Paul,MN,Ramsey County,Saint Paul,1534.9538145938457,297917.55092550855,304900.0,2710199999,50450.0,640.0,782.0,933.0,1307.0,1567.0,0.0051522772318225935,0.005034286043272698,0.00525984452789696,0.005139389963922597
20604,81,Spokane,WA,Spokane County,Spokane,1556.8384535998348,405050.5775050512,370500.0,5304599999,50100.0,955.0,961.0,1261.0,1767.0,1917.0,0.0038435655694884674,0.00420199312712506,0.004732742295562075,0.005174089068825911
12970,82,Newark,NJ,Essex County,Newark,2225.759405212274,485002.5963084285,494400.0,3401399999,67650.0,1551.0,1768.0,2140.0,2695.0,3065.0,0.004589170083116097,0.004501940544523208,0.00631955379894682,0.006199433656957929
13478,83,Reno,NV,Washoe County,Reno,2007.1424453702248,566164.2337435426,496600.0,3202999999,55250.0,1181.0,1370.0,1722.0,2384.0,2788.0,0.0035451593826384435,0.004041768919392317,0.004924366171217538,0.005614176399516713
26922,84,Saint Petersburg,FL,Pinellas County,Saint Petersburg,2163.6318023227445,357370.7277276471,319000.0,1210399999,52150.0,1566.0,1686.0,1978.0,2533.0,3082.0,0.006054306171297982,0.006782544834867538,0.00862409750120552,0.009661442006269592
52650,85,Irvine,CA,Orange County,Irvine,3748.693345862057,1570385.9634351302,915500.0,0600399999,57700.0,1003.0,1101.0,1445.0,2025.0,2396.0,0.0023871159276424012,0.0040946950801333225,0.0015257395670799847,0.002617149098853086
32503,86,Lincoln,NE,Lancaster County,Lincoln,1307.9985304125405,289467.90296232194,258900.0,3100799999,45150.0,622.0,691.0,907.0,1129.0,1204.0,0.004518630622002999,0.005052138008545927,0.004159355796199334,0.004650444186944766
34303,87,Toledo,OH,Lucas County,Toledo,1174.7721581644537,128601.78901106962,155200.0,3908599999,49700.0,881.0,995.0,1208.0,1553.0,1667.0,0.009134959686006647,0.007569408235595707,0.012962494634164927,0.010740979381443298
17384,88,Chandler,AZ,Maricopa County,Chandler,1991.0159405274444,526221.564019624,414700.0,0401399999,56100.0,1530.0,1679.0,1950.0,2624.0,2934.0,0.0037836076600866833,0.004801099446654074,0.005575598190215148,0.007074993971545695
47945,89,Tallahassee,FL,Leon County,Tallahassee,1536.8292272576311,292962.9233348566,279800.0,1201399999,38100.0,811.0,843.0,933.0,1242.0,1247.0,0.005245814759641225,0.005492599096703471,0.004256511321655127,0.004456754824874911
25320,90,Jersey City,NJ,Hudson County,Jersey City,3402.439690698306,652561.4928637198,508600.0,3401799999,67000.0,1999.0,2029.0,2299.0,2822.0,3218.0,0.005213975583767502,0.00668981457077921,0.004931336027625589,0.006327172630751081
53915,91,Plano,TX,Collin County,Plano,1870.7249152388752,511772.3452812151,447600.0,4805999999,43650.0,944.0,950.0,1207.0,1571.0,1899.0,0.0036553849235658204,0.004179456915189623,0.003710634264453101,0.004242627345844504
53060,92,Lubbock,TX,Lubbock County,Lubbock,1397.4206313267443,206965.775668917,199600.0,4830399999,40750.0,832.0,1007.0,1192.0,1658.0,1947.0,0.00675194063757767,0.007001105367368458,0.009407352465436674,0.009754509018036072
25934,93,Modesto,CA,Stanislaus County,Modesto,2066.560784313725,448629.0776703093,426600.0,0609999999,49250.0,1130.0,1209.0,1566.0,2194.0,2549.0,0.004606390640225976,0.004844258753665553,0.005681753873905653,0.005975152367557431
18800,94,Katy,TX,Harris County,Katy,2080.5062971600933,347989.2246968846,255000.0,4800999999,44450.0,823.0,896.0,1102.0,1506.0,1709.0,0.005978651491213025,0.008158848224157229,0.004911071604267694,0.006701960784313726
5573,95,Lawrenceville,GA,Gwinnett County,Lawrenceville,2046.5547241455129,388806.7908958967,345700.0,1313599999,57100.0,1591.0,1653.0,1830.0,2205.0,2653.0,0.005263680501644014,0.0059200310215374976,0.006823440490550338,0.007674284061324848
51405,96,Chula Vista,CA,San Diego County,Chula Vista,3159.779870935716,840373.708875591,791600.0,0606999999,66800.0,1799.0,1999.0,2623.0,3655.0,4046.0,0.0037599699247653287,0.003991637027457954,0.004814524725450413,0.005111167256189995
3737,97,Boise,ID,Ada County,Boise,1835.8430691673584,496045.989945636,476000.0,1600199999,53500.0,1300.0,1534.0,1838.0,2575.0,3080.0,0.003700953351862711,0.0038568131705196606,0.0062091017011095114,0.006470588235294118
6752,98,Richmond,VA,Richmond City,Richmond,1630.2260963599797,367330.7073036546,,5176099999,56750.0,1488.0,1545.0,1711.0,2166.0,2677.0,0.004438033804269869,,0.007287710901302496,
4888,99,Gilbert,AZ,Maricopa County,Gilbert,2177.3374084941447,573168.3735590483,414700.0,0401399999,56100.0,1530.0,1679.0,1950.0,2624.0,2934.0,0.0037987745118840434,0.005250391628874234,0.005118914677342603,0.007074993971545695
41760,100,Winston-Salem,NC,Forsyth County,Winston-Salem,1686.7799713492705,259599.2969742849,227800.0,3701399999,39100.0,759.0,763.0,930.0,1245.0,1562.0,0.0064976291962622595,0.007404653078793988,0.006016965447154994,0.0068568920105355575
398849,101,Madison,WI,Dane County,Madison,1585.7406518329826,427750.7437883794,366100.0,5500199999,46400.0,676.0,729.0,933.0,1165.0,1237.0,0.0037071604780598445,0.004331441277883045,0.002891871067352204,0.003378858235454794
52893,102,Laredo,TX,Webb County,Laredo,1298.7012987012988,215302.26678106797,178900.0,4802599999,40400.0,844.0,849.0,1114.0,1421.0,1513.0,0.006031990829069602,0.007259370031868635,0.007027329635774376,0.008457238680827277
26187,103,North Las Vegas,NV,Clark County,North Las Vegas,1938.4035621681776,413442.63929871935,400800.0,3200399999,51000.0,1316.0,1476.0,1750.0,2452.0,2841.0,0.00468844617830443,0.004836336232954535,0.006871569910686761,0.007088323353293413
20328,104,San Bernardino,CA,San Bernardino County,San Bernardino,2026.7600540906017,490641.35567238624,475000.0,0606999999,66800.0,1799.0,1999.0,2623.0,3655.0,4046.0,0.004130838199142595,0.0042668632717696876,0.008246349300203747,0.008517894736842105
25483,105,Lakeland,FL,Polk County,Lakeland,1812.3266031324708,315627.5461182056,240000.0,1206999999,52700.0,1636.0,1727.0,1958.0,2486.0,2960.0,0.005741978561192301,0.007551360846385295,0.009378142169161151,0.012333333333333333
31614,106,Fort Myers,FL,Lee County,Fort Myers,1869.4730037604816,322685.592675787,326300.0,1201999999,51250.0,1381.0,1454.0,1730.0,2163.0,2739.0,0.005793481476065786,0.0057293073973658645,0.008488138491983944,0.008394115844315047
12065,107,Irving,TX,Dallas County,Irving,1708.334561330145,343468.6469611023,277900.0,4805999999,43650.0,944.0,950.0,1207.0,1571.0,1899.0,0.004973771482331583,0.00614729960896058,0.0055288889300427494,0.006833393306944944
32900,108,Mobile,AL,Mobile County,Mobile,1372.8865406082386,198250.13408396608,176600.0,0101399999,36100.0,600.0,684.0,809.0,975.0,1089.0,0.006925022002894443,0.007773989471167829,0.005493060597572001,0.00616647791619479
18298,109,Glendale,AZ,Maricopa County,Glendale,1638.4766243618285,409884.3401415907,414700.0,0401399999,56100.0,1530.0,1679.0,1950.0,2624.0,2934.0,0.003997412108488536,0.003950992583462331,0.0071581168458069834,0.007074993971545695
53856,110,Pensacola,FL,Escambia County,Pensacola,1722.5756387403446,264717.9391584639,234200.0,1202399999,38300.0,815.0,820.0,1076.0,1305.0,1427.0,0.00650721157854431,0.007355147902392591,0.005390643356231999,0.006093082835183603
23482,111,Anchorage,AK,Anchorage Borough,Anchorage,1671.5391843971631,407428.2918646824,,,,,,,,,0.004102658597288391,,,
44564,112,Chesapeake,VA,Chesapeake City,Chesapeake,2056.099593495935,417272.0318699591,,5155099999,53250.0,1475.0,1483.0,1696.0,2361.0,2809.0,0.004927480004547032,,0.006731819497730948,
20362,113,Sarasota,FL,Sarasota County,Sarasota,2344.617491645781,420610.777244731,373100.0,1211599999,53800.0,1266.0,1580.0,1846.0,2425.0,2903.0,0.005574316252675506,0.006284153019688504,0.006901867848029246,0.0077807558295363176
52001,114,Fayetteville,NC,Cumberland County,Fayetteville,1506.3359031708549,220953.19450923597,183700.0,3704599999,38300.0,705.0,709.0,930.0,1303.0,1397.0,0.006817443425140835,0.008199977698262683,0.006322606030217883,0.007604790419161677
10417,115,Birmingham,AL,Jefferson County,Birmingham,1355.8923992673992,136346.45512566486,224900.0,0107399999,47950.0,998.0,1144.0,1267.0,1583.0,1791.0,0.009944463888098371,0.006028867938049797,0.01313565503664404,0.007963539350822588
25104,116,Hialeah,FL,Miami-Dade County,Hialeah,2512.671238893881,446074.05640202406,425400.0,1208699999,61950.0,1711.0,1898.0,2329.0,3008.0,3527.0,0.005632856703572415,0.005906608460023227,0.007906758865216974,0.008291020216267042
18251,117,Garland,TX,Dallas County,Garland,1667.4147757697456,293543.139922784,277900.0,4805999999,43650.0,944.0,950.0,1207.0,1571.0,1899.0,0.005680305716591967,0.006000053169376559,0.006469236516648042,0.006833393306944944
18847,118,Kissimmee,FL,Osceola County,Kissimmee,2137.5699797037614,367811.1523855436,317600.0,1201999999,51250.0,1381.0,1454.0,1730.0,2163.0,2739.0,0.005811596428873743,0.006730384067077335,0.007446756255854229,0.008624055415617128
30258,119,Arlington,VA,Arlington County,Arlington,2724.022373963128,820235.308033297,864800.0,5101399999,81950.0,2012.0,2056.0,2314.0,2893.0,3413.0,0.0033210254999807296,0.0031498871114282235,0.004161001076853731,0.003946577243293247
54346,120,Scottsdale,AZ,Maricopa County,Scottsdale,2071.3170334209617,831654.5516621912,414700.0,0401399999,56100.0,1530.0,1679.0,1950.0,2624.0,2934.0,0.0024905978441182243,0.004994736034292167,0.003527907102938286,0.007074993971545695
6210,121,Norfolk,VA,Norfolk City,Norfolk,1738.8885756822972,307928.714026874,,5171099999,53250.0,1475.0,1483.0,1696.0,2361.0,2809.0,0.005647049126865572,,0.009122241194287744,
53673,122,Ocala,FL,Marion County,Ocala,1656.616535073065,273679.58914079604,220800.0,1204799999,35600.0,806.0,811.0,933.0,1242.0,1247.0,0.0060531241671106465,0.00750279227841062,0.004556423092839684,0.005647644927536232
54311,123,Santa Clarita,CA,Los Angeles County,Santa Clarita,2930.5780225586936,806722.0207647855,783300.0,0603799999,75750.0,1856.0,2081.0,2625.0,3335.0,3698.0,0.0036326986832223305,0.0037413226382723014,0.004583982964161851,0.004721051959657858
11540,124,Fremont,CA,Alameda County,Fremont,3241.505629627934,1534182.1890031423,1057400.0,0600199999,79900.0,1937.0,2201.0,2682.0,3432.0,4077.0,0.0021128557304749772,0.003065543436379737,0.0026574418796043325,0.0038556837526007187
24741,125,Fontana,CA,San Bernardino County,Fontana,3072.06081871345,641859.1130963827,475000.0,0606999999,66800.0,1799.0,1999.0,2623.0,3655.0,4046.0,0.004786191791986202,0.006467496460449368,0.0063035640025141245,0.008517894736842105
7222,126,Springfield,MO,Greene County,Springfield,1268.0841877659204,240047.3333625612,203500.0,2907599999,40400.0,615.0,657.0,824.0,1155.0,1384.0,0.005282642260602159,0.006231371930053663,0.005765529575409374,0.006800982800982801
24960,127,Greenville,SC,Greenville County,Greenville,1638.2031492584083,325586.31466876995,273900.0,4500199999,36200.0,705.0,711.0,933.0,1232.0,1269.0,0.005031547935069102,0.005981026466806894,0.003897583967222323,0.004633077765607886
10477,128,Boca Raton,FL,Palm Beach County,Boca Raton,3050.832907233604,550339.4392081745,407300.0,1200199999,52000.0,1176.0,1308.0,1583.0,2016.0,2099.0,0.0055435476541952486,0.00749038278230691,0.003814009773713529,0.005153449545789344
11671,129,Grand Rapids,MI,Kent County,Grand Rapids,1658.4449307724624,304039.66049432993,265700.0,2604199999,40950.0,640.0,711.0,933.0,1231.0,1567.0,0.005454699324673766,0.006241794997261808,0.0051539328699823465,0.005897628904779827
44282,130,Bradenton,FL,Manatee County,Bradenton,1986.588735186382,358639.05236593966,359800.0,1208199999,53800.0,1266.0,1580.0,1846.0,2425.0,2903.0,0.0055392426510188116,0.0055213694696675435,0.008094489378245136,0.008068371317398555
52998,131,Little Rock,AR,Pulaski County,Little Rock,1234.5508812029211,215709.56862706615,199600.0,0501999999,36500.0,699.0,721.0,848.0,1181.0,1334.0,0.0057232087063198355,0.006185124655325256,0.0061842411928712945,0.0066833667334669335
24821,132,Gainesville,FL,Alachua County,Gainesville,1652.8086538888265,302061.10673143255,266800.0,1200199999,52000.0,1176.0,1308.0,1583.0,2016.0,2099.0,0.00547176917867273,0.006194934984590804,0.006948925079143854,0.007867316341829085
33501,133,Port Saint Lucie,FL,Saint Lucie County,Port Saint Lucie,2460.291386514931,389031.9933550842,305800.0,1211199999,47350.0,1311.0,1363.0,1624.0,2259.0,2457.0,0.006324136391192203,0.00804542637840069,0.006315675939169875,0.008034663178548071
27362,134,Tacoma,WA,Pierce County,Tacoma,1811.6276639298287,495526.163200432,484400.0,5305399999,60400.0,1479.0,1673.0,2057.0,2882.0,3292.0,0.0036559677338309495,0.003739941502745311,0.006643443362784543,0.006796036333608588
14701,135,Woodbridge,VA,Prince William County,Woodbridge,2334.349430345333,505806.2413303566,500600.0,5110199999,56750.0,1488.0,1545.0,1711.0,2166.0,2677.0,0.004615106022032461,0.004663103136926355,0.005292540465611958,0.005347582900519377
16753,136,Amarillo,TX,Randall County,Amarillo,1313.2632963326537,201662.0936800808,227500.0,4800799999,39700.0,969.0,976.0,1280.0,1670.0,1914.0,0.006512197073665369,0.00577258591794573,0.009491124311326414,0.008413186813186813
17759,137,Des Moines,IA,Polk County,Des Moines,1136.5499164578112,211280.2880867511,248400.0,1911199999,46000.0,632.0,702.0,921.0,1216.0,1221.0,0.005379346680894088,0.004575482755466228,0.005779053081841032,0.004915458937198068
47584,138,Savannah,GA,Chatham County,Savannah,1841.7961114955583,332575.9950538388,273300.0,1304799999,47750.0,1231.0,1284.0,1426.0,1796.0,1942.0,0.005537970686060491,0.006739100298190847,0.00583926690104504,0.0071057446030003656
13150,139,Oxnard,CA,Ventura County,Oxnard,3070.965700483092,762575.7028725186,768400.0,0611199999,74850.0,1871.0,2147.0,2569.0,3505.0,4080.0,0.00402709618063516,0.0039965717080727384,0.005350288482351584,0.005309734513274336
26967,140,Santa Rosa,CA,Sonoma County,Santa Rosa,2609.829144620812,721523.7267028969,779000.0,0601999999,46950.0,1210.0,1217.0,1505.0,2109.0,2415.0,0.0036171078621998884,0.003350229967420811,0.003347083277546088,0.0031001283697047496
12014,141,Huntsville,AL,Madison County,Huntsville,1358.5094392091842,282905.55773494765,267800.0,0100399999,46500.0,972.0,1043.0,1244.0,1550.0,1975.0,0.004801989222431476,0.00507285078121428,0.006981128316504706,0.007374906646751307
30141,142,Akron,OH,Summit County,Akron,1202.3903133903134,139571.4496816517,195700.0,3910999999,46900.0,780.0,845.0,1077.0,1390.0,1537.0,0.008614872999691868,0.006144048612111974,0.011012280831830156,0.007853857945835463
21320,143,Wilmington,NC,New Hanover County,Wilmington,1747.5144290632095,416592.7708512659,353700.0,3712999999,54150.0,1083.0,1427.0,1580.0,2087.0,2485.0,0.004194778573551187,0.004940668445188604,0.00596505790276233,0.007025728018094431
51167,144,Brownsville,TX,Cameron County,Brownsville,1635.5026455026457,190528.17920990655,120000.0,4800199999,39700.0,846.0,851.0,1033.0,1245.0,1563.0,0.008584045952073044,0.013629188712522047,0.008203510926738189,0.013025
34937,145,Yonkers,NY,Westchester County,Yonkers,2755.8106931983743,672450.7849016072,638400.0,3611999999,85000.0,2406.0,2511.0,2780.0,3465.0,3738.0,0.004098159679598863,0.004316746073305724,0.005558771115936675,0.005855263157894737
38438,146,Eugene,OR,Lane County,Eugene,1908.143607305936,479748.3009023278,395800.0,4100199999,43000.0,669.0,809.0,940.0,1317.0,1579.0,0.003977384815573148,0.004820979300924548,0.0032913092074118035,0.003989388580090955
24225,147,Corona,CA,Riverside County,Corona,2736.6418953643747,769172.5478550621,510300.0,0606599999,55950.0,1776.0,1852.0,2306.0,3079.0,3745.0,0.003557903753840224,0.005362809906651724,0.004868868513889921,0.007338820301783264
31184,148,Dayton,OH,Montgomery County,Dayton,1244.190502586844,134729.71963942752,167400.0,3911199999,42600.0,664.0,674.0,884.0,1168.0,1172.0,0.009234714552339514,0.00743244027829656,0.00869889734155599,0.007001194743130227
7353,149,Syracuse,NY,Onondaga County,Syracuse,1581.6984126984123,213940.1204145559,185300.0,3606399999,50500.0,968.0,1001.0,1176.0,1438.0,1625.0,0.007393182772981173,0.00853587918347767,0.007595583272792435,0.008769562871019968
32931,150,Montgomery,AL,Montgomery County,Montgomery,1338.4144917922797,147462.25307975954,160100.0,0109999999,36100.0,578.0,687.0,772.0,1088.0,1199.0,0.00907631928740677,0.008359865657665708,0.008130894347257014,0.007489069331667707
10071,151,Alexandria,VA,Fairfax County,Alexandria,2364.727295311823,672912.8970052489,699700.0,5160099999,81950.0,2012.0,2056.0,2314.0,2893.0,3413.0,0.003514165512112896,0.0033796302634154967,0.005071978877488177,0.0048778047734743465
6285,152,Oceanside,CA,San Diego County,Oceanside,2996.3903716796776,864267.0178626319,791600.0,0606999999,66800.0,1799.0,1999.0,2623.0,3655.0,4046.0,0.003466972949042849,0.0037852329101562376,0.0046814235836581215,0.005111167256189995
41279,153,Trenton,NJ,Mercer County,Trenton,2213.059757236228,356714.0859407687,351000.0,3400399999,68550.0,1556.0,1807.0,2072.0,2550.0,3225.0,0.006204015609307057,0.006305013553379567,0.009040854082043458,0.009188034188034188
25981,154,Moreno Valley,CA,Riverside County,Moreno Valley,2493.053135899237,553922.7545045484,510300.0,0606599999,55950.0,1776.0,1852.0,2306.0,3079.0,3745.0,0.004500723459409296,0.004885465678814887,0.006760870481570457,0.007338820301783264
40897,155,Shreveport,LA,Caddo Parish,Shreveport,1268.683585816476,137654.1204933814,,2200199999,34600.0,619.0,688.0,903.0,1088.0,1197.0,0.009216459204194153,,0.008695707732610542,
14667,156,Wilmington,DE,New Castle County,Wilmington,1820.3132168458783,325882.5057187331,329800.0,1000399999,59700.0,1372.0,1512.0,1802.0,2171.0,2468.0,0.005585796061163767,0.005519445775760698,0.0075732816481106635,0.007483323226197695
19523,157,Murfreesboro,TN,Rutherford County,Murfreesboro,1750.8653645024333,427693.52887796937,346400.0,4700399999,39250.0,811.0,915.0,1013.0,1350.0,1352.0,0.004093738264162502,0.005054461213921575,0.0031611420531587144,0.003903002309468822
7858,158,West Palm Beach,FL,Palm Beach County,West Palm Beach,2336.2608411609585,395400.1564587937,407300.0,1200199999,52000.0,1176.0,1308.0,1583.0,2016.0,2099.0,0.005908598676552194,0.0057359706387452945,0.005308546204934913,0.005153449545789344
14724,159,Worcester,MA,Worcester County,Worcester,2179.7907732293697,436839.9407331592,390700.0,2502701885,62350.0,1139.0,1332.0,1661.0,2165.0,2475.0,0.004989907217666437,0.005579193174377706,0.005665690723806406,0.006334783721525467
4764,160,Fort Collins,CO,Larimer County,Fort Collins,2012.776958808564,564751.7383352008,532200.0,0804599999,52800.0,1211.0,1219.0,1599.0,2241.0,2463.0,0.003564003122401913,0.003781993534025862,0.004361208355481182,0.004627959413754228
6909,161,Salt Lake City,UT,Salt Lake County,Salt Lake City,1695.2505720488657,565662.4645238741,484500.0,4903599999,61350.0,1243.0,1453.0,1748.0,2348.0,2670.0,0.0029969295796845588,0.0034989691889553472,0.00472012934824547,0.005510835913312693
30381,162,Beaverton,OR,Washington County,Beaverton,2004.8884533971,543207.2698758828,558500.0,4106599999,45650.0,1297.0,1305.0,1599.0,2241.0,2684.0,0.003690835091097356,0.0035897734170046553,0.0049410237101820565,0.00480572963294539
54288,163,Salinas,CA,Monterey County,Salinas,2361.9390838206627,741089.7128699966,723100.0,0604799999,46950.0,1071.0,1227.0,1509.0,2081.0,2534.0,0.0031871162732426146,0.0032664072518609638,0.003419289130578607,0.0035043562439496614
18208,164,Frisco,TX,Collin County,Frisco,1936.6704290213409,672035.102803741,447600.0,4805999999,43650.0,944.0,950.0,1207.0,1571.0,1899.0,0.0028817995085993597,0.004326788268591021,0.0028257452506235793,0.004242627345844504
32783,165,McKinney,TX,Collin County,McKinney,2000.684900948252,497766.0335413572,447600.0,4805999999,43650.0,944.0,950.0,1207.0,1571.0,1899.0,0.004019327889278375,0.004469805408731573,0.0038150453667751528,0.004242627345844504
7087,166,Sioux Falls,SD,Minnehaha County,Sioux Falls,1229.3876108156028,335526.0419320446,266600.0,4609799999,49850.0,598.0,665.0,872.0,1134.0,1360.0,0.003664060183634257,0.004611356379653424,0.0040533366416769705,0.005101275318829707
45457,167,Glendale,CA,Los Angeles County,Glendale,2867.992350353796,1179933.4850537947,783300.0,0603799999,75750.0,1856.0,2081.0,2625.0,3335.0,3698.0,0.002430639003539289,0.003661422635457419,0.0031340749684982483,0.004721051959657858
6696,168,Reading,PA,Berks County,Reading,1435.7186819172111,262195.4240723175,239700.0,4200799999,53650.0,998.0,1068.0,1280.0,1632.0,1759.0,0.005475757965635655,0.0059896482349487325,0.006708736455731741,0.007338339591155612
5534,169,Lancaster,CA,Los Angeles County,Lancaster,2694.272762345679,473082.9263617949,783300.0,0603799999,75750.0,1856.0,2081.0,2625.0,3335.0,3698.0,0.005695138446584325,0.003439643511229004,0.00781681137478193,0.004721051959657858
25218,170,Huntington Beach,CA,Orange County,Huntington Beach,3110.341952861953,1322521.342621305,915500.0,0600399999,57700.0,1003.0,1101.0,1445.0,2025.0,2396.0,0.0023518274167864056,0.0033974243067853116,0.0018116909896145838,0.002617149098853086
30742,171,Cape Coral,FL,Lee County,Cape Coral,2116.511830316788,348259.1400639238,326300.0,1201999999,51250.0,1381.0,1454.0,1730.0,2163.0,2739.0,0.006077404974721689,0.006486398499285283,0.007864833065105629,0.008394115844315047
25482,172,Lake Worth Beach,FL,Palm Beach County,Lake Worth Beach,2481.135828730656,439031.4772903533,407300.0,1200199999,52000.0,1176.0,1308.0,1583.0,2016.0,2099.0,0.0056513848256255165,0.006091666655366207,0.004780978377575026,0.005153449545789344
18518,173,Hayward,CA,Alameda County,Hayward,2635.9539033441374,860787.2285971409,1057400.0,0600199999,79900.0,1937.0,2201.0,2682.0,3432.0,4077.0,0.003062259540769507,0.002492863536357232,0.004736362093387989,0.0038556837526007187
20317,174,Salem,OR,Marion County,Salem,1726.3813840155944,437061.7467304132,383300.0,4102599999,40700.0,640.0,711.0,933.0,1307.0,1567.0,0.00394997136429891,0.004503995262237398,0.0035853057645114646,0.004088181581007044
10843,175,Clarksville,TN,Montgomery County,Clarksville,1467.3930268851527,322545.1599925282,248300.0,4712399999,39800.0,661.0,736.0,899.0,1251.0,1285.0,0.004549418837719174,0.005909758465103314,0.003983938249235447,0.005175191300845751
31821,176,Grand Prairie,TX,Dallas County,Grand Prairie,1676.6391396074116,319232.1925352915,277900.0,4805999999,43650.0,944.0,950.0,1207.0,1571.0,1899.0,0.005252099189282287,0.006033246274226022,0.0059486481764838405,0.006833393306944944
4054,177,Charleston,SC,Charleston County,Charleston,2295.552441426498,584661.0064897047,450800.0,4501799999,46350.0,1063.0,1172.0,1298.0,1656.0,1991.0,0.003926296462302074,0.005092174892250439,0.0034053921467312007,0.00441659272404614
10215,178,Aurora,IL,Kane County,Aurora,2336.8199074074078,317141.2140656889,303000.0,1700799999,43300.0,810.0,900.0,1181.0,1561.0,1603.0,0.007368389234088593,0.007712276922136659,0.005054530691390913,0.0052904290429042905
40298,179,Peoria,AZ,Maricopa County,Peoria,1929.1534407109916,488030.8325454081,414700.0,0401399999,56100.0,1530.0,1679.0,1950.0,2624.0,2934.0,0.003952933528091171,0.0046519253453363675,0.006011915240472046,0.007074993971545695
38119,180,Cypress,TX,Harris County,Cypress,2092.620685563587,411390.9350628034,255000.0,4800999999,44450.0,823.0,896.0,1102.0,1506.0,1709.0,0.005086696150084408,0.008206355629661126,0.00415419945930287,0.006701960784313726
26637,181,Providence,RI,Providence County,Providence,2257.7227389932063,426145.90354537807,339100.0,4400711800,57150.0,1233.0,1319.0,1614.0,1945.0,2359.0,0.005298004087824801,0.006657985075179022,0.005535662739859712,0.006956649955765261
14634,182,Whittier,CA,Los Angeles County,Whittier,2500.244810744811,811540.3925995129,783300.0,0603799999,75750.0,1856.0,2081.0,2625.0,3335.0,3698.0,0.0030808630519746126,0.003191937713193937,0.004556766408329506,0.004721051959657858
40202,183,Overland Park,KS,Johnson County,Overland Park,1825.9866546708652,469288.83301105374,366000.0,2000399999,42550.0,625.0,711.0,872.0,1051.0,1251.0,0.003890965491241202,0.004989034575603457,0.0026657357090159733,0.003418032786885246
182023,184,Henrico,VA,Henrico County,Henrico,1757.1586414000203,400566.6271975341,333600.0,5108799999,56750.0,1488.0,1545.0,1711.0,2166.0,2677.0,0.004386682569373162,0.005267262114508454,0.006683033029308938,0.008024580335731415
40227,185,Palmdale,CA,Los Angeles County,Palmdale,2929.445833333333,507824.04244212265,783300.0,0603799999,75750.0,1856.0,2081.0,2625.0,3335.0,3698.0,0.00576862375252193,0.0037398772288182473,0.007282049865572219,0.004721051959657858
11529,186,Fredericksburg,VA,Stafford County,Fredericksburg,2040.4596736999883,479685.64346184256,458800.0,5101999999,44250.0,1043.0,1062.0,1200.0,1647.0,1785.0,0.0042537434703573745,0.004447383770052285,0.0037211870405748156,0.0038905841325196163
37837,187,Chattanooga,TN,Hamilton County,Chattanooga,1506.2871743471444,326577.11317533354,282100.0,4706399999,37800.0,820.0,825.0,1069.0,1402.0,1751.0,0.0046123476311655835,0.0053395504230668005,0.005361673948841353,0.006207018787663949
5201,188,Homestead,FL,Miami-Dade County,Homestead,2552.086726998492,448749.4592965436,425400.0,1208699999,61950.0,1711.0,1898.0,2329.0,3008.0,3527.0,0.0056871081939555415,0.005999263580156304,0.007859619497990926,0.008291020216267042
44821,189,Cumming,GA,Forsyth County,Cumming,2425.5836817034274,614310.003855526,493800.0,1311599999,39650.0,830.0,906.0,1189.0,1499.0,1732.0,0.003948468471097662,0.0049120771196910235,0.0028194234004486982,0.003507492912110166
31606,190,Fort Lauderdale,FL,Broward County,Fort Lauderdale,2715.682329534201,516037.15693963977,380400.0,1200399999,45750.0,901.0,952.0,1129.0,1523.0,1896.0,0.005262571295523689,0.007139017690678762,0.0036741540303884992,0.00498422712933754
17950,191,Elk Grove,CA,Sacramento County,Elk Grove,2702.069398552157,647448.8323446965,498900.0,0606799999,64300.0,1679.0,1777.0,2206.0,2992.0,3455.0,0.004173409949272404,0.005416054116159866,0.005336329030802215,0.006925235518139908
47426,192,Rockford,IL,Winnebago County,Rockford,1250.6715652768285,173489.75104827565,155100.0,1720199999,43300.0,810.0,900.0,1181.0,1561.0,1603.0,0.007208907487156482,0.008063646455685547,0.009239738891284394,0.010335267569310122
17539,193,Columbus,GA,Muscogee County,Columbus,1265.3435897435895,167529.93303190204,182300.0,1306999999,38100.0,722.0,727.0,905.0,1129.0,1322.0,0.007552940342324588,0.006940996103914369,0.007891127132177968,0.007251782775644542
31471,194,Evansville,IN,Vanderburgh County,Evansville,1032.6365914786968,197292.8745969464,172300.0,1816399999,45300.0,780.0,821.0,1054.0,1300.0,1473.0,0.005234028819278399,0.005993247774107352,0.007466057773293747,0.008549042367962856
11335,195,Erie,PA,Erie County,Erie,1100.1190476190477,199929.7424959221,169500.0,4201199999,49900.0,928.0,1075.0,1353.0,1689.0,1794.0,0.005502528207585154,0.006490377862059278,0.00897315215637109,0.010584070796460177
38328,196,Edmond,OK,Oklahoma County,Edmond,1699.3153521615798,353160.32744248706,207800.0,4010999999,48850.0,886.0,961.0,1180.0,1575.0,1719.0,0.004811739088780625,0.00817764847045996,0.004867477648037754,0.00827237728585178
41815,197,York,PA,York County,York,1357.694457716197,273582.7844632054,235000.0,4201199999,49900.0,928.0,1075.0,1353.0,1689.0,1794.0,0.004962645805291143,0.005777423224324242,0.006557430152339422,0.00763404255319149
13108,198,Ontario,CA,San Bernardino County,Ontario,2574.0915032679736,676422.4506404344,475000.0,0606999999,66800.0,1799.0,1999.0,2623.0,3655.0,4046.0,0.003805449539456937,0.005419140006879945,0.005981469119141834,0.008517894736842105
5424,199,Killeen,TX,Bell County,Killeen,1330.4947293447294,220922.2664114941,221100.0,4802599999,40400.0,844.0,849.0,1114.0,1421.0,1513.0,0.0060224564547356405,0.006017615239008275,0.006848562730122716,0.006843057440072365
16726,200,Allentown,PA,Lehigh County,Allentown,1803.4304653679656,308493.6846881252,276100.0,4200399999,53650.0,998.0,1068.0,1280.0,1632.0,1759.0,0.005845923449587506,0.00653180175794265,0.005701899543837595,0.006370880115900036
47958,201,Tempe,AZ,Maricopa County,Tempe,1751.0988575683698,469625.2009878529,414700.0,0401399999,56100.0,1530.0,1679.0,1950.0,2624.0,2934.0,0.0037287156947390116,0.004222567778076609,0.006247535255408684,0.007074993971545695
24832,202,Garden Grove,CA,Orange County,Garden Grove,2947.636696636697,982275.0436343557,915500.0,0600399999,57700.0,1003.0,1101.0,1445.0,2025.0,2396.0,0.0030008262102746977,0.003219701470930308,0.0024392353399664427,0.002617149098853086
11337,204,Escondido,CA,San Diego County,Escondido,2661.048842592593,840182.6283562257,791600.0,0606999999,66800.0,1799.0,1999.0,2623.0,3655.0,4046.0,0.0031672266871296765,0.003361607936574776,0.004815619680111445,0.005111167256189995
38333,205,El Cajon,CA,San Diego County,El Cajon,2492.595344344634,801061.1450968506,791600.0,0606999999,66800.0,1799.0,1999.0,2623.0,3655.0,4046.0,0.003111616834247119,0.0031488066502585073,0.005050800459821113,0.005111167256189995
40492,206,Rancho Cucamonga,CA,San Bernardino County,Rancho Cucamonga,2888.6936065050427,793683.3866085885,475000.0,0606999999,66800.0,1799.0,1999.0,2623.0,3655.0,4046.0,0.0036396044760977535,0.006081460224221143,0.005097750650027551,0.008517894736842105
26857,207,Round Rock,TX,Williamson County,Round Rock,1818.2488303558691,423003.3916491326,414600.0,4813999999,58650.0,1531.0,1606.0,1884.0,2361.0,3033.0,0.004298426126720154,0.004385549518465676,0.007170155275056929,0.007315484804630969
26140,208,Newport News,VA,Newport News City,Newport News,1507.5765136032237,289451.03816361615,,5170099999,53250.0,1475.0,1483.0,1696.0,2361.0,2809.0,0.005208399054872435,,0.00970457738836015,
44734,209,Conroe,TX,Montgomery County,Conroe,1706.5901830546609,320903.9438393829,317500.0,4833799999,42750.0,830.0,835.0,1096.0,1433.0,1639.0,0.005318071702817196,0.005375087190723341,0.005107447357581692,0.005162204724409449
30559,210,Boynton Beach,FL,Palm Beach County,Boynton Beach,2453.438386972864,402139.7326716462,407300.0,1200199999,52000.0,1176.0,1308.0,1583.0,2016.0,2099.0,0.006100959909316241,0.006023664097650047,0.005219578742083336,0.005153449545789344
11817,211,Harrisburg,PA,Dauphin County,Harrisburg,1378.4252671643978,263169.1314600198,222300.0,4204399999,52700.0,953.0,1114.0,1371.0,1763.0,1818.0,0.005237792363857863,0.006200743442035078,0.006908105027037289,0.008178137651821862
6792,212,Roanoke,VA,Roanoke County,Roanoke,1442.2709551656924,276479.525282928,267300.0,5103399999,54100.0,901.0,906.0,1119.0,1568.0,1859.0,0.005216556103710691,0.005395701291304498,0.006723825202237459,0.006954732510288066
8097,213,Ann Arbor,MI,Washtenaw County,Ann Arbor,2321.829572865155,526620.055259151,353000.0,2600799999,40950.0,640.0,745.0,933.0,1165.0,1567.0,0.0044089273655227145,0.006577420886303555,0.0029755798024609513,0.004439093484419263
4626,215,Everett,WA,Snohomish County,Everett,2009.7382590650936,659012.5957320782,644600.0,5306199999,78550.0,2238.0,2293.0,2671.0,3521.0,4104.0,0.00304962040495225,0.0031178067934612063,0.006227498573742713,0.006366739062984797
41114,216,Sugar Land,TX,Fort Bend County,Sugar Land,2173.051224270803,451808.6315855576,350300.0,4803399999,50950.0,766.0,786.0,976.0,1273.0,1459.0,0.004809671777727643,0.006203400583131039,0.003229243307901951,0.0041650014273479875
39931,217,Naperville,IL,DuPage County,Naperville,2298.922726677149,610522.2587908921,374100.0,1704399999,59950.0,1458.0,1560.0,1761.0,2262.0,2657.0,0.0037655019019782296,0.0061452091063275835,0.004352011678103353,0.007102379043036621
4655,218,Fairfax,VA,Fairfax County,Fairfax,2509.5088965331884,786197.3008067803,699700.0,5160099999,81950.0,2012.0,2056.0,2314.0,2893.0,3413.0,0.0031919581687166556,0.003586549802105457,0.004341149475453103,0.0048778047734743465
19892,219,Pembroke Pines,FL,Broward County,Pembroke Pines,2646.075695335901,496513.2245401901,380400.0,1200399999,45750.0,901.0,952.0,1129.0,1523.0,1896.0,0.005329315644686751,0.006956034950935597,0.0038186294066101536,0.00498422712933754
10210,220,Augusta,GA,Richmond County,Augusta,1348.8061276391952,173218.95118801456,163300.0,1303799999,38100.0,685.0,690.0,905.0,1195.0,1270.0,0.007786712241290388,0.008259682349290847,0.007331761284142185,0.007777097366809553
4521,221,Edinburg,TX,Hidalgo County,Edinburg,1078.34477124183,214639.05223314025,124000.0,4813199999,39700.0,732.0,752.0,933.0,1307.0,1395.0,0.005023991487208652,0.008696328800337338,0.006499283264094716,0.01125
41256,222,Topeka,KS,Shawnee County,Topeka,1238.6171274961598,200368.50885511335,170400.0,2001799999,42050.0,625.0,736.0,872.0,1090.0,1251.0,0.006181695589658777,0.007268879856198121,0.0062434960820345236,0.007341549295774648
5519,223,Lakewood,CO,Jefferson County,Lakewood,1884.313152066212,580513.3264902015,604400.0,0805999999,70050.0,1639.0,1789.0,2140.0,2794.0,3127.0,0.0032459429716434206,0.0031176590868071015,0.005386611912780577,0.005173726009265387
19360,224,Midland,TX,Midland County,Midland,1741.6836550754622,328430.255299044,293000.0,4811999999,43300.0,732.0,786.0,933.0,1274.0,1284.0,0.005303054840333194,0.005944312815957209,0.003909505836576736,0.004382252559726962
47250,225,Pueblo,CO,Pueblo County,Pueblo,1420.564668423364,292207.16145430127,271800.0,0810199999,51000.0,863.0,959.0,1258.0,1626.0,1790.0,0.004861498470308806,0.005226507242175733,0.006125791000779222,0.006585724797645328
21114,226,Visalia,CA,Tulare County,Visalia,1995.288111888112,395178.1674839303,303000.0,0603399999,46950.0,1053.0,1060.0,1390.0,1948.0,2334.0,0.005049084883894173,0.0065851092801587855,0.005906196728580434,0.007702970297029703
6286,227,Odessa,TX,Ector County,Odessa,1580.9442629562411,244826.07517377305,190500.0,4806999999,39700.0,732.0,750.0,933.0,1124.0,1395.0,0.006457417829510668,0.008298920015518326,0.00569792249052661,0.007322834645669292
51297,228,Cary,NC,Wake County,Cary,1822.8615481691857,632558.1030083789,422800.0,3700999999,38200.0,713.0,717.0,930.0,1228.0,1233.0,0.0028817298197586125,0.004311403850920496,0.0019492280537329037,0.0029162724692526018
40779,229,Schenectady,NY,Schenectady County,Schenectady,1461.75,319358.300785056,223100.0,3609399999,58050.0,1074.0,1230.0,1487.0,1792.0,1971.0,0.004577147349565309,0.006551994621246078,0.006171751274837164,0.008834603316898252
39312,230,Lafayette,LA,Lafayette Parish,Lafayette,1382.9554348740146,221660.9501944033,,2205599999,42350.0,740.0,930.0,1052.0,1322.0,1736.0,0.006239057595219732,,0.007831780918007777,
19873,231,Paterson,NJ,Passaic County,Paterson,1952.489743589744,525319.8237440463,439400.0,3400199999,50100.0,1240.0,1414.0,1719.0,2409.0,2654.0,0.0037167638747649155,0.004443536057327592,0.0050521603793370635,0.006040054619936276
41324,232,Tyler,TX,Smith County,Tyler,1427.3546658821851,254070.1819607714,220800.0,4811799999,39700.0,745.0,760.0,997.0,1201.0,1655.0,0.005617954278879406,0.006464468595480911,0.006513948182457448,0.007495471014492753
51447,233,Clearwater,FL,Pinellas County,Clearwater,2111.857195243334,346784.0457859136,319000.0,1210399999,52150.0,1566.0,1686.0,1978.0,2533.0,3082.0,0.006089833776687307,0.0066202419913584136,0.008887375406833641,0.009661442006269592
54626,234,Sunnyvale,CA,Santa Clara County,Sunnyvale,3639.035139485875,2015942.958273041,1382800.0,0608399999,88250.0,2381.0,2688.0,3028.0,4011.0,4468.0,0.0018051280293184767,0.0026316424208026284,0.00221633255130766,0.0032311252531096327
39191,235,Kansas City,KS,Wyandotte County,Kansas City,1339.3228088814978,201570.42972235256,152700.0,2020999999,55700.0,1074.0,1183.0,1346.0,1756.0,2078.0,0.0066444409069639325,0.00877094177394563,0.010309051793272862,0.01360838244924689
7221,236,Springfield,MA,Hampden County,Springfield,1849.753968253968,296808.86184884404,276300.0,2501300840,59800.0,1044.0,1205.0,1496.0,1823.0,2037.0,0.006232138611804633,0.00669473025064773,0.006863002631765704,0.007372421281216069
398300,237,Lansing,MI,Ingham County,Lansing,1399.18,165870.020404265,187500.0,2606599999,50400.0,870.0,905.0,1127.0,1465.0,1494.0,0.008435400180152285,0.007462293333333334,0.00900705260877622,0.007968
25514,238,Las Cruces,NM,Dona Ana County,Las Cruces,1492.5979008565216,290266.0279210668,205400.0,3501199999,40950.0,678.0,711.0,933.0,1227.0,1549.0,0.005142172205086328,0.0072667862748613515,0.005336483952649208,0.0075413826679649465
32626,239,Macon,GA,Bibb County,Macon,1256.8825258185016,169782.54197235007,165800.0,1302199999,38600.0,1014.0,1082.0,1252.0,1508.0,1660.0,0.007402896147138563,0.007580714872246692,0.009777212549157964,0.010012062726176116
32060,240,Hollywood,FL,Broward County,Hollywood,2502.8408921943023,450185.7255628148,380400.0,1200399999,45750.0,901.0,952.0,1129.0,1523.0,1896.0,0.005559574082597336,0.00657949761354969,0.004211595109173335,0.00498422712933754
32179,241,Jackson,MS,Hinds County,Jackson,1250.4271206690562,84213.75267735693,151200.0,2804999999,44550.0,1045.0,1051.0,1232.0,1484.0,1633.0,0.014848253176173519,0.008270020639345609,0.019391132066711413,0.01080026455026455
10918,242,Columbia,MO,Boone County,Columbia,1330.606173238526,319052.6316470556,254100.0,2901199999,38550.0,615.0,680.0,824.0,1155.0,1274.0,0.004170491139250271,0.005236545349226785,0.003993071592681086,0.005013774104683196
20008,243,Pomona,CA,Los Angeles County,Pomona,2544.558608058608,688114.6829688166,783300.0,0603799999,75750.0,1856.0,2081.0,2625.0,3335.0,3698.0,0.0036978699496431474,0.003248510925646123,0.005374104188629242,0.004721051959657858
13594,244,Roseville,CA,Placer County,Roseville,2601.8562034285983,653330.2338911603,658800.0,0600999999,50750.0,989.0,1086.0,1425.0,1997.0,2195.0,0.003982451857358934,0.003949387072599573,0.0033597098161626936,0.0033318154219793565
20555,245,South Bend,IN,Saint Joseph County,South Bend,1415.7919502419843,189073.44944087017,179800.0,1814199999,44000.0,751.0,936.0,1095.0,1350.0,1452.0,0.007488052682324133,0.007874260012469323,0.007679555243181252,0.008075639599555061
37074,246,Albany,NY,Albany County,Albany,1554.6830530318905,321097.6286194547,277400.0,3600199999,58050.0,1074.0,1230.0,1487.0,1792.0,1971.0,0.004841776813227126,0.005604481085190665,0.00613832001336861,0.007105263157894737
12694,247,Mesquite,TX,Dallas County,Mesquite,1631.9410117434509,263610.4280245623,277900.0,4805999999,43650.0,944.0,950.0,1207.0,1571.0,1899.0,0.006190730101130112,0.005872403784611195,0.007203812133801694,0.006833393306944944
3619,248,Bellevue,WA,King County,Bellevue,2935.7484993860867,1498795.8312564057,811200.0,5302199999,52800.0,1101.0,1236.0,1503.0,2003.0,2318.0,0.0019587381003889747,0.003619019353286596,0.0015465748914292579,0.0028574950690335305
13480,249,Renton,WA,King County,Renton,2279.109118206386,760812.2409210798,811200.0,5302199999,52800.0,1101.0,1236.0,1503.0,2003.0,2318.0,0.0029956262473474077,0.002809552660510831,0.0030467438289290744,0.0028574950690335305
19865,250,Pasadena,TX,Harris County,Pasadena,1318.6333333333332,220442.2872306712,255000.0,4800999999,44450.0,823.0,896.0,1102.0,1506.0,1709.0,0.005981762165049181,0.005171111111111111,0.007752596026241097,0.006701960784313726
7330,251,Surprise,AZ,Maricopa County,Surprise,2057.650194188386,425054.591609058,414700.0,0401399999,56100.0,1530.0,1679.0,1950.0,2624.0,2934.0,0.004840908049949735,0.0049617800679729596,0.00690264276147035,0.007074993971545695
4351,252,Denton,TX,Denton County,Denton,1626.1202995784406,360243.7676539328,403400.0,4800199999,39700.0,846.0,851.0,1033.0,1245.0,1563.0,0.004513944294355062,0.004031036934998613,0.004338728772961013,0.0038745661874070403
47019,253,Pasadena,CA,Los Angeles County,Pasadena,3099.5906051360284,1193691.469434384,783300.0,0603799999,75750.0,1856.0,2081.0,2625.0,3335.0,3698.0,0.002596643005754855,0.003957092563687001,0.0030979529423564127,0.004721051959657858
6183,254,Newark,DE,New Castle County,Newark,2218.854131054131,364282.00070031575,329800.0,1000399999,59700.0,1372.0,1512.0,1802.0,2171.0,2468.0,0.006091034217415309,0.006727877898890633,0.00677497102589582,0.007483323226197695
47570,255,Santa Maria,CA,Santa Barbara County,Santa Maria,2302.333126934984,638402.8005828507,735700.0,0608399999,88250.0,2381.0,2688.0,3028.0,4011.0,4468.0,0.0036063957188674518,0.0031294455986611174,0.006998716164654656,0.0060731276335462825
47379,256,Richmond,TX,Fort Bend County,Richmond,1975.997646115092,389492.1374688636,350300.0,4803399999,50950.0,766.0,786.0,976.0,1273.0,1459.0,0.005073267098422636,0.00564087252673449,0.0037459036002148666,0.0041650014273479875
20793,257,Thornton,CO,Adams County,Thornton,1952.7900871459697,523923.46990323,458400.0,0800199999,70050.0,1639.0,1789.0,2140.0,2794.0,3127.0,0.003727243002697808,0.004260013279114245,0.005968428939779248,0.006821553228621291
54722,258,Torrance,CA,Los Angeles County,Torrance,3066.1354166666665,1171005.4239831446,783300.0,0603799999,75750.0,1856.0,2081.0,2625.0,3335.0,3698.0,0.00261837849242174,0.00391438199497851,0.003157970001045212,0.004721051959657858
27683,259,Victorville,CA,San Bernardino County,Victorville,2174.03653156879,438392.3287557101,475000.0,0606999999,66800.0,1799.0,1999.0,2623.0,3655.0,4046.0,0.0049591117110542576,0.004576919013829031,0.009229176093212605,0.008517894736842105
5399,260,Kent,WA,King County,Kent,2013.415049751244,653972.715515651,811200.0,5302199999,52800.0,1101.0,1236.0,1503.0,2003.0,2318.0,0.0030787447273907843,0.002482020524841277,0.003544490381639668,0.0028574950690335305
35282,261,Beaumont,TX,Jefferson County,Beaumont,1354.3292464114832,163965.1696571698,159600.0,4800199999,39700.0,846.0,851.0,1033.0,1245.0,1563.0,0.00825985939113296,0.008485772220623328,0.009532512321171825,0.009793233082706767
27317,262,Summerville,SC,Dorchester County,Summerville,1934.2162972842216,382586.9655382897,294400.0,4502399999,34700.0,835.0,840.0,1051.0,1473.0,1610.0,0.005055625182010136,0.006570028183709992,0.004208193548190469,0.00546875
3806,263,Bridgeport,CT,Fairfield County,Bridgeport,2054.222377840025,355472.7949825078,,,,,,,,,0.005778845545525106,,,
25818,264,McAllen,TX,Hidalgo County,McAllen,1491.6694444444445,226267.60175197964,124000.0,4813199999,39700.0,732.0,752.0,933.0,1307.0,1395.0,0.0065925012370066085,0.01202959229390681,0.006165266212213234,0.01125
19172,265,Manassas,VA,Prince William County,Manassas,2110.719896640827,556379.5698012846,500600.0,5110199999,56750.0,1488.0,1545.0,1711.0,2166.0,2677.0,0.003793668946893013,0.004216380137117113,0.0048114635139390755,0.005347582900519377
28065,266,Yuma,AZ,Yuma County,Yuma,1443.234881649516,296890.05894192983,195700.0,0401999999,48050.0,941.0,1052.0,1373.0,1924.0,2232.0,0.004861176176773925,0.007374731127488585,0.007517934443323909,0.0114052120592744
44506,268,Cedar Rapids,IA,Linn County,Cedar Rapids,1159.791083099907,207846.34878699944,204400.0,1904599999,46550.0,673.0,723.0,948.0,1158.0,1390.0,0.0055800406880779935,0.005674124672700132,0.006687632513691494,0.006800391389432486
24812,269,Fullerton,CA,Orange County,Fullerton,2918.7964539007094,1030074.9558063508,915500.0,0600399999,57700.0,1003.0,1101.0,1445.0,2025.0,2396.0,0.002833576758126162,0.0031881992942662035,0.0023260443198761128,0.002617149098853086
33230,270,Olathe,KS,Johnson County,Olathe,1814.4110644257703,419794.7780171072,366000.0,2000399999,42550.0,625.0,711.0,872.0,1051.0,1251.0,0.004322138243348588,0.004957407279851831,0.0029800275408595482,0.003418032786885246
51260,271,Canton,OH,Stark County,Canton,1097.843137254902,169008.15119588736,177700.0,3902399999,43250.0,728.0,809.0,1061.0,1292.0,1477.0,0.006495799933237877,0.006178070552925729,0.0087392234608146,0.00831176139561058
46666,272,Myrtle Beach,SC,Horry County,Myrtle Beach,1866.8157251245489,321750.44725789246,260500.0,4505199999,43400.0,1133.0,1199.0,1406.0,1771.0,2065.0,0.005802061010433472,0.007166279175142222,0.006418017496475589,0.007927063339731286
4810,273,Frederick,MD,Frederick County,Frederick,2182.638333333334,471538.2206533664,437700.0,2402199999,81950.0,2012.0,2056.0,2314.0,2893.0,3413.0,0.0046287622884716665,0.004986608026806794,0.007238013485462377,0.0077975782499428836
21159,274,Warren,MI,Macomb County,Warren,1378.340773809524,209239.38848590828,231400.0,2600199999,40950.0,654.0,813.0,933.0,1294.0,1385.0,0.006587386742923652,0.005956528841009179,0.006619212615856389,0.005985306828003458
26900,275,Saint Augustine,FL,Saint Johns County,Saint Augustine,2321.39220660942,440522.7001833494,457600.0,1211399999,49050.0,1219.0,1361.0,1605.0,2147.0,2644.0,0.005269631294013308,0.005072972479478628,0.0060019608499165735,0.005777972027972028
37427,276,Billings,MT,Yellowstone County,Billings,1415.6619976974946,397088.52409631386,317600.0,3011199999,48550.0,1013.0,1062.0,1373.0,1888.0,2124.0,0.0035651042822736566,0.004457374048165915,0.005348933225491109,0.006687657430730479
23394,277,Abilene,TX,Taylor County,Abilene,1547.3301587301587,199957.6681352248,190300.0,4802399999,39700.0,708.0,713.0,933.0,1307.0,1395.0,0.007738288674599616,0.008131004512507402,0.0069764766363278816,0.007330530740935365
48443,278,West Valley City,UT,Salt Lake County,West Valley City,1684.195392047566,468175.8594662945,484500.0,4903599999,61350.0,1243.0,1453.0,1748.0,2348.0,2670.0,0.0035973563309468683,0.0034761514799743366,0.005702985205268196,0.005510835913312693
33252,279,Orange,CA,Orange County,Orange,3085.757016978293,1116443.8453124275,915500.0,0600399999,57700.0,1003.0,1101.0,1445.0,2025.0,2396.0,0.0027639160087937695,0.0033705701987747604,0.0021460998778039743,0.002617149098853086
5914,280,Metairie,LA,Jefferson Parish,Metairie,1753.0613830613831,314309.97993252793,,2205399999,40300.0,657.0,690.0,903.0,1265.0,1516.0,0.005577491950582377,,0.004823263964845901,
44879,281,Decatur,GA,Dekalb County,Decatur,1879.7879618749184,291703.7180626001,331400.0,1308999999,57100.0,1591.0,1653.0,1830.0,2205.0,2653.0,0.006444168673474065,0.005672263011089072,0.009094844651348124,0.008005431502715751
13234,282,Pearland,TX,Brazoria County,Pearland,1925.2708781362007,385817.0216588162,276800.0,4801999999,48300.0,1116.0,1231.0,1501.0,1907.0,2243.0,0.0049901138883362865,0.006955458374769512,0.00581363670881146,0.008103323699421966
397180,283,Kalamazoo,MI,Kalamazoo County,Kalamazoo,1290.2640245567077,240728.14655616743,227500.0,2607799999,47900.0,828.0,992.0,1181.0,1564.0,1671.0,0.0053598386520857435,0.005671490217831682,0.006941440059690391,0.007345054945054945
24174,284,Compton,CA,Los Angeles County,Compton,2408.6666666666665,623693.2804605346,783300.0,0603799999,75750.0,1856.0,2081.0,2625.0,3335.0,3698.0,0.0038619410247423365,0.0030750244691263454,0.0059291964750195795,0.004721051959657858
46101,285,Lake Charles,LA,Calcasieu Parish,Lake Charles,1060.8627496159754,204711.5308295591,,2200199999,34600.0,619.0,688.0,903.0,1088.0,1197.0,0.005182232506967278,,0.005847252449089499,
5052,286,Hampton,VA,Hampton City,Hampton,1637.9922681267628,272097.4294522251,,5165099999,53250.0,1475.0,1483.0,1696.0,2361.0,2809.0,0.006019874099598437,,0.01032350803774574,
39815,287,Miramar,FL,Broward County,Miramar,2726.496978578665,526386.021926222,380400.0,1200399999,45750.0,901.0,952.0,1129.0,1523.0,1896.0,0.005179653077795461,0.007167447367451801,0.003601919353902871,0.00498422712933754
17551,288,Concord,NC,Cabarrus County,Concord,1872.7213495327208,382377.2664067058,318600.0,3702599999,56100.0,1586.0,1647.0,1824.0,2250.0,2852.0,0.004897575023565467,0.005877970337516387,0.007458602408037886,0.008951663527934714
27239,289,Stamford,CT,Fairfield County,Stamford,2931.8409609796595,685433.3146560407,,,,,,,,,0.004277354044938559,,,
11865,290,Hemet,CA,Riverside County,Hemet,1888.6967592592591,448106.1251190491,510300.0,0606599999,55950.0,1776.0,1852.0,2306.0,3079.0,3745.0,0.004214842541501717,0.003701149831979736,0.008357395246505634,0.007338820301783264
17321,291,Carrollton,TX,Dallas County,Carrollton,1678.22425366543,412750.3700809928,277900.0,4805999999,43650.0,944.0,950.0,1207.0,1571.0,1899.0,0.00406595457040079,0.0060389501751184965,0.004600843845705977,0.006833393306944944
17571,292,Coral Springs,FL,Broward County,Coral Springs,2400.2908205782314,527842.1138855227,380400.0,1200399999,45750.0,901.0,952.0,1129.0,1523.0,1896.0,0.004547365125736825,0.006309912777545298,0.0035919831899036397,0.00498422712933754
47847,293,Sterling Heights,MI,Macomb County,Sterling Heights,1755.424836601307,315182.4152774888,231400.0,2600199999,40950.0,654.0,813.0,933.0,1294.0,1385.0,0.005569551953131074,0.007586105603290005,0.004394280685934322,0.005985306828003458
6103,294,Murrieta,CA,Riverside County,Murrieta,2711.954124473774,692425.0622161479,510300.0,0606599999,55950.0,1776.0,1852.0,2306.0,3079.0,3745.0,0.003916603070076641,0.005314430970946059,0.005408527513452363,0.007338820301783264
31388,295,Elizabeth,NJ,Union County,Elizabeth,2300.1759259259256,550336.1108163027,488800.0,3400599999,59700.0,1372.0,1512.0,1802.0,2171.0,2468.0,0.004179583859242164,0.0047057608959204696,0.004484532182231808,0.0050490998363338785
45888,296,Inglewood,CA,Los Angeles County,Inglewood,2660.9079365079365,754093.6316855765,783300.0,0603799999,75750.0,1856.0,2081.0,2625.0,3335.0,3698.0,0.0035286174351587905,0.0033970483039805137,0.004903900317702062,0.004721051959657858
44655,297,Clovis,CA,Fresno County,Clovis,2381.9666666666667,519202.8291205215,362600.0,0601999999,46950.0,1210.0,1217.0,1505.0,2109.0,2415.0,0.004587738226891952,0.006569130354844641,0.004651361403578583,0.00666023166023166
51518,298,Concord,CA,Contra Costa County,Concord,2690.7718743411347,739675.5393959191,830800.0,0601399999,79900.0,1937.0,2201.0,2682.0,3432.0,4077.0,0.0036377732276217274,0.0032387721164433493,0.005511876198217423,0.004907318247472316
19307,299,Melbourne,FL,Brevard County,Melbourne,1975.7676366843036,360962.0330113277,304400.0,1200399999,45750.0,901.0,952.0,1129.0,1523.0,1896.0,0.005473616214429678,0.006490695258489828,0.005252629990424782,0.006228646517739816
11786,300,Hamilton,OH,Butler County,Hamilton,1573.7121212121212,298497.76246789674,243000.0,3901799999,55900.0,883.0,993.0,1287.0,1707.0,1885.0,0.005272106927037261,0.006476181568774162,0.006314955209095514,0.007757201646090535
6155,302,New Haven,CT,New Haven County,New Haven,2252.778029642546,324593.5882660239,,,,,,,,,0.00694030353981071,,,
40760,303,Santa Fe,NM,Santa Fe County,Santa Fe,2039.945887445888,590844.6218450724,416900.0,3504999999,49750.0,1235.0,1368.0,1627.0,2057.0,2157.0,0.0034525928002451887,0.004893129977082965,0.003650705989781515,0.00517390261453586
24822,304,Gainesville,GA,Hall County,Gainesville,1669.3083879333878,371306.1427192259,313600.0,1301799999,38100.0,752.0,756.0,905.0,1118.0,1520.0,0.004495773691510632,0.005323049706420242,0.00409365702616289,0.004846938775510204
30543,305,Boulder,CO,Boulder County,Boulder,2504.2540958925947,961337.251138208,713900.0,0801399999,75300.0,1466.0,1702.0,2059.0,2704.0,3092.0,0.0026049693725355987,0.0035078499732351795,0.003216353050231978,0.004331138814960079
7453,306,Tracy,CA,San Joaquin County,Tracy,2860.164043209877,716824.453094331,494500.0,0607799999,52300.0,1248.0,1363.0,1736.0,2433.0,2915.0,0.0039900480945695245,0.005783951553508346,0.004066546540672209,0.005894843276036401
37596,307,Broken Arrow,OK,Wagoner County,Broken Arrow,1662.073439153439,284672.1330026014,216000.0,4005599999,37650.0,678.0,753.0,910.0,1275.0,1312.0,0.005838553361801138,0.007694784440525181,0.004608810796341666,0.006074074074074074
50962,308,Bend,OR,Deschutes County,Bend,2447.146401515152,742490.2001716731,596000.0,4101799999,57150.0,1285.0,1318.0,1667.0,2336.0,2799.0,0.003295863569578886,0.004105950338112671,0.0037697467244050304,0.004696308724832215
17070,309,Bloomington,IN,Monroe County,Bloomington,1559.1547819667132,317296.6291300761,261700.0,1801199999,55350.0,955.0,1097.0,1283.0,1669.0,2028.0,0.004913871244839277,0.005957794352184613,0.006391495571699311,0.007749331295376386
395471,310,Lakewood,NJ,Ocean County,Lakewood,2100.0,560420.124943139,366600.0,3400799999,59700.0,1372.0,1512.0,1802.0,2171.0,2468.0,0.0037471887723751333,0.0057283142389525366,0.004403838995343728,0.006732133115111839
37965,311,College Station,TX,Brazos County,College Station,1589.5622574955908,347926.6766816345,279700.0,4802399999,39700.0,708.0,713.0,933.0,1307.0,1395.0,0.004568670251606196,0.005683097095086131,0.004009465480787136,0.004987486592777976
6790,312,Riverview,FL,Hillsborough County,Riverview,2281.687428436722,377754.4517932597,333300.0,1205799999,52150.0,1566.0,1686.0,1978.0,2533.0,3082.0,0.0060401337895693704,0.006845746859996165,0.008158739057526026,0.009246924692469247
26791,313,Rochester,MN,Olmsted County,Rochester,1750.3652439286482,336941.956333124,304500.0,2710999999,62800.0,989.0,1101.0,1341.0,1879.0,2252.0,0.005194856891606923,0.005748325924232013,0.006683643748341977,0.007395730706075534
6651,314,Puyallup,WA,Pierce County,Puyallup,2314.740682506406,572742.8413729608,484400.0,5305399999,60400.0,1479.0,1673.0,2057.0,2882.0,3292.0,0.004041500853956696,0.00477857283754419,0.005747780264016086,0.006796036333608588
398007,315,Flint,MI,Genesee County,Flint,943.2861111111112,64551.71447720372,172900.0,2604999999,41500.0,691.0,806.0,986.0,1215.0,1397.0,0.014612874634712147,0.005455674442516548,0.021641563067908088,0.008079814921920185
27110,316,Simi Valley,CA,Ventura County,Simi Valley,3194.188947368421,848842.8935574396,768400.0,0611199999,74850.0,1871.0,2147.0,2569.0,3505.0,4080.0,0.003762991917128274,0.004156935121510178,0.0048065431553547125,0.005309734513274336
18073,317,Fargo,ND,Cass County,Fargo,1111.8042354136776,318213.6037712741,284700.0,3800199999,55850.0,753.0,758.0,928.0,1300.0,1558.0,0.0034938928513339783,0.003905178206581235,0.004896082321860322,0.005472427116262732
13943,318,Sparks,NV,Washoe County,Sparks,1999.109523809524,524485.3103475611,496600.0,3202999999,55250.0,1181.0,1370.0,1722.0,2384.0,2788.0,0.0038115643743859527,0.004025593080566903,0.005315687484464481,0.005614176399516713
13713,319,Santa Clara,CA,Santa Clara County,Santa Clara,3521.3137624280484,1695290.0844887467,1382800.0,0608399999,88250.0,2381.0,2688.0,3028.0,4011.0,4468.0,0.0020771157659958714,0.0025465098079462314,0.0026355371513586286,0.0032311252531096327
54263,320,Saginaw,MI,Saginaw County,Saginaw,986.2428571428572,128518.63428616016,139400.0,2606799999,41650.0,806.0,896.0,1175.0,1429.0,1773.0,0.007673928863474261,0.007074912891986063,0.013795664806492032,0.012718794835007173
33024,321,Nampa,ID,Canyon County,Nampa,1658.2656862745098,412253.2285548882,350300.0,1602799999,53500.0,1300.0,1534.0,1838.0,2575.0,3080.0,0.004022444389550062,0.0047338443798872675,0.007471136152885028,0.00879246360262632
34520,322,Vallejo,CA,Solano County,Vallejo,2293.769290123457,535021.7974959667,589600.0,0601199999,48000.0,915.0,921.0,1208.0,1625.0,1631.0,0.004287244558742952,0.0038903821067222807,0.0030484739269193897,0.002766282225237449
7386,323,Temecula,CA,Riverside County,Temecula,3050.614092514428,772698.241839759,510300.0,0606599999,55950.0,1776.0,1852.0,2306.0,3079.0,3745.0,0.003948001855486375,0.00597807974233672,0.004846652673989948,0.007338820301783264
33136,324,Norman,OK,Cleveland County,Norman,1402.9159688693917,262175.65663929586,222800.0,4002799999,48850.0,886.0,961.0,1180.0,1575.0,1719.0,0.005351053514474606,0.00629675030910858,0.006556672812552612,0.007715439856373429
34278,325,Thousand Oaks,CA,Ventura County,Thousand Oaks,3557.3548136645963,1045400.0571082846,768400.0,0611199999,74850.0,1871.0,2147.0,2569.0,3505.0,4080.0,0.003402864567947999,0.004629561183842525,0.003902812107439349,0.005309734513274336
12038,326,Independence,MO,Jackson County,Independence,1396.6045499280792,208427.26953729303,213300.0,2900599999,38550.0,615.0,628.0,824.0,993.0,1190.0,0.006700680544482163,0.006547606891364647,0.005709425655490239,0.005578996718237224
46508,327,Meridian,ID,Ada County,Meridian,2140.3421855921856,534114.9389379543,476000.0,1600199999,53500.0,1300.0,1534.0,1838.0,2575.0,3080.0,0.004007268903296524,0.004496517196622239,0.005766549061751275,0.006470588235294118
32238,328,Joliet,IL,Will County,Joliet,1801.898148148148,262649.951633889,298000.0,1710399999,46000.0,605.0,786.0,883.0,1237.0,1319.0,0.006860454901814854,0.006046638081034054,0.005021893176811129,0.004426174496644296
26751,329,Richmond,CA,Contra Costa County,Richmond,2686.8172514619887,608362.2341822946,830800.0,0601399999,79900.0,1937.0,2201.0,2682.0,3432.0,4077.0,0.004416476073787462,0.0032340120985339294,0.006701599426992595,0.004907318247472316
30840,330,Charlottesville,VA,Albemarle County,Charlottesville,2013.894601950177,517209.2230795158,471000.0,5100399999,62900.0,1404.0,1487.0,1729.0,2155.0,2621.0,0.003893771634541329,0.004275784717516299,0.0050675817116993815,0.005564755838641189
50950,331,Bellingham,WA,Whatcom County,Bellingham,1963.9397531370269,675535.767209787,536100.0,5307399999,54200.0,1348.0,1381.0,1642.0,2301.0,2757.0,0.002907232819438748,0.0036633832365921036,0.004081205072808256,0.005142697257974258
10181,332,Arvada,CO,Jefferson County,Arvada,2234.2059952264303,621370.4937737233,604400.0,0805999999,70050.0,1639.0,1789.0,2140.0,2794.0,3127.0,0.0035956100548926824,0.0036965684897856226,0.005032424344788281,0.005173726009265387
41084,333,Stone Mountain,GA,Dekalb County,Stone Mountain,1804.9944165095328,280540.9383529558,331400.0,1308999999,57100.0,1591.0,1653.0,1830.0,2205.0,2653.0,0.006433978680996008,0.005446573375104203,0.009456730328114152,0.008005431502715751
23534,334,Athens,GA,Clarke County,Athens,1662.7304630211609,338141.7716626582,271900.0,1300799999,38100.0,710.0,715.0,905.0,1268.0,1300.0,0.004917258387940185,0.006115227889007579,0.003844541281036773,0.004781169547627804
34781,335,Westminster,CO,Jefferson County,Westminster,1935.8027960526315,532859.8151640627,604400.0,0805999999,70050.0,1639.0,1789.0,2140.0,2794.0,3127.0,0.003632855661027123,0.0032028504236476366,0.00586833518124692,0.005173726009265387
41802,336,Yakima,WA,Yakima County,Yakima,1343.8440538817156,363733.1539947896,281100.0,5303599999,62150.0,1411.0,1568.0,2057.0,2685.0,3090.0,0.0036945877468760133,0.0047806618779143205,0.008495238792678942,0.010992529348986126
14208,337,Tuscaloosa,AL,Tuscaloosa County,Tuscaloosa,1494.8681313131312,230754.85296447497,233700.0,0103799999,36950.0,593.0,615.0,792.0,957.0,1184.0,0.006478165516819134,0.006396526021879038,0.005130986346719557,0.005066324347454001
6172,338,New Port Richey,FL,Pasco County,New Port Richey,2026.0396825396824,293192.43713930325,265800.0,1206399999,35600.0,640.0,711.0,933.0,1199.0,1237.0,0.006910272660195048,0.007622421679983757,0.004219071992679912,0.004653875094055681
27219,339,Spring Hill,FL,Pasco County,Spring Hill,2028.486111111111,312695.5545991372,265800.0,1206399999,35600.0,640.0,711.0,933.0,1199.0,1237.0,0.0064870960948311095,0.007631625700192292,0.00395592448247556,0.004653875094055681
17943,340,Elgin,IL,Kane County,Elgin,1806.201388888889,328271.85093974805,303000.0,1700799999,43300.0,810.0,900.0,1181.0,1561.0,1603.0,0.00550215129234582,0.005961060689402274,0.00488314790138439,0.0052904290429042905
37863,341,Chico,CA,Butte County,Chico,1625.9516001803022,461949.57781115273,408700.0,0600799999,46950.0,1069.0,1126.0,1466.0,2054.0,2462.0,0.003519759900819737,0.003978349890335949,0.0053295859943538635,0.006023978468314167
7191,342,Spartanburg,SC,Spartanburg County,Spartanburg,1334.4277777777777,229335.48533407095,216000.0,4507599999,34000.0,787.0,792.0,949.0,1143.0,1258.0,0.005818671174388598,0.006177906378600823,0.005485413642670617,0.005824074074074074
17133,343,Bowling Green,KY,Warren County,Bowling Green,1399.4055973266495,285426.218408487,242600.0,2100399999,39200.0,737.0,752.0,986.0,1188.0,1468.0,0.004902862831346116,0.005768366023605315,0.005143185542608688,0.0060511129431162405
12317,344,Largo,FL,Pinellas County,Largo,1817.690833333333,338998.4592115425,319000.0,1210399999,52150.0,1566.0,1686.0,1978.0,2533.0,3082.0,0.005361944232905949,0.005698090386624869,0.009091486749433171,0.009661442006269592
4679,345,Falls Church,VA,Fairfax County,Falls Church,2683.9768738229754,774156.816358475,699700.0,5160099999,81950.0,2012.0,2056.0,2314.0,2893.0,3413.0,0.0034669679541775864,0.003835896632589646,0.004408667504930426,0.0048778047734743465
54522,346,Springfield,IL,Sangamon County,Springfield,1155.3690566997204,164244.1230323776,170300.0,1716799999,57350.0,776.0,921.0,1132.0,1529.0,1564.0,0.007034462088314487,0.006784316246034765,0.009522410733026272,0.00918379330593071
5071,347,Hartford,CT,Hartford County,Hartford,1689.5567810457517,200433.8763492046,,,,,,,,,0.00842949710807435,,,
34311,348,Toms River,NJ,Ocean County,Toms River,2981.0416666666665,453893.4765053871,366600.0,3400799999,59700.0,1372.0,1512.0,1802.0,2171.0,2468.0,0.006567712075569532,0.008131592107655936,0.005437399142639381,0.006732133115111839
39420,349,Lewisville,TX,Denton County,Lewisville,1608.5687952320138,402354.9677651849,403400.0,4800199999,39700.0,846.0,851.0,1033.0,1245.0,1563.0,0.003997884763711375,0.00398752800007936,0.0038846295565366793,0.0038745661874070403
7680,350,Vero Beach,FL,Indian River County,Vero Beach,2281.6834215167546,364225.4813011788,314700.0,1206199999,46500.0,1239.0,1246.0,1567.0,1948.0,2601.0,0.006264480489848062,0.007250344523408817,0.0071411807617304725,0.008265014299332699
16992,351,Berkeley,CA,Alameda County,Berkeley,2985.930691091708,1383343.019958009,1057400.0,0600199999,79900.0,1937.0,2201.0,2682.0,3432.0,4077.0,0.0021584889994835446,0.002823842151590418,0.002947208278192459,0.0038556837526007187
17008,352,Bethlehem,PA,Northampton County,Bethlehem,1873.6350574712644,352915.2535918956,285000.0,4209599999,50100.0,1033.0,1213.0,1507.0,1924.0,2005.0,0.005309022600757007,0.006574158096390402,0.005681250610716144,0.007035087719298246
24967,353,Gresham,OR,Multnomah County,Gresham,1659.9410774410774,473986.5784020815,528000.0,4105199999,62050.0,1628.0,1750.0,1997.0,2739.0,3217.0,0.0035020845590968486,0.0031438277981838585,0.006787112012422909,0.00609280303030303
53787,354,Palm Bay,FL,Brevard County,Palm Bay,1915.740862125296,308705.00651930604,304400.0,1200399999,45750.0,901.0,952.0,1129.0,1523.0,1896.0,0.006205733051515923,0.006293498233000315,0.006141785717626275,0.006228646517739816
50779,355,Asheville,NC,Buncombe County,Asheville,1974.3956274451496,481285.704584288,360000.0,3702199999,46550.0,1286.0,1347.0,1512.0,1944.0,2566.0,0.004102335907006712,0.005484432298458749,0.005331552496902833,0.007127777777777778
17882,356,East Los Angeles,CA,Los Angeles County,East Los Angeles,2374.2777777777774,675609.9769273879,783300.0,0603799999,75750.0,1856.0,2081.0,2625.0,3335.0,3698.0,0.0035142728184325736,0.0030311218917117035,0.005473572218128223,0.004721051959657858
31209,357,Delray Beach,FL,Palm Beach County,Delray Beach,2747.9083345141185,342911.2770599196,407300.0,1200199999,52000.0,1176.0,1308.0,1583.0,2016.0,2099.0,0.008013467384550187,0.0067466445728311284,0.006121116861470919,0.005153449545789344
35593,358,Laurel,MD,Prince Georges County,Laurel,1942.5445728141488,482230.2262640984,404300.0,2403399999,81950.0,2012.0,2056.0,2314.0,2893.0,3413.0,0.0040282513766573685,0.00480471079103178,0.007077532294980686,0.008441751174870145
39966,359,New Braunfels,TX,Comal County,New Braunfels,1660.776540710751,359560.7647013716,398800.0,4805799999,45800.0,732.0,843.0,933.0,1307.0,1378.0,0.004618903684027057,0.00416443465574411,0.0038324537471280534,0.0034553660982948845
3934,360,Cambridge,MA,Middlesex County,Cambridge,3477.5708748817547,1052899.2819823194,687200.0,2501700380,82700.0,2263.0,2394.0,2837.0,3418.0,3761.0,0.0033028523567177727,0.005060493124100341,0.0035720415659502326,0.005472933643771828
3975,361,Carlsbad,CA,San Diego County,Carlsbad,3791.787255150288,1206032.763267954,791600.0,0606999999,66800.0,1799.0,1999.0,2623.0,3655.0,4046.0,0.0031440167884625165,0.004790029377400566,0.003354801066130794,0.005111167256189995
13256,362,Perris,CA,Riverside County,Perris,2826.069444444445,540965.6716028367,510300.0,0606599999,55950.0,1776.0,1852.0,2306.0,3079.0,3745.0,0.005224119741408052,0.005538054956779237,0.006922805265820054,0.007338820301783264
45339,362,Franklin,TN,Williamson County,Franklin,2131.19518129941,903569.6554811094,673700.0,4718799999,57400.0,1589.0,1650.0,1827.0,2308.0,2840.0,0.0023586396116463716,0.003163418704615422,0.003143089171678558,0.00421552619860472
41641,364,West Jordan,UT,Salt Lake County,West Jordan,1712.727861319967,554942.3147807753,484500.0,4903599999,61350.0,1243.0,1453.0,1748.0,2348.0,2670.0,0.0030863169300696844,0.003535042025428208,0.004811310885627379,0.005510835913312693
41517,365,Vista,CA,San Diego County,Vista,2758.9954710144925,872357.9006768219,791600.0,0606999999,66800.0,1799.0,1999.0,2623.0,3655.0,4046.0,0.0031626875493119466,0.003485340413105726,0.004638004650225437,0.005111167256189995
18053,366,Fairfield,CA,Solano County,Fairfield,2552.7362880121505,617177.3992026403,589600.0,0601199999,48000.0,915.0,921.0,1208.0,1625.0,1631.0,0.004136146740483607,0.00432960700137746,0.002642676161031113,0.002766282225237449
11914,367,Hillsboro,OR,Washington County,Hillsboro,2090.627696085143,536023.8916057366,558500.0,4106599999,45650.0,1297.0,1305.0,1599.0,2241.0,2684.0,0.00390025095676681,0.0037432904137603275,0.005007239494418229,0.00480572963294539
48293,368,Waco,TX,McLennan County,Waco,1513.9227282310774,195774.44104672712,219200.0,4807799999,44450.0,823.0,896.0,1102.0,1506.0,1709.0,0.007732994767533198,0.006906581789375353,0.008729433683287078,0.007796532846715328
54121,369,Richardson,TX,Dallas County,Richardson,1758.4934596578807,443718.3885648376,277900.0,4805999999,43650.0,944.0,950.0,1207.0,1571.0,1899.0,0.00396308448100506,0.006327792226188848,0.004279741495821538,0.006833393306944944
5595,370,Lehigh Acres,FL,Lee County,Lehigh Acres,1974.9871788296837,299739.6071733429,326300.0,1201999999,51250.0,1381.0,1454.0,1730.0,2163.0,2739.0,0.0065890096989668955,0.006052672935426552,0.009137931506048863,0.008394115844315047
5772,371,Manchester,NH,Hillsborough County,Manchester,2070.8353349673203,442505.766833761,385500.0,3301101300,73400.0,1458.0,1621.0,2126.0,2824.0,2999.0,0.0046797928754345125,0.005371816692522231,0.006777312805341707,0.0077795071335927364
25659,372,Lowell,MA,Middlesex County,Lowell,2362.2702614379086,488318.9071098678,687200.0,2501700380,82700.0,2263.0,2394.0,2837.0,3418.0,3761.0,0.004837556414555165,0.003437529484048179,0.007701934013285719,0.005472933643771828
38032,373,Costa Mesa,CA,Orange County,Costa Mesa,3142.9341915394543,1352094.4058564638,915500.0,0600399999,57700.0,1003.0,1101.0,1445.0,2025.0,2396.0,0.0023244931551570248,0.0034330247859524353,0.0017720656114114236,0.002617149098853086
13712,374,Santa Barbara,CA,Santa Barbara County,Santa Barbara,3959.98579109063,1812586.0666843476,735700.0,0608399999,88250.0,2381.0,2688.0,3028.0,4011.0,4468.0,0.0021847160054222358,0.0053826094754528065,0.0024649863982310304,0.0060731276335462825
13554,375,Rock Hill,SC,York County,Rock Hill,1515.437195174125,333049.9589029234,322700.0,4505199999,43400.0,1133.0,1199.0,1406.0,1771.0,2065.0,0.004550179799349085,0.0046961177414754415,0.0062002709947846036,0.0063991323210412145
34671,376,Waterbury,CT,New Haven County,Waterbury,1554.3039215686276,279473.57563957555,,,,,,,,,0.005561541616274818,,,
4406,377,Downey,CA,Los Angeles County,Downey,2220.292903828198,865593.2802739348,783300.0,0603799999,75750.0,1856.0,2081.0,2625.0,3335.0,3698.0,0.0025650533043943464,0.0028345370915718094,0.004272214311587183,0.004721051959657858
39386,378,League City,TX,Galveston County,League City,2088.0595408895265,374383.2184314814,284900.0,4800199999,39700.0,846.0,851.0,1033.0,1245.0,1563.0,0.00557733209740991,0.007329096317618556,0.004174866615411759,0.0054861354861354865
47080,379,Pflugerville,TX,Travis County,Pflugerville,1813.8598140058093,387657.98568044807,487600.0,4804199999,44250.0,1034.0,1089.0,1206.0,1690.0,1863.0,0.004679020892145376,0.0037199750082153597,0.004805782593978851,0.003820754716981132
20071,380,Provo,UT,Utah County,Provo,1548.6615535002632,479313.0918347093,489200.0,4900599999,51700.0,914.0,920.0,1169.0,1638.0,1963.0,0.00323100198989415,0.0031657022761657056,0.004095444154229234,0.0040126737530662305
34543,381,Ventura,CA,Ventura County,Ventura,2940.188378033206,895423.7976123984,768400.0,0611199999,74850.0,1871.0,2147.0,2569.0,3505.0,4080.0,0.0032835718526501834,0.0038263773790125012,0.004556501637413603,0.005309734513274336
32489,382,Lexington,SC,Lexington County,Lexington,1832.8756228956229,304172.5598283636,217700.0,4502999999,34000.0,705.0,757.0,933.0,1124.0,1566.0,0.006025775710767156,0.008419272498372177,0.005148393401704782,0.007193385392742306
16818,383,Ashburn,VA,Loudoun County,Ashburn,3002.903163580247,809913.3204359207,701000.0,5106399999,44100.0,691.0,695.0,912.0,1149.0,1209.0,0.0037076846223050024,0.004283742030784946,0.0014927523347180885,0.001724679029957204
16780,384,Antioch,CA,Contra Costa County,Antioch,2919.7580409356724,604067.2311201803,830800.0,0601399999,79900.0,1937.0,2201.0,2682.0,3432.0,4077.0,0.004833498475858859,0.0035143934050742326,0.006749248742461372,0.004907318247472316
47322,385,Redding,CA,Shasta County,Redding,1725.2474082934611,393781.6887855346,347200.0,0608999999,48650.0,1151.0,1229.0,1613.0,2260.0,2709.0,0.004381228120622651,0.004969030553840614,0.006879446345905138,0.007802419354838709
32287,386,Kennesaw,GA,Cobb County,Kennesaw,1888.7108918128652,411013.5086389274,373700.0,1300599999,38100.0,629.0,715.0,905.0,1268.0,1300.0,0.0045952525941722385,0.005054083199927389,0.003162913073842644,0.0034787262510034785
51861,387,El Monte,CA,Los Angeles County,El Monte,2858.28253968254,756058.2868056671,783300.0,0603799999,75750.0,1856.0,2081.0,2625.0,3335.0,3698.0,0.003780505537157371,0.003649026604982178,0.004891157288446615,0.004721051959657858
6218,388,North Charleston,SC,Charleston County,North Charleston,1717.85796455534,313812.7139969951,450800.0,4501799999,46350.0,1063.0,1172.0,1298.0,1656.0,1991.0,0.005474150306643692,0.003810687587744765,0.006344548551398286,0.00441659272404614
14542,389,West Covina,CA,Los Angeles County,West Covina,2696.315289648623,839828.3481694,783300.0,0603799999,75750.0,1856.0,2081.0,2625.0,3335.0,3698.0,0.0032105552230117804,0.0034422511038537254,0.0044032807514305106,0.004721051959657858
26575,390,Pompano Beach,FL,Broward County,Pompano Beach,2348.1958722114973,354641.682484536,380400.0,1200399999,45750.0,901.0,952.0,1129.0,1523.0,1896.0,0.006621319456191925,0.0061729649637526215,0.005346241272929541,0.00498422712933754
13698,391,San Leandro,CA,Alameda County,San Leandro,2521.1775793650795,816845.9912282032,1057400.0,0600199999,79900.0,1937.0,2201.0,2682.0,3432.0,4077.0,0.003086478487302431,0.00238431774102996,0.004991148936006719,0.0038556837526007187
41446,392,Vacaville,CA,Solano County,Vacaville,2731.5767516434184,613109.4154115216,589600.0,0601199999,48000.0,915.0,921.0,1208.0,1625.0,1631.0,0.004455284298333558,0.0046329320753789325,0.002660210329513968,0.002766282225237449
11896,393,High Point,NC,Guilford County,High Point,1641.1288451012588,247833.6639962824,234900.0,3708199999,42800.0,999.0,1039.0,1150.0,1463.0,1646.0,0.006621896390660941,0.006986499979145419,0.006641551327041231,0.007007237122179651
40689,394,Saint Charles,MO,Saint Charles County,Saint Charles,1499.12886002886,342828.94708900043,296800.0,2918399999,55700.0,951.0,984.0,1215.0,1570.0,1806.0,0.004372818785455935,0.005050973248075673,0.005267933222485882,0.0060849056603773585
27992,395,Winter Haven,FL,Polk County,Winter Haven,1848.5899991915276,281168.8350334046,240000.0,1206999999,52700.0,1636.0,1727.0,1958.0,2486.0,2960.0,0.006574661800522464,0.0077024583299646985,0.010527482534287038,0.012333333333333333
31819,396,Grand Junction,CO,Mesa County,Grand Junction,1769.916971916972,423215.0127815255,349400.0,0800199999,70050.0,1639.0,1789.0,2140.0,2794.0,3127.0,0.004182075111854902,0.005065589501765804,0.007388679289631528,0.008949627933600457
39767,397,Miami Gardens,FL,Miami-Dade County,Miami Gardens,2822.969696969697,475385.1055428905,425400.0,1208699999,61950.0,1711.0,1898.0,2329.0,3008.0,3527.0,0.005938279647499392,0.006636035959026086,0.007419248013612376,0.008291020216267042
44515,398,Centennial,CO,Arapahoe County,Centennial,2314.617423686609,654964.005738324,526000.0,0800599999,70050.0,1639.0,1789.0,2140.0,2794.0,3127.0,0.0035339612610885396,0.004400413353016367,0.0047743081644235,0.005944866920152091
39134,399,Jacksonville,NC,Onslow County,Jacksonville,1425.2642315755522,252616.1900862224,219500.0,3700799999,38200.0,834.0,927.0,1216.0,1465.0,1728.0,0.005642014595695882,0.0064932311233510355,0.006840416678797202,0.00787243735763098
46500,400,Menifee,CA,Riverside County,Menifee,2979.336517512988,590605.4016762088,510300.0,0606599999,55950.0,1776.0,1852.0,2306.0,3079.0,3745.0,0.005044546678810038,0.005838401954757962,0.006340951148383069,0.007338820301783264
45732,401,Hesperia,CA,San Bernardino County,Hesperia,2310.912037037037,461781.9927369033,475000.0,0606999999,66800.0,1799.0,1999.0,2623.0,3655.0,4046.0,0.0050043355379464985,0.0048650779727095516,0.008761710208793648,0.008517894736842105
3761,402,Bothell,WA,Snohomish County,Bothell,2707.2274056353003,1072315.5819609703,644600.0,5306199999,78550.0,2238.0,2293.0,2671.0,3521.0,4104.0,0.0025246554756618625,0.004199856353762489,0.003827231524972259,0.006366739062984797
13699,403,San Mateo,CA,San Mateo County,San Mateo,3675.6933601224646,1635606.485344044,1494500.0,0600599999,54950.0,1253.0,1260.0,1493.0,2084.0,2507.0,0.002247296885319757,0.002459480334641997,0.0015327647710278317,0.0016774841083974574
11140,404,Douglasville,GA,Douglas County,Douglasville,1982.364522417154,308679.17224106885,262200.0,1309199999,38100.0,685.0,690.0,905.0,1090.0,1200.0,0.006422087075149303,0.007560505424931937,0.0038875314822434384,0.004576659038901602
32777,405,McDonough,GA,Henry County,McDonough,1991.476551498621,342307.619369318,277400.0,1309599999,38100.0,926.0,952.0,1080.0,1461.0,1756.0,0.005817797906946393,0.0071790791330159365,0.005129888733517905,0.006330209084354723
45548,406,Green Bay,WI,Brown County,Green Bay,984.3518518518518,278229.96632250346,245900.0,5500599999,46400.0,679.0,746.0,979.0,1211.0,1494.0,0.0035379073823804605,0.004003057551247873,0.0053696588464100465,0.006075640504270029
32615,407,Lynnwood,WA,Snohomish County,Lynnwood,2223.716952129996,783774.0764935119,644600.0,5306199999,78550.0,2238.0,2293.0,2671.0,3521.0,4104.0,0.002837191250415647,0.00344976256923673,0.0052362027822618,0.006366739062984797
27228,408,Springfield,VA,Fairfax County,Springfield,3184.1465378421904,708953.3261433536,699700.0,5160099999,81950.0,2012.0,2056.0,2314.0,2893.0,3413.0,0.00449133450739794,0.004550731081666701,0.004814139202317355,0.0048778047734743465
24336,409,Dearborn,MI,Wayne County,Dearborn,1722.5079365079366,248457.9252255821,170200.0,2601799999,41850.0,764.0,769.0,976.0,1305.0,1406.0,0.0069327953010314405,0.010120493163971426,0.005658905823686051,0.00826086956521739
32629,410,Madera,CA,Madera County,Madera,2341.3809523809523,419053.0086489253,367700.0,0600599999,54950.0,1253.0,1260.0,1493.0,2084.0,2507.0,0.005587314502119509,0.006367639250424129,0.005982536691677394,0.006818058199619255
11726,411,Greenville,NC,Pitt County,Greenville,1525.03078817734,236189.0054042259,194300.0,3714799999,41050.0,878.0,883.0,1096.0,1484.0,1840.0,0.006456823786388044,0.007848846053408852,0.007790371092214602,0.009469891919711785
396054,412,Burbank,CA,Los Angeles County,Burbank,3046.409137968614,1184016.9484528136,783300.0,0603799999,75750.0,1856.0,2081.0,2625.0,3335.0,3698.0,0.0025729438602626743,0.003889198439893545,0.003123266102594456,0.004721051959657858
3568,413,Baytown,TX,Harris County,Baytown,1546.2494949494949,247997.13750756427,255000.0,4800999999,44450.0,823.0,896.0,1102.0,1506.0,1709.0,0.00623494896146667,0.006063723509605862,0.00689120857271134,0.006701960784313726
11049,414,Davie,FL,Broward County,Davie,2415.7920045045043,524513.0868642656,380400.0,1200399999,45750.0,901.0,952.0,1129.0,1523.0,1896.0,0.004605780227423891,0.006350662472409317,0.00361478111315581,0.00498422712933754
16839,415,Auburn,WA,King County,Auburn,2129.9055883242586,611932.3578486325,811200.0,5302199999,52800.0,1101.0,1236.0,1503.0,2003.0,2318.0,0.003480622590072466,0.0026256232597685635,0.0037880003733572463,0.0028574950690335305
11267,416,Edison,NJ,Middlesex County,Edison,2671.0578947368417,628251.7072480771,439300.0,3401399999,67650.0,1551.0,1768.0,2140.0,2695.0,3065.0,0.004251572839231655,0.006080259264140318,0.004878617860706785,0.006977008877760073
41629,417,West Chester,PA,Chester County,West Chester,2177.8376344086023,655272.0198718682,461800.0,4202799999,54050.0,1226.0,1234.0,1431.0,1743.0,1897.0,0.0033235626859734625,0.004715975821586406,0.0028949809277236333,0.004107838891294933
11695,418,Greeley,CO,Weld County,Greeley,1488.8510706736513,426261.269899725,444500.0,0802999999,51000.0,810.0,816.0,1039.0,1421.0,1745.0,0.0034928133888961887,0.003349496221987967,0.004093733405360752,0.0039257592800899885
19903,419,Peoria,IL,Peoria County,Peoria,1266.898901293638,130361.43156647791,152600.0,1707999999,46350.0,597.0,663.0,870.0,1048.0,1239.0,0.009718356772168322,0.008302089785672595,0.009504344844266082,0.008119266055045872
25855,420,Merced,CA,Merced County,Merced,2119.4182123655914,399439.1880713541,368400.0,0603999999,46950.0,1099.0,1106.0,1433.0,2008.0,2293.0,0.005305984679667904,0.005753035321296394,0.005740548420077372,0.006224212812160695
33714,421,Rockville,MD,Montgomery County,Rockville,2506.033872549434,619797.5402467574,615200.0,2403199999,81950.0,2012.0,2056.0,2314.0,2893.0,3413.0,0.004043310451912599,0.004073527101023137,0.005506636890880845,0.00554778933680104
32563,422,Longmont,CO,Boulder County,Longmont,2062.671203789664,563271.5239516421,713900.0,0801399999,75300.0,1466.0,1702.0,2059.0,2704.0,3092.0,0.003661948307485802,0.0028892999072554475,0.005489359693364251,0.004331138814960079
13709,423,Sandy Springs,GA,Fulton County,Sandy Springs,1734.1835719846786,673967.6238489834,431200.0,1304999999,38100.0,717.0,721.0,905.0,1107.0,1300.0,0.00257309625955157,0.004021761530576713,0.001928876037955337,0.0030148423005565863
53360,424,Missouri City,TX,Fort Bend County,Missouri City,2148.06962788897,339850.9152414345,350300.0,4803399999,50950.0,766.0,786.0,976.0,1273.0,1459.0,0.006320623342629381,0.006132085720493776,0.004293058910738868,0.0041650014273479875
45383,425,Gaithersburg,MD,Montgomery County,Gaithersburg,2286.030117861098,535374.6074115247,615200.0,2403199999,81950.0,2012.0,2056.0,2314.0,2893.0,3413.0,0.004269963659490302,0.003715913715638976,0.00637497548959497,0.00554778933680104
17386,426,Chapel Hill,NC,Orange County,Chapel Hill,1758.8262919470465,646610.888664731,428500.0,3704199999,38200.0,854.0,860.0,1128.0,1360.0,1696.0,0.002720069090669151,0.004104612116562535,0.0026229066502456923,0.003957992998833139
48573,427,Woodstock,GA,Cherokee County,Woodstock,2227.796825396825,465051.97875563166,389800.0,1305799999,57100.0,1591.0,1653.0,1830.0,2205.0,2653.0,0.004790425430202187,0.005715230439704529,0.005704738655448357,0.006806054386865059
31163,428,Daly City,CA,San Mateo County,Daly City,2797.154052603328,1114153.3748589845,1494500.0,0600599999,54950.0,1253.0,1260.0,1493.0,2084.0,2507.0,0.002510564627565174,0.001871632019139062,0.002250139035226909,0.0016774841083974574
781837,429,Jurupa Valley,CA,Riverside County,Jurupa Valley,2874.988888888889,670132.1639671369,510300.0,0606599999,55950.0,1776.0,1852.0,2306.0,3079.0,3745.0,0.004290181912578483,0.005633919045441679,0.005588449863128273,0.007338820301783264
39097,430,Idaho Falls,ID,Bonneville County,Idaho Falls,1381.897222222222,391232.7872530149,327000.0,1601599999,53500.0,1300.0,1534.0,1838.0,2575.0,3080.0,0.0035321610745485204,0.004225985389058782,0.007872550819745399,0.009418960244648318
40574,431,Rio Rancho,NM,Sandoval County,Rio Rancho,1912.3331094193163,358495.05384241446,282300.0,3504399999,45700.0,913.0,1084.0,1331.0,1865.0,2209.0,0.005334336105680081,0.006774116576051422,0.006161870230351969,0.007825008855827134
50741,432,Apopka,FL,Orange County,Apopka,2262.1024115393284,398022.5522196296,358300.0,1208799999,65150.0,1565.0,1903.0,2274.0,3026.0,3344.0,0.005683352360122288,0.006313431235108368,0.008401533986834934,0.009332961205693553
4301,433,Davenport,IA,Scott County,Davenport,987.8084169453736,186838.46694565783,212500.0,1914399999,46000.0,646.0,676.0,877.0,1158.0,1163.0,0.005286964901251725,0.004648510197389993,0.0062246282524800415,0.005472941176470588
39452,434,Lithonia,GA,Dekalb County,Lithonia,1783.2880371660858,261513.49352655903,331400.0,1308999999,57100.0,1591.0,1653.0,1830.0,2205.0,2653.0,0.006819105251962752,0.005381074342685835,0.010144792011394104,0.008005431502715751
45911,435,Jackson,MI,Jackson County,Jackson,1023.7777777777778,190945.6891713392,182900.0,2600199999,40950.0,654.0,813.0,933.0,1294.0,1385.0,0.005361617652751105,0.0055974728145313166,0.0072533713958696025,0.007572443958447239
44328,436,Brockton,MA,Plymouth County,Brockton,2266.25,501995.17915022606,513000.0,2502300170,65700.0,1607.0,1652.0,2155.0,2730.0,2953.0,0.004514485584973729,0.0044176413255360624,0.005882526611109728,0.005756335282651072
27942,437,Wichita Falls,TX,Clay County,Wichita Falls,1305.561645493043,174091.92326177287,161300.0,4805999999,43650.0,944.0,950.0,1207.0,1571.0,1899.0,0.007499266025856573,0.008093996562263131,0.010908030449778956,0.011773093614383136
12438,438,Longview,TX,Gregg County,Longview,1262.5931495405175,231863.70716526607,185800.0,4817999999,39700.0,732.0,737.0,967.0,1165.0,1282.0,0.005445410862169024,0.006795442139615272,0.005529110250472385,0.00689989235737352
53636,439,Norwalk,CA,Los Angeles County,Norwalk,2952.455555555556,750275.0213922468,783300.0,0603799999,75750.0,1856.0,2081.0,2625.0,3335.0,3698.0,0.003935164401550829,0.0037692525923088936,0.0049288592776790185,0.004721051959657858
26534,440,Plainfield,IL,Will County,Plainfield,2679.4656084656085,424999.9965380213,298000.0,1710399999,46000.0,605.0,786.0,883.0,1237.0,1319.0,0.006304625012451967,0.008991495330421505,0.003103529437045536,0.004426174496644296
33334,441,Parker,CO,Douglas County,Parker,2534.155363155363,699193.4118888642,674000.0,0800199999,70050.0,1639.0,1789.0,2140.0,2794.0,3127.0,0.0036243982281088244,0.0037598744260465325,0.004472296144141919,0.00463946587537092
33645,442,Rialto,CA,San Bernardino County,Rialto,2937.1666666666665,588562.2459756834,475000.0,0606999999,66800.0,1799.0,1999.0,2623.0,3655.0,4046.0,0.004990409573073459,0.006183508771929825,0.006874379095269324,0.008517894736842105
54219,443,Roswell,GA,Fulton County,Roswell,1871.8494523486904,653762.2353930665,431200.0,1304999999,38100.0,717.0,721.0,905.0,1107.0,1300.0,0.002863196053567187,0.004341023776318855,0.00198849050866083,0.0030148423005565863
23862,444,Bryan,TX,Brazos County,Bryan,1504.0550144300144,272169.7287121779,279700.0,4802399999,39700.0,708.0,713.0,933.0,1307.0,1395.0,0.005526165681785159,0.005377386537111242,0.005125478158797101,0.004987486592777976
52839,445,Lafayette,IN,Tippecanoe County,Lafayette,1287.0961904761905,261838.24624425973,217600.0,1815799999,45300.0,831.0,971.0,1161.0,1399.0,1750.0,0.004915615686164898,0.005914964110644258,0.006683515586823349,0.008042279411764705
53311,446,Midlothian,VA,Chesterfield County,Midlothian,2080.8875000000003,465177.8831159814,336700.0,5104199999,56750.0,1488.0,1545.0,1711.0,2166.0,2677.0,0.004473315640161634,0.0061802420552420564,0.005754787785842672,0.00795069795069795
45417,447,Georgetown,TX,Williamson County,Georgetown,1775.553864405174,435490.75744223566,414600.0,4813999999,58650.0,1531.0,1606.0,1884.0,2361.0,3033.0,0.00407713328942621,0.004282570825868726,0.006964556533446758,0.007315484804630969
45255,448,Federal Way,WA,King County,Federal Way,1960.9222972265827,598773.9656168092,811200.0,5302199999,52800.0,1101.0,1236.0,1503.0,2003.0,2318.0,0.0032748957199677125,0.0024173105241945053,0.0038712437966673804,0.0028574950690335305
3404,449,Anderson,SC,Anderson County,Anderson,1323.9209401709402,269334.1151922029,212500.0,4500799999,43550.0,787.0,792.0,947.0,1204.0,1581.0,0.004915533775682893,0.006230216189039718,0.005870032464590543,0.00744
45127,450,Elkhart,IN,Elkhart County,Elkhart,1001.4166666666666,218847.65275785248,194400.0,1801999999,48300.0,1003.0,1094.0,1330.0,1714.0,1989.0,0.00457586203940099,0.005151320301783264,0.009088514201250132,0.010231481481481482
37933,451,Clinton Township,MI,Macomb County,Clinton Township,1309.9252501725327,264058.09023383,231400.0,2600199999,40950.0,654.0,813.0,933.0,1294.0,1385.0,0.00496074651230175,0.005660869706882164,0.005245058005128903,0.005985306828003458
32452,452,Lawrence,KS,Douglas County,Lawrence,1334.1238095238095,330548.4096460812,281600.0,2004599999,51750.0,846.0,955.0,1138.0,1595.0,1911.0,0.0040360920536639654,0.0047376555735930736,0.005781301450054203,0.006786221590909091
31543,453,Fayetteville,AR,Washington County,Fayetteville,1657.6095339926935,373060.8505677523,266000.0,0513799999,33550.0,618.0,646.0,848.0,1188.0,1193.0,0.00444326852166347,0.006231614789446217,0.003197869726036388,0.004484962406015038
52179,454,Gastonia,NC,Gaston County,Gastonia,1715.5296913580248,278863.96097906213,235000.0,3700799999,38200.0,834.0,927.0,1216.0,1465.0,1728.0,0.006151851552760636,0.007300126346204361,0.006196569803904288,0.0073531914893617024
54089,455,Redmond,WA,King County,Redmond,2623.5262726931965,1394050.473107529,811200.0,5302199999,52800.0,1101.0,1236.0,1503.0,2003.0,2318.0,0.0018819449677779584,0.003234130020578398,0.0016627805411039826,0.0028574950690335305
34103,456,Springfield,OH,Clark County,Springfield,1069.4444444444443,187199.6277205732,155900.0,3901999999,43250.0,671.0,755.0,978.0,1229.0,1297.0,0.00571285561550779,0.006859810419784762,0.006928432581799734,0.008319435535599743
23444,457,Allen,TX,Collin County,Allen,1920.021822453828,511031.3934088233,447600.0,4805999999,43650.0,944.0,950.0,1207.0,1571.0,1899.0,0.003757150435800756,0.004289592990290054,0.0037160143672050434,0.004242627345844504
10917,458,Columbia,MD,Howard County,Columbia,2210.2452133213005,518284.8868179034,576700.0,2402599999,65150.0,1407.0,1604.0,1965.0,2529.0,2826.0,0.004264537264228309,0.0038325736315611247,0.005452599664541057,0.0049002947806485175
52747,459,Kennewick,WA,Benton County,Kennewick,1792.125,433426.27438681154,369400.0,5300599999,52800.0,1101.0,1236.0,1503.0,2003.0,2318.0,0.004134786250638366,0.004851448294531673,0.0053480837156893255,0.006275040606388739
16425,460,Acworth,GA,Cobb County,Acworth,2145.636824485892,415484.4902961829,373700.0,1300599999,38100.0,629.0,715.0,905.0,1268.0,1300.0,0.005164180311415114,0.005741602420352935,0.0031288773236114783,0.0034787262510034785
46183,461,Lawton,OK,Comanche County,Lawton,1079.2694022289768,134471.78949772476,154300.0,4002999999,37100.0,678.0,694.0,910.0,1217.0,1467.0,0.008025991222844833,0.0069946169943550015,0.010909351362687275,0.00950745301360985
4042,462,Champaign,IL,Champaign County,Champaign,1419.9498316498318,231522.30949683825,205100.0,1701999999,50450.0,904.0,909.0,1080.0,1405.0,1432.0,0.006133101534516366,0.006923207370306347,0.006185149081797475,0.006981960019502681
17472,463,Clermont,FL,Lake County,Clermont,2234.031329781329,434591.4515004407,287900.0,1200399999,45750.0,901.0,952.0,1129.0,1523.0,1896.0,0.0051405321528259825,0.007759747585207812,0.004362718119406169,0.006585620006946857
46348,464,Lynchburg,VA,Campbell County,Lynchburg,1320.3054545454545,263175.47127865016,199200.0,5100799999,56750.0,1488.0,1545.0,1711.0,2166.0,2677.0,0.005016825649178814,0.006628039430449068,0.010171920608686182,0.013438755020080321
6932,465,Sandy,UT,Salt Lake County,Sandy,1970.1503831417624,658007.4149454589,484500.0,4903599999,61350.0,1243.0,1453.0,1748.0,2348.0,2670.0,0.0029941157780191048,0.004066357859941718,0.004057705033949066,0.005510835913312693
20128,466,Redwood City,CA,San Mateo County,Redwood City,3851.8835585032334,1818112.0946738224,1494500.0,0600599999,54950.0,1253.0,1260.0,1493.0,2084.0,2507.0,0.002118617201759652,0.002577372739045322,0.0013789028780702144,0.0016774841083974574
38529,467,Fishers,IN,Hamilton County,Fishers,2046.0891203703704,442342.157465145,379100.0,1802399999,44550.0,675.0,778.0,985.0,1266.0,1307.0,0.004625580189090602,0.005397227961937142,0.0029547262858457867,0.0034476391453442364
17309,468,Carmel,IN,Hamilton County,Carmel,1919.714116337592,562067.8609907584,379100.0,1802399999,44550.0,675.0,778.0,985.0,1266.0,1307.0,0.0034154490045983188,0.0050638726360791135,0.0023253419928621214,0.0034476391453442364
5891,469,Medford,OR,Jackson County,Medford,1816.717171717172,407139.441567241,400200.0,4102999999,46200.0,998.0,1137.0,1456.0,2040.0,2404.0,0.004462149785154463,0.004539523167709076,0.00590461093807579,0.0060069965017491254
32540,470,Livermore,CA,Alameda County,Livermore,3229.2542857142857,1134378.7555782297,1057400.0,0600199999,79900.0,1937.0,2201.0,2682.0,3432.0,4077.0,0.0028467161164951738,0.0030539571455591883,0.003594037687987043,0.0038556837526007187
37736,471,Canton,GA,Cherokee County,Canton,2160.576262626262,515074.4413010448,389800.0,1305799999,57100.0,1591.0,1653.0,1830.0,2205.0,2653.0,0.0041946873876498045,0.005542781587035049,0.005150711794781922,0.006806054386865059
34308,472,Tomball,TX,Harris County,Tomball,1977.8628733097423,364410.6395317264,255000.0,4800999999,44450.0,823.0,896.0,1102.0,1506.0,1709.0,0.005427566208965052,0.007756324993371539,0.004689764278551506,0.006701960784313726
31612,473,Fort Mill,SC,York County,Fort Mill,1819.504493464052,541405.6968491569,322700.0,4505199999,43400.0,1133.0,1199.0,1406.0,1771.0,2065.0,0.0033607043739160933,0.005638377729978469,0.003814145311026045,0.0063991323210412145
39398,474,Lees Summit,MO,Jackson County,Lees Summit,1708.7677777777778,386051.6401870383,213300.0,2900599999,38550.0,615.0,628.0,824.0,993.0,1190.0,0.004426267369178632,0.008011100692816586,0.0030824891701624595,0.005578996718237224
39558,475,Lynn,MA,Essex County,Lynn,2439.5467032967035,586220.1522564661,584000.0,2501700380,82700.0,2263.0,2394.0,2837.0,3418.0,3761.0,0.00416148556801818,0.004177305998795725,0.006415678453774131,0.0064400684931506845
10700,476,Canton,MI,Wayne County,Canton,1804.082748538012,409901.5799945532,170200.0,2601799999,41850.0,764.0,769.0,976.0,1305.0,1406.0,0.004401258342458658,0.010599781131245664,0.003430091682053734,0.00826086956521739
13715,477,Santa Cruz,CA,Santa Cruz County,Santa Cruz,3720.164070136853,1317044.5713024694,1015200.0,0608399999,88250.0,2381.0,2688.0,3028.0,4011.0,4468.0,0.0028246303513159454,0.0036644642140827945,0.003392444035194227,0.004401103230890465
53978,478,Portsmouth,VA,Portsmouth City,Portsmouth,1645.851851851852,261842.7167321375,,5174099999,53250.0,1475.0,1483.0,1696.0,2361.0,2809.0,0.0062856506852376655,,0.01072781414376165,
39220,479,Kenosha,WI,Kenosha County,Kenosha,1621.9294871794873,268792.649994153,247800.0,5505999999,53400.0,1104.0,1111.0,1447.0,1944.0,2216.0,0.006034128861837438,0.0065453167359947025,0.008244273048568122,0.00894269572235674
20398,480,Scranton,PA,Lackawanna County,Scranton,1305.611111111111,198956.33870903656,189900.0,4206999999,41850.0,779.0,928.0,1123.0,1462.0,1596.0,0.006562299646157544,0.006875255982680943,0.00802186052656542,0.008404423380726698
33058,481,New Bedford,MA,Bristol County,New Bedford,1613.0952380952378,434458.0451378615,421800.0,2500500520,59800.0,1081.0,1177.0,1448.0,1745.0,2088.0,0.003712890706358938,0.00382431303483935,0.0048059876514369515,0.0049502133712660025
38047,482,Covington,GA,Newton County,Covington,1888.1126139941928,298751.3156521472,233300.0,1308599999,57100.0,1591.0,1653.0,1830.0,2205.0,2653.0,0.006320014390137874,0.008093067355311585,0.008880295620485352,0.011371624517788255
30552,484,Bowie,MD,Prince Georges County,Bowie,2415.711111111111,531379.6038672074,404300.0,2403399999,81950.0,2012.0,2056.0,2314.0,2893.0,3413.0,0.004546111844584086,0.005975046032923846,0.006422903655242503,0.008441751174870145
40737,485,San Marcos,CA,San Diego County,San Marcos,3430.091035579408,949011.8937497789,791600.0,0606999999,66800.0,1799.0,1999.0,2623.0,3655.0,4046.0,0.003614381503719913,0.00433311146485524,0.004263381762280408,0.005111167256189995
6112,486,Napa,CA,Napa County,Napa,3007.8478260869565,891675.3737279982,838800.0,0604399999,46950.0,928.0,1119.0,1338.0,1875.0,2247.0,0.0033732543420050623,0.0035858939271422945,0.002519975392620227,0.002678826895565093
41715,487,Williamsburg,VA,James City County,Williamsburg,2002.8195631528963,463402.9293823591,419200.0,5100999999,44250.0,1043.0,1062.0,1200.0,1647.0,1785.0,0.004321982957298802,0.004777718423551756,0.003851939396194831,0.004258110687022901
16773,488,Annapolis,MD,Anne Arundel County,Annapolis,2376.1222465886945,619951.4871953422,450300.0,2400399999,65150.0,1407.0,1604.0,1965.0,2529.0,2826.0,0.003832755135951461,0.005276753823203852,0.004558421196446857,0.006275816122584943
38992,489,Highlands Ranch,CO,Douglas County,Highlands Ranch,2733.578231292517,719206.9466956685,674000.0,0800199999,70050.0,1639.0,1789.0,2140.0,2794.0,3127.0,0.0038008228978483813,0.004055754052362785,0.004347844545115588,0.00463946587537092
54294,490,San Angelo,TX,Tom Green County,San Angelo,1335.523148148148,227549.0180920397,186700.0,4803399999,50950.0,766.0,786.0,976.0,1273.0,1459.0,0.005869166825443965,0.007153310916701382,0.006411805299066856,0.007814675950723085
41059,491,Sterling,VA,Loudoun County,Sterling,2857.8349019607845,638902.3931300947,701000.0,5106399999,44100.0,691.0,695.0,912.0,1149.0,1209.0,0.004473038343086729,0.00407679729238343,0.0018923078282378897,0.001724679029957204
40355,492,Pittsburg,CA,Contra Costa County,Pittsburg,2398.894736842105,572302.8866193007,830800.0,0601399999,79900.0,1937.0,2201.0,2682.0,3432.0,4077.0,0.004191652345164326,0.002887451536882649,0.007123850141807942,0.004907318247472316
44583,493,Chino,CA,San Bernardino County,Chino,3207.3717105263154,766476.615264774,475000.0,0606999999,66800.0,1799.0,1999.0,2623.0,3655.0,4046.0,0.004184565643164927,0.006752361495844875,0.005278699857793232,0.008517894736842105
52696,494,Johnson City,TN,Washington County,Johnson City,1604.7382352941177,295345.706329156,231700.0,4717999999,42400.0,890.0,895.0,1119.0,1389.0,1562.0,0.005433423276198482,0.006925931097514534,0.005288717480995599,0.006741476046611999
12773,495,Mission Viejo,CA,Orange County,Mission Viejo,3234.7214869281047,1208389.8152222831,915500.0,0600399999,57700.0,1003.0,1101.0,1445.0,2025.0,2396.0,0.0026768857583701813,0.0035332839835369796,0.0019828038682693267,0.002617149098853086
53359,496,Missoula,MT,Missoula County,Missoula,1579.067885331043,568707.6298590694,423100.0,3005799999,43650.0,1139.0,1147.0,1492.0,1798.0,2505.0,0.002776589942572688,0.0037321387032168353,0.004404723742884829,0.005920586149846372
53569,497,Newnan,GA,Coweta County,Newnan,1826.0015873015875,371149.8536375404,321900.0,1306999999,38100.0,722.0,727.0,905.0,1129.0,1322.0,0.004919849945797996,0.0056725740518843975,0.003561903600509152,0.004106865486175831
54628,498,Sunrise,FL,Broward County,Sunrise,2593.8202194870246,371448.27754718094,380400.0,1200399999,45750.0,901.0,952.0,1129.0,1523.0,1896.0,0.006982991647222164,0.00681866514060732,0.005104344573947236,0.00498422712933754
42150,499,Hawthorne,CA,Los Angeles County,Hawthorne,2228.4356725146195,874561.5578879303,783300.0,0603799999,75750.0,1856.0,2081.0,2625.0,3335.0,3698.0,0.0025480603994260855,0.0028449325577870796,0.004228404469241348,0.004721051959657858
26319,500,Orem,UT,Utah County,Orem,1589.50373015873,499026.65129266446,489200.0,4900599999,51700.0,914.0,920.0,1169.0,1638.0,1963.0,0.003185208096684465,0.0032491899635297013,0.003933657641160247,0.0040126737530662305
13444,501,Rapid City,SD,Pennington County,Rapid City,1362.3567251461989,363094.0961589964,270400.0,4602999999,46950.0,687.0,764.0,1002.0,1272.0,1603.0,0.003752076223650941,0.005038301498321742,0.004414833556803571,0.005928254437869823
17453,502,Spokane Valley,WA,Spokane County,Spokane Valley,1558.52582316988,418113.28717536136,370500.0,5304599999,50100.0,955.0,961.0,1261.0,1767.0,1917.0,0.0037275204375799157,0.00420654743095784,0.004584881798305513,0.005174089068825911
32542,503,Livonia,MI,Wayne County,Livonia,1856.3333333333333,314261.0874177071,170200.0,2601799999,41850.0,764.0,769.0,976.0,1305.0,1406.0,0.005906978011776389,0.01090677634155895,0.004473986937272905,0.00826086956521739
39071,504,Humble,TX,Harris County,Humble,1809.767074284316,258916.4995758856,255000.0,4800999999,44450.0,823.0,896.0,1102.0,1506.0,1709.0,0.006989771131808049,0.007097125781507122,0.006600583596639853,0.006701960784313726
46325,505,Loveland,CO,Larimer County,Loveland,1923.5903361555536,506083.8891506688,532200.0,0804599999,52800.0,1211.0,1219.0,1599.0,2241.0,2463.0,0.003800931777108739,0.003614412506868759,0.004866782074674438,0.004627959413754228
44641,506,Cleveland,TN,Bradley County,Cleveland,1442.0671023965142,308740.0454553844,230800.0,4701199999,41500.0,830.0,922.0,1210.0,1579.0,1604.0,0.004670813273572914,0.006248124360470166,0.005195309204655124,0.006949740034662045
45878,507,Indio,CA,Riverside County,Indio,2709.4041514041514,520386.4336430477,510300.0,0606599999,55950.0,1776.0,1852.0,2306.0,3079.0,3745.0,0.005206523414602757,0.005309433963167061,0.007196575002508298,0.007338820301783264
40919,508,Simpsonville,SC,Greenville County,Simpsonville,1769.8436819172111,376507.6820683342,273900.0,4500199999,36200.0,705.0,711.0,933.0,1232.0,1269.0,0.004700684119364113,0.006461641774067948,0.0033704491579794197,0.004633077765607886
44571,509,Cheyenne,WY,Laramie County,Cheyenne,1344.3369408369408,379907.1609718278,324900.0,5602199999,49650.0,782.0,903.0,1141.0,1599.0,1916.0,0.003538593316846246,0.004137694493188491,0.005043337417222525,0.005897199138196368
54902,510,Valdosta,GA,Lowndes County,Valdosta,1449.2758620689656,206204.67866890828,197900.0,1309199999,38100.0,685.0,690.0,905.0,1090.0,1200.0,0.007028336463674472,0.007323273684027113,0.005819460585211916,0.00606366851945427
33801,511,Saint George,UT,Washington County,Saint George,1848.511616161616,521495.5168255658,465600.0,4905399999,50350.0,1146.0,1166.0,1485.0,1976.0,2494.0,0.0035446356805017786,0.003970170996910687,0.004782399693829418,0.005356529209621993
47762,512,South Gate,CA,Los Angeles County,South Gate,1947.9166666666667,688800.9426632519,783300.0,0603799999,75750.0,1856.0,2081.0,2625.0,3335.0,3698.0,0.0028279819988849585,0.0024868079492744374,0.005368749911551611,0.004721051959657858
31892,513,Gulfport,MS,Harrison County,Gulfport,1436.0408906882592,198794.85708335333,199300.0,2801599999,38400.0,707.0,711.0,933.0,1165.0,1242.0,0.00722373260434065,0.007205423435465425,0.006247646534835847,0.006231811339688911
31567,514,Flagstaff,AZ,Coconino County,Flagstaff,2394.201754385965,662703.6419568938,413200.0,0400399999,35600.0,854.0,1085.0,1201.0,1683.0,2017.0,0.0036127789298337643,0.005794292726006692,0.0030435927499115776,0.0048814133591481125
46863,515,Ogden,UT,Weber County,Ogden,1411.111403508772,403049.1433821288,389200.0,4900199999,50150.0,692.0,821.0,972.0,1245.0,1381.0,0.003501090193785388,0.0036256716431366186,0.0034263811812414178,0.0035483042137718396
16785,516,Apex,NC,Wake County,Apex,2101.715280515044,615962.4030882609,422800.0,3700999999,38200.0,713.0,717.0,930.0,1228.0,1233.0,0.0034120837083199225,0.004970944372079102,0.002001745551056505,0.0029162724692526018
33450,517,Plantation,FL,Broward County,Plantation,2508.190557590558,507942.4684698905,380400.0,1200399999,45750.0,901.0,952.0,1129.0,1523.0,1896.0,0.004937942214491634,0.006593560876946788,0.003732706197438953,0.00498422712933754
41109,518,Suffolk,VA,Suffolk City,Suffolk,1970.647435897436,378016.34265320486,,5180099999,53250.0,1475.0,1483.0,1696.0,2361.0,2809.0,0.005213127617885355,,0.007430895659918594,
38583,519,Fort Smith,AR,Sebastian County,Fort Smith,1044.8827952233526,189454.21457569965,166000.0,0512599999,46350.0,887.0,892.0,1032.0,1376.0,1628.0,0.005515225921806305,0.006294474670020196,0.008593105218831144,0.009807228915662651
20776,520,Terre Haute,IN,Vigo County,Terre Haute,1033.2551892551892,159133.68250499302,140400.0,1811599999,55900.0,883.0,993.0,1287.0,1707.0,1885.0,0.006493001186111366,0.00735936744483753,0.01184538666062011,0.013425925925925926
397329,521,Holland,MI,Ottawa County,Holland,1747.5108225108224,361519.73339930206,291200.0,2612799999,40950.0,657.0,711.0,933.0,1129.0,1444.0,0.004833790969248917,0.006001067384995956,0.003994249460250315,0.004958791208791209
13366,522,Port Charlotte,FL,Charlotte County,Port Charlotte,1901.2997347480105,278646.9235333865,291000.0,1201599999,43900.0,1153.0,1160.0,1461.0,2047.0,2246.0,0.006823329361180632,0.006533676064426152,0.008060379678768971,0.007718213058419244
26964,523,Santa Monica,CA,Los Angeles County,Santa Monica,3629.984143053436,1655708.4732746065,783300.0,0603799999,75750.0,1856.0,2081.0,2625.0,3335.0,3698.0,0.002192405367035521,0.004634219511111242,0.0022334849761843733,0.004721051959657858
18329,524,Goodyear,AZ,Maricopa County,Goodyear,1995.986238516473,472852.2401063275,414700.0,0401399999,56100.0,1530.0,1679.0,1950.0,2624.0,2934.0,0.004221162699932747,0.004813084732376351,0.006204898171446219,0.007074993971545695
5470,525,Lacey,WA,Thurston County,Lacey,2304.583507255019,513449.8125027136,451500.0,5306799999,58350.0,1393.0,1585.0,1843.0,2526.0,3095.0,0.004488429932463632,0.00510428240809528,0.0060278530143267756,0.006854928017718715
24307,526,Dallas,GA,Paulding County,Dallas,2116.3905530917914,359170.94097806653,289000.0,1300199999,38100.0,710.0,715.0,905.0,1246.0,1520.0,0.005892432576334266,0.007323150702739763,0.004231968198376109,0.005259515570934256
17040,527,Bismarck,ND,Burleigh County,Bismarck,1414.0389309764312,364748.548283248,314700.0,3801399999,63300.0,703.0,707.0,928.0,1118.0,1558.0,0.003876749990183236,0.004493291804818656,0.004271435780438321,0.004950746742929775
38581,528,Fort Pierce,FL,Saint Lucie County,Fort Pierce,2030.2404761904763,279700.2503746187,305800.0,1211199999,47350.0,1311.0,1363.0,1624.0,2259.0,2457.0,0.007258629455895224,0.006639112086953814,0.00878440400646477,0.008034663178548071
53148,529,Manteca,CA,San Joaquin County,Manteca,2657.373611111111,598285.2400755072,494500.0,0607799999,52300.0,1248.0,1363.0,1736.0,2433.0,2915.0,0.004441649957427889,0.005373859678687788,0.004872257921041324,0.005894843276036401
45291,530,Florence,SC,Florence County,Florence,1473.1178774928776,219570.29518931825,165500.0,4504199999,38500.0,857.0,862.0,1065.0,1359.0,1461.0,0.006709094580497437,0.008901014365515877,0.006653905523697066,0.008827794561933534
45449,531,Glen Burnie,MD,Anne Arundel County,Glen Burnie,1700.2636262513904,396419.7183227425,450300.0,2400399999,65150.0,1407.0,1604.0,1965.0,2529.0,2826.0,0.004289049075170201,0.003775846382969999,0.007128807850317957,0.006275816122584943
31525,532,Fall River,MA,Bristol County,Fall River,1803.3831908831908,444298.38140212913,421800.0,2500500520,59800.0,1081.0,1177.0,1448.0,1745.0,2088.0,0.004058946119029343,0.004275446161411073,0.004699544466965268,0.0049502133712660025
32921,533,Monroe,LA,Ouachita Parish,Monroe,972.7777777777776,149805.6059340048,,2200199999,34600.0,619.0,688.0,903.0,1088.0,1197.0,0.006493600634720734,,0.007990355184220043,
31580,534,Florissant,MO,Saint Louis County,Florissant,1634.761741814278,195450.8511597524,260700.0,2918999999,55700.0,951.0,984.0,1215.0,1570.0,1806.0,0.008364055373072282,0.006270662607649705,0.009240174648939543,0.006927502876869966
26366,535,Palm Coast,FL,Flagler County,Palm Coast,2039.7500626266767,349412.7286908646,333400.0,1200399999,45750.0,901.0,952.0,1129.0,1523.0,1896.0,0.005837652424022887,0.006118026582563518,0.005426247655898779,0.0056868626274745055
16701,536,Albany,GA,Dougherty County,Albany,1070.560185185185,130756.04392317172,129200.0,1309199999,38100.0,685.0,690.0,905.0,1090.0,1200.0,0.00818746233875211,0.008286069544776974,0.00917739604224401,0.009287925696594427
53100,537,Macomb,MI,Macomb County,Macomb,2109.222222222222,430809.1220329301,231400.0,2600199999,40950.0,654.0,813.0,933.0,1294.0,1385.0,0.004895955341588607,0.009115048497070968,0.0032148808582891,0.005985306828003458
52333,538,Greenwood,IN,Johnson County,Greenwood,1749.7944047619048,325635.8510246942,260400.0,1801199999,55350.0,955.0,1097.0,1283.0,1669.0,2028.0,0.005373469779988111,0.0067196405712822765,0.00622781549887211,0.007788018433179724
38968,539,Herndon,VA,Fairfax County,Herndon,2534.7606509344314,740715.8009081786,699700.0,5160099999,81950.0,2012.0,2056.0,2314.0,2893.0,3413.0,0.0034220420947232476,0.003622639203850838,0.0046077051357826864,0.0048778047734743465
51758,540,Duluth,MN,Saint Louis County,Duluth,1365.8682476943347,293068.8392457525,208500.0,2705999999,66200.0,1220.0,1381.0,1685.0,2244.0,2513.0,0.004660571390699739,0.006550926847454843,0.008574777197287518,0.012052757793764989
34780,541,Westminster,CA,Orange County,Westminster,3294.50024050024,1065537.9770673967,915500.0,0600399999,57700.0,1003.0,1101.0,1445.0,2025.0,2396.0,0.0030918656222535166,0.0035985802736212343,0.0022486293793059706,0.002617149098853086
51534,542,Conyers,GA,Rockdale County,Conyers,1872.2222222222224,305647.39022584807,256600.0,1304399999,38100.0,710.0,715.0,905.0,1268.0,1377.0,0.006125431729807362,0.007296267428769378,0.00450519142002983,0.005366328916601715
737787,543,San Tan Valley,AZ,Pinal County,San Tan Valley,2054.5024869185213,403468.6963593792,312100.0,0400799999,38200.0,966.0,1078.0,1409.0,1925.0,2004.0,0.005092098855393051,0.006582833985640888,0.004966928086572023,0.006421018904197373
33031,544,Nashua,NH,Hillsborough County,Nashua,2171.196428571429,502548.4875575755,385500.0,3301101300,73400.0,1458.0,1621.0,2126.0,2824.0,2999.0,0.004320372028425777,0.005632156753752085,0.005967583376034762,0.0077795071335927364
30236,545,Appleton,WI,Outagamie County,Appleton,1287.9301994301993,294177.742402557,244100.0,5508799999,55750.0,769.0,866.0,1106.0,1528.0,1563.0,0.004378068132930932,0.005276240063212615,0.005313114402316571,0.006403113478082753
32471,546,Leesburg,VA,Loudoun County,Leesburg,2384.3707264957266,848934.9416004753,701000.0,5106399999,44100.0,691.0,695.0,912.0,1149.0,1209.0,0.002808661311549426,0.0034013847738883405,0.0014241373994109646,0.001724679029957204
24359,547,Deltona,FL,Volusia County,Deltona,2004.4896480331263,301052.97683654074,278000.0,1202399999,38300.0,815.0,820.0,1076.0,1305.0,1427.0,0.006658262173974386,0.007210394417385346,0.004740029529004796,0.005133093525179856
52417,548,Harlingen,TX,Cameron County,Harlingen,1210.7279106858057,196635.43146806667,120000.0,4800199999,39700.0,846.0,851.0,1033.0,1245.0,1563.0,0.006157221522319727,0.010089399255715047,0.007948720067033439,0.013025
31403,549,Ellicott City,MD,Howard County,Ellicott City,2384.193223443224,744399.2944615603,576700.0,2402599999,65150.0,1407.0,1604.0,1965.0,2529.0,2826.0,0.0032028418634756513,0.004134200144690868,0.003796349648670886,0.0049002947806485175
24965,550,Greer,SC,Greenville County,Greer,1691.4508469449486,349311.738695666,273900.0,4500199999,36200.0,705.0,711.0,933.0,1232.0,1269.0,0.004842238778636083,0.0061754320808504876,0.0036328581591287493,0.004633077765607886
12886,551,Muncie,IN,Delaware County,Muncie,916.4674509803922,152638.7416211391,127600.0,1803199999,46850.0,746.0,809.0,1061.0,1278.0,1407.0,0.006004160157813235,0.00718234679451718,0.009217843288385333,0.01102664576802508
41587,552,Waukegan,IL,Lake County,Waukegan,1915.3277777777776,235213.63994224905,326600.0,1702399999,45900.0,635.0,747.0,926.0,1181.0,1228.0,0.008142928183280695,0.005864445124855412,0.005220785666602946,0.0037599510104102877
10451,553,Bloomington,MN,Hennepin County,Bloomington,1677.9860784057212,368261.3225147825,376500.0,2705399999,66200.0,1220.0,1381.0,1685.0,2244.0,2513.0,0.004556509130383532,0.004456802333082925,0.006823958548889219,0.006674634794156706
51757,554,Duluth,GA,Gwinnett County,Duluth,1707.965759978418,453265.3120273261,345700.0,1313599999,57100.0,1591.0,1653.0,1830.0,2205.0,2653.0,0.0037681369270001616,0.004940600983449285,0.005853084120057389,0.007674284061324848
33865,555,Sanford,FL,Seminole County,Sanford,1837.0539821289824,346660.14773551235,357300.0,1208799999,65150.0,1565.0,1903.0,2274.0,3026.0,3344.0,0.0052992938303671995,0.005141488894847418,0.009646335241717305,0.009359082003918277
53415,556,Morgantown,WV,Monongalia County,Morgantown,1548.530580296896,277287.24286785146,254200.0,5406199999,49200.0,838.0,844.0,1065.0,1283.0,1788.0,0.005584572028201416,0.006091780410294634,0.006448187019018825,0.0070338316286388675
12864,557,Mount Pleasant,SC,Charleston County,Mount Pleasant,2549.6125847733183,867913.8787249891,450800.0,4501799999,46350.0,1063.0,1172.0,1298.0,1656.0,1991.0,0.0029376331537857565,0.0056557510753622855,0.0022940064087059917,0.00441659272404614
24120,558,Clifton,NJ,Passaic County,Clifton,2684.898412698413,607638.034574001,439400.0,3400199999,50100.0,1240.0,1414.0,1719.0,2409.0,2654.0,0.004418581885810891,0.006110374175462933,0.004367731855134199,0.006040054619936276
54529,559,Stafford,VA,Stafford County,Stafford,2586.4876283846875,559554.7841206301,458800.0,5101999999,44250.0,1043.0,1062.0,1200.0,1647.0,1785.0,0.004622402849167824,0.005637505728824515,0.0031900361692112447,0.0038905841325196163
40013,560,Newton,MA,Middlesex County,Newton,3335.019746276889,1532208.846566423,687200.0,2501700380,82700.0,2263.0,2394.0,2837.0,3418.0,3761.0,0.0021766091181045217,0.004853055509716078,0.0024546262139317023,0.005472933643771828
27768,561,Warner Robins,GA,Houston County,Warner Robins,1559.1916730523626,206979.03964945755,205600.0,1303799999,38100.0,685.0,690.0,905.0,1195.0,1270.0,0.007533089706537582,0.0075836170868305575,0.006135887006485724,0.00617704280155642
14446,562,Waldorf,MD,Charles County,Waldorf,2381.6602564102564,444183.03008563904,402300.0,2400999999,79300.0,2012.0,2056.0,2314.0,2893.0,3413.0,0.005361889345369789,0.005920110008476899,0.007683769457248219,0.008483718617946806
34637,563,Walnut Creek,CA,Contra Costa County,Walnut Creek,2881.172222222222,1068911.4619358175,830800.0,0601399999,79900.0,1937.0,2201.0,2682.0,3432.0,4077.0,0.0026954264453338058,0.0034679492323329585,0.0038141606159002926,0.004907318247472316
4502,564,Easton,PA,Northampton County,Easton,1864.933905228758,375415.62355781306,285000.0,4209599999,50100.0,1033.0,1213.0,1507.0,1924.0,2005.0,0.004967651286205895,0.006543627737644765,0.00534074735888352,0.007035087719298246
6665,565,Quincy,MA,Norfolk County,Quincy,2669.2750199893394,681156.128161173,649400.0,2502102935,65700.0,1607.0,1652.0,2155.0,2730.0,2953.0,0.003918741841455979,0.004110371142576747,0.004335276272081444,0.004547274407145057
13653,567,Saint Cloud,FL,Osceola County,Saint Cloud,2406.493477282951,403848.581787857,317600.0,1201999999,51250.0,1381.0,1454.0,1730.0,2163.0,2739.0,0.005958900404278478,0.0075771205204123145,0.006782244939116329,0.008624055415617128
18765,568,Jonesboro,AR,Craighead County,Jonesboro,1373.8912698412698,221107.34374124196,198700.0,0503199999,39650.0,697.0,812.0,973.0,1304.0,1526.0,0.006213684478291732,0.0069143999488740305,0.006901625130035712,0.0076799194765978865
20337,569,San Ramon,CA,Contra Costa County,San Ramon,3527.889880952381,1564798.8923097372,830800.0,0601399999,79900.0,1937.0,2201.0,2682.0,3432.0,4077.0,0.0022545324503297696,0.0042463768427448015,0.0026054466296190327,0.004907318247472316
51414,570,Citrus Heights,CA,Sacramento County,Citrus Heights,1861.8869565217392,480331.722944788,498900.0,0606799999,64300.0,1679.0,1777.0,2206.0,2992.0,3455.0,0.0038762523222638677,0.003731984278456082,0.0071929456976489075,0.006925235518139908
46604,571,Mooresville,NC,Iredell County,Mooresville,1765.4474598349975,484621.16982257087,292300.0,3702799999,38800.0,818.0,851.0,1046.0,1334.0,1567.0,0.003642943333411047,0.006039847621741353,0.003233453463400513,0.005360930550803968
33287,572,Owensboro,KY,Daviess County,Owensboro,1131.6666666666667,200097.96503761303,185800.0,2100199999,35450.0,624.0,677.0,867.0,1215.0,1305.0,0.005655563096076184,0.006090778614998207,0.006521805455416276,0.007023681377825619
10528,573,Brandon,FL,Hillsborough County,Brandon,1988.5702026554857,357894.83249225,333300.0,1205799999,52150.0,1566.0,1686.0,1978.0,2533.0,3082.0,0.005556297610691395,0.005966307238690326,0.008611468286753592,0.009246924692469247
54944,574,Victoria,TX,Victoria County,Victoria,1479.5892857142856,215129.8343931107,197600.0,4807999999,39700.0,732.0,752.0,933.0,1124.0,1395.0,0.006877657345334096,0.007487800028918449,0.006484456253756468,0.007059716599190283
17394,575,Charleston,WV,Kanawha County,Charleston,1194.9722222222224,162443.4212111143,135000.0,5403999999,38400.0,723.0,856.0,1054.0,1356.0,1397.0,0.007356236487221084,0.00885164609053498,0.00859991737175022,0.010348148148148148
7476,576,Troy,MI,Oakland County,Troy,1878.5686956521736,456191.5945470675,320400.0,2600599999,50350.0,846.0,851.0,1111.0,1416.0,1496.0,0.0041179379850637575,0.005863198176192802,0.0032793239022418036,0.00466916354556804
46179,577,Lawrence,MA,Essex County,Lawrence,2467.724747474748,506061.6305679609,584000.0,2501700380,82700.0,2263.0,2394.0,2837.0,3418.0,3761.0,0.004876332443353158,0.004225556074443061,0.007431901121962103,0.0064400684931506845
54428,578,Sioux City,IA,Woodbury County,Sioux City,1236.9444444444443,198724.6652696716,172000.0,1919399999,46000.0,715.0,818.0,1043.0,1257.0,1383.0,0.006224413274345673,0.0071915374677002574,0.006959377680285704,0.008040697674418605
26222,579,Norwalk,CT,Fairfield County,Norwalk,2644.7770251778875,649428.9603437888,,,,,,,,,0.00407246548379644,,,
5291,581,Iowa City,IA,Johnson County,Iowa City,1401.203947368421,300099.234531197,293100.0,1901599999,54400.0,714.0,719.0,930.0,1303.0,1315.0,0.004669135359699686,0.004780634416132449,0.004381883886022703,0.004486523370863187
3869,582,Buckeye,AZ,Maricopa County,Buckeye,2078.551978114478,401419.1386273268,414700.0,0401399999,56100.0,1530.0,1679.0,1950.0,2624.0,2934.0,0.00517800916324566,0.005012182247683815,0.007309068546240626,0.007074993971545695
13059,583,O Fallon,MO,Saint Charles County,O Fallon,1940.3875,374942.85987422086,296800.0,2918399999,55700.0,951.0,984.0,1215.0,1570.0,1806.0,0.005175155224054478,0.006537693733153639,0.004816733943422325,0.0060849056603773585
23742,584,Bloomington,IL,McLean County,Bloomington,1451.9305555555557,265645.90356418095,198300.0,1700399999,45250.0,747.0,794.0,985.0,1380.0,1654.0,0.005465661378831556,0.007321888832857063,0.006226333543292859,0.008340897629853758
31166,585,Danbury,CT,Fairfield County,Danbury,2507.5130249867093,476395.0205849949,,,,,,,,,0.005263516444625259,,,
26679,586,Rancho Cordova,CA,Sacramento County,Rancho Cordova,2467.2891414141413,540917.9589305633,498900.0,0606799999,64300.0,1679.0,1777.0,2206.0,2992.0,3455.0,0.004561300102315263,0.004945458291068633,0.006387290240521507,0.006925235518139908
31732,587,Germantown,MD,Montgomery County,Germantown,2114.6457589665138,431675.1918946298,615200.0,2403199999,81950.0,2012.0,2056.0,2314.0,2893.0,3413.0,0.004898696516900352,0.0034373305574878312,0.007906407558470722,0.00554778933680104
53571,588,Newport Beach,CA,Orange County,Newport Beach,4486.278448977796,3423667.035602365,915500.0,0600399999,57700.0,1003.0,1101.0,1445.0,2025.0,2396.0,0.0013103723003216852,0.00490035876458525,0.0006998344100300174,0.002617149098853086
19411,589,Mission,TX,Hidalgo County,Mission,1863.227513227513,219536.67278809784,124000.0,4813199999,39700.0,732.0,752.0,933.0,1307.0,1395.0,0.0084870900590989,0.015026028332479945,0.006354291436977766,0.01125
17191,590,Brooklyn Park,MN,Hennepin County,Brooklyn Park,1506.517857142857,353789.4573529512,376500.0,2705399999,66200.0,1220.0,1381.0,1685.0,2244.0,2513.0,0.004258232759151748,0.0040013754505786375,0.007103094645053128,0.006674634794156706
13213,591,Pasco,WA,Franklin County,Pasco,1934.8484848484848,419685.6835433012,345700.0,5302199999,52800.0,1101.0,1236.0,1503.0,2003.0,2318.0,0.0046102322779110385,0.00559690044792735,0.005523181015920548,0.006705235753543535
16733,592,Alpharetta,GA,Fulton County,Alpharetta,2191.9744399571987,726699.1239910858,431200.0,1304999999,38100.0,717.0,721.0,905.0,1107.0,1300.0,0.0030163438589532235,0.005083428664093689,0.001788910922116299,0.0030148423005565863
7883,593,Westland,MI,Wayne County,Westland,1280.7778346121056,217435.01328498867,170200.0,2601799999,41850.0,764.0,769.0,976.0,1305.0,1406.0,0.00589039371011241,0.007525134163408376,0.006466299878562694,0.00826086956521739
10226,594,Avondale,AZ,Maricopa County,Avondale,1797.0321920921072,401256.2521445693,414700.0,0401399999,56100.0,1530.0,1679.0,1950.0,2624.0,2934.0,0.004478515119671335,0.004333330581365101,0.007312035598993992,0.007074993971545695
44504,595,Cedar Park,TX,Williamson County,Cedar Park,1807.6008915445536,483260.20428427606,414600.0,4813999999,58650.0,1531.0,1606.0,1884.0,2361.0,3033.0,0.003740429846115032,0.004359867080425841,0.006276122000345489,0.007315484804630969
44597,596,Cicero,IL,Cook County,Cicero,1173.0833333333333,269384.6485133846,305200.0,1700799999,43300.0,810.0,900.0,1181.0,1561.0,1603.0,0.004354677743542789,0.0038436544342507644,0.005950598925537338,0.005252293577981651
12214,597,Kirkland,WA,King County,Kirkland,2703.0637789329667,1268944.8489437285,811200.0,5302199999,52800.0,1101.0,1236.0,1503.0,2003.0,2318.0,0.0021301664774343826,0.003332179214660955,0.0018267145352530542,0.0028574950690335305
7217,598,Springdale,AR,Washington County,Springdale,1594.4814814814815,330536.82419777283,266000.0,0513799999,33550.0,618.0,646.0,848.0,1188.0,1193.0,0.004823914809950017,0.005994291283764968,0.0036092801547768926,0.004484962406015038
51835,599,Eau Claire,WI,Eau Claire County,Eau Claire,1162.5589225589226,317583.9609369006,242400.0,5501999999,46400.0,640.0,711.0,933.0,1172.0,1308.0,0.0036606348731506202,0.004796035159071463,0.004118595901824781,0.005396039603960396
25066,600,Hattiesburg,MS,Forrest County,Hattiesburg,1372.1951251646904,217738.04337480408,152900.0,2803599999,39900.0,851.0,952.0,1143.0,1456.0,1515.0,0.006302045815680717,0.008974461250259583,0.006957902149383008,0.009908436886854152
34248,601,Temple,TX,Bell County,Temple,1559.714442558008,253787.27894845343,221100.0,4802599999,40400.0,844.0,849.0,1114.0,1421.0,1513.0,0.006145755015856412,0.007054339405508855,0.005961685732511851,0.006843057440072365
4329,602,Deerfield Beach,FL,Broward County,Deerfield Beach,2436.0264383937065,276569.1326892211,380400.0,1200399999,45750.0,901.0,952.0,1129.0,1523.0,1896.0,0.008808019950408034,0.0064038549905197336,0.006855428809297104,0.00498422712933754
50742,603,Apple Valley,CA,San Bernardino County,Apple Valley,1819.2559523809523,433732.2107925282,475000.0,0606999999,66800.0,1799.0,1999.0,2623.0,3655.0,4046.0,0.004194422058386567,0.0038300125313283206,0.009328336469654929,0.008517894736842105
53304,604,Middletown,OH,Butler County,Middletown,1227.6666666666667,253385.9222117584,243000.0,3901799999,55900.0,883.0,993.0,1287.0,1707.0,1885.0,0.004845046859551602,0.005052126200274349,0.007439245178051673,0.007757201646090535
41460,605,Valparaiso,IN,Porter County,Valparaiso,1655.8037037037038,360303.3223268428,261900.0,1807399999,51300.0,878.0,883.0,1159.0,1517.0,1537.0,0.0045955826690980955,0.006322274546405895,0.004265850201086233,0.005868652157311951
37303,606,Battle Creek,MI,Calhoun County,Battle Creek,1223.3914835164835,180695.7354393329,151500.0,2600199999,40950.0,654.0,813.0,933.0,1294.0,1385.0,0.006770450229730115,0.008075191310339826,0.007664818412192148,0.009141914191419142
10608,607,Buena Park,CA,Orange County,Buena Park,3065.9074074074074,923124.8198864076,915500.0,0600399999,57700.0,1003.0,1101.0,1445.0,2025.0,2396.0,0.00332122735881446,0.003348888484333596,0.0025955319891570383,0.002617149098853086
20535,608,Snellville,GA,Gwinnett County,Snellville,2183.748694207028,362592.6057753663,345700.0,1313599999,57100.0,1591.0,1653.0,1830.0,2205.0,2653.0,0.0060225957711887435,0.006316889482808875,0.007316751521523274,0.007674284061324848
11087,609,Denham Springs,LA,Livingston Parish,Denham Springs,1388.611111111111,253201.12936571203,,2206199999,33950.0,721.0,772.0,978.0,1284.0,1599.0,0.0054842216327774165,,0.00631513770892577,
24339,610,Decatur,IL,Macon County,Decatur,1023.0,105034.10637905348,121800.0,1700599999,46800.0,597.0,787.0,871.0,1060.0,1208.0,0.009739693469739585,0.008399014778325123,0.011501026110894836,0.009917898193760263
24245,611,Covina,CA,Los Angeles County,Covina,2498.4166666666665,797183.6315392683,783300.0,0603799999,75750.0,1856.0,2081.0,2625.0,3335.0,3698.0,0.003134054147402044,0.0031896038129282096,0.004638830821023752,0.004721051959657858
7784,612,Watsonville,CA,Santa Cruz County,Watsonville,3543.6666666666665,840037.0436772021,1015200.0,0608399999,88250.0,2381.0,2688.0,3028.0,4011.0,4468.0,0.004218464760975919,0.003490609403729971,0.00531881306143554,0.004401103230890465
51239,613,Camarillo,CA,Ventura County,Camarillo,3092.2727272727275,921418.1421938644,768400.0,0611199999,74850.0,1871.0,2147.0,2569.0,3505.0,4080.0,0.0033559928827862386,0.004024300790308078,0.004427957094794837,0.005309734513274336
7101,614,Slidell,LA,Saint Tammany Parish,Slidell,1516.5884615384614,228848.87541007053,,2210399999,47400.0,1071.0,1236.0,1478.0,1889.0,2217.0,0.006627030431418601,,0.009687615881998084,
39133,615,Jackson,TN,Madison County,Jackson,1493.2179487179485,227018.5737874131,189700.0,4700199999,49700.0,1256.0,1264.0,1548.0,1989.0,2335.0,0.006577514446532652,0.007871470472946486,0.010285502023224598,0.012308908803373748
45243,616,Farmington Hills,MI,Oakland County,Farmington Hills,1349.4122023809523,386381.7571979349,320400.0,2600599999,50350.0,846.0,851.0,1111.0,1416.0,1496.0,0.003492432489998947,0.004211648571725819,0.003871818407911096,0.00466916354556804
50764,617,Arlington Heights,IL,Cook County,Arlington Heights,2058.566374269006,471536.97006438766,305200.0,1700799999,43300.0,810.0,900.0,1181.0,1561.0,1603.0,0.00436565212264886,0.006744975013987568,0.0033995213562599616,0.005252293577981651
27136,618,Smyrna,GA,Cobb County,Smyrna,1730.7661284571943,454743.54413650144,373700.0,1300599999,38100.0,629.0,715.0,905.0,1268.0,1300.0,0.003806026827150879,0.004631431973393616,0.0028587541632251866,0.0034787262510034785
38004,619,Conway,AR,Faulkner County,Conway,1371.317663817664,244068.14571980157,211300.0,0504599999,46350.0,887.0,892.0,1032.0,1376.0,1628.0,0.005618585169209188,0.006489908489435229,0.006670268236761215,0.007704685281590156
55006,620,Wake Forest,NC,Wake County,Wake Forest,1923.304466230937,524567.2493414051,422800.0,3700999999,38200.0,713.0,717.0,930.0,1228.0,1233.0,0.0036664592931519233,0.004548969882286984,0.0023505089224461367,0.0029162724692526018
32999,621,Mountain View,CA,Santa Clara County,Mountain View,3971.492965865594,1962207.104757796,1382800.0,0608399999,88250.0,2381.0,2688.0,3028.0,4011.0,4468.0,0.002023992756032658,0.002872066073087644,0.002277027735332507,0.0032311252531096327
17761,622,Des Plaines,IL,Cook County,Des Plaines,2201.440476190476,341711.04516835377,305200.0,1700799999,43300.0,810.0,900.0,1181.0,1561.0,1603.0,0.006442403625278994,0.0072131077201522805,0.004691097998340194,0.005252293577981651
6365,623,Oviedo,FL,Seminole County,Oviedo,2294.8060142158483,511530.6386791004,357300.0,1208799999,65150.0,1565.0,1903.0,2274.0,3026.0,3344.0,0.004486155550998097,0.006422630882216201,0.006537242829940826,0.009359082003918277
50677,624,Alhambra,CA,Los Angeles County,Alhambra,2993.338383838384,918818.4838958384,783300.0,0603799999,75750.0,1856.0,2081.0,2625.0,3335.0,3698.0,0.00325781254546216,0.003821445657906784,0.004024734008745978,0.004721051959657858
18025,625,Evanston,IL,Cook County,Evanston,2323.3891843971637,463636.169491384,305200.0,1700799999,43300.0,810.0,900.0,1181.0,1561.0,1603.0,0.005011233672614363,0.007612677537343263,0.0034574524281798715,0.005252293577981651
31093,626,Cranston,RI,Providence County,Cranston,2152.083333333333,439015.3625660536,339100.0,4400711800,57150.0,1233.0,1319.0,1614.0,1945.0,2359.0,0.004902068394040616,0.006346456305907794,0.005373388270997165,0.006956649955765261
14584,627,Westerville,OH,Franklin County,Westerville,1713.142341146985,449134.2676013854,265700.0,3904999999,54500.0,1104.0,1194.0,1445.0,1741.0,1939.0,0.0038143211612333017,0.006447656534237806,0.0043171945225985225,0.00729770417764396
5924,628,Miami Beach,FL,Miami-Dade County,Miami Beach,2878.282357902876,508967.4044958215,425400.0,1208699999,61950.0,1711.0,1898.0,2329.0,3008.0,3527.0,0.005655140844931074,0.006766061019987954,0.006929716851895092,0.008291020216267042
46431,629,Maryville,TN,Blount County,Maryville,2091.600880600881,388693.6517128418,275700.0,4700599999,37800.0,681.0,685.0,899.0,1216.0,1480.0,0.005381103785420475,0.007586510266960032,0.003807625860309627,0.005368153790351831
25193,630,Houma,LA,Terrebonne Parish,Houma,1482.6839826839823,188052.2690083788,,2210999999,37850.0,786.0,934.0,1146.0,1382.0,1519.0,0.007884424849018547,,0.008077541462327796,
27512,631,Upland,CA,San Bernardino County,Upland,2451.1548629148638,824990.9133004909,475000.0,0606999999,66800.0,1799.0,1999.0,2623.0,3655.0,4046.0,0.002971129528092228,0.0051603260271891865,0.004904296441052198,0.008517894736842105
21203,632,Wesley Chapel,FL,Pasco County,Wesley Chapel,2351.429289555636,413142.8198043911,265800.0,1206399999,35600.0,640.0,711.0,933.0,1199.0,1237.0,0.0056915651848166125,0.008846611322632189,0.002994121985674777,0.004653875094055681
32311,633,Kingsport,TN,Sullivan County,Kingsport,1467.0,257164.3935108042,190800.0,4716399999,38350.0,738.0,824.0,1043.0,1343.0,1538.0,0.005704522231762102,0.007688679245283019,0.005980610219802394,0.008060796645702306
10723,635,Carson,CA,Los Angeles County,Carson,3146.944444444444,790881.2985720657,783300.0,0603799999,75750.0,1856.0,2081.0,2625.0,3335.0,3698.0,0.003979035096829632,0.004017546845965076,0.004675796490164492,0.004721051959657858
33889,636,Schaumburg,IL,Cook County,Schaumburg,2158.573359073359,352720.4213056744,305200.0,1700799999,43300.0,810.0,900.0,1181.0,1561.0,1603.0,0.00611978561117304,0.007072651897357008,0.004544675905257011,0.005252293577981651
5621,637,Lexington,NC,Davidson County,Lexington,1708.2777777777776,262147.6173801951,200100.0,3700799999,38200.0,834.0,927.0,1216.0,1465.0,1728.0,0.006516472645640134,0.008537120328724526,0.00659170591466359,0.00863568215892054
12292,638,Lakewood,CA,Los Angeles County,Lakewood,3147.508333333333,860813.897030339,783300.0,0603799999,75750.0,1856.0,2081.0,2625.0,3335.0,3698.0,0.0036564329923014717,0.004018266734754671,0.004295934362534653,0.004721051959657858
20323,639,Salisbury,NC,Rowan County,Salisbury,1329.648484848485,278664.90147077804,216100.0,3704199999,38200.0,854.0,860.0,1128.0,1360.0,1696.0,0.004771496079451245,0.006152931443074896,0.006086162954317552,0.007848218417399352
41128,640,Sumter,SC,Sumter County,Sumter,1568.8477698771817,200148.37208603448,159500.0,4502399999,34700.0,835.0,840.0,1051.0,1473.0,1610.0,0.007838423832909353,0.009836036174778568,0.008044032450625857,0.010094043887147335
397383,641,Johns Creek,GA,Fulton County,Johns Creek,2561.790728228228,700457.6284328713,431200.0,1304999999,38100.0,717.0,721.0,905.0,1107.0,1300.0,0.0036573100559411475,0.0059410731174124026,0.0018559295341082664,0.0030148423005565863
53585,642,Noblesville,IN,Hamilton County,Noblesville,1911.2631578947369,387381.1446834162,379100.0,1802399999,44550.0,675.0,778.0,985.0,1266.0,1307.0,0.004933805333908804,0.005041580474531092,0.0033739380915613075,0.0034476391453442364
54759,643,Turlock,CA,Stanislaus County,Turlock,1988.8800865800863,485791.8384432903,426600.0,0609999999,49250.0,1130.0,1209.0,1566.0,2194.0,2549.0,0.00409409942528761,0.004662166166385575,0.005247103385203458,0.005975152367557431
25841,644,Mechanicsburg,PA,Cumberland County,Mechanicsburg,2087.546043417367,400312.7838085048,261900.0,4202199999,42200.0,749.0,754.0,935.0,1261.0,1375.0,0.0052147873559191,0.007970775270780325,0.00343481411439948,0.005250095456281023
47082,645,Pharr,TX,Hidalgo County,Pharr,1155.5462962962963,165467.2574146855,124000.0,4813199999,39700.0,732.0,752.0,933.0,1307.0,1395.0,0.0069835344729279325,0.00931892174432497,0.00843067094841563,0.01125
27491,646,Tustin,CA,Orange County,Tustin,3363.686795491143,1183845.7545124518,915500.0,0600399999,57700.0,1003.0,1101.0,1445.0,2025.0,2396.0,0.0028413218383136615,0.003674152698515722,0.0020239123136330836,0.002617149098853086
53812,647,Parma,OH,Cuyahoga County,Parma,1458.2452380952382,212487.05599542105,183200.0,3903599999,49700.0,881.0,995.0,1208.0,1553.0,1667.0,0.006862748562560264,0.007959853919733834,0.007845183755738621,0.00909934497816594
39798,648,Milpitas,CA,Santa Clara County,Milpitas,3496.1539401163186,1458032.8885758466,1382800.0,0608399999,88250.0,2381.0,2688.0,3028.0,4011.0,4468.0,0.002397856706463758,0.0025283149697109624,0.0030644027545662427,0.0032311252531096327
34940,649,Yuba City,CA,Sutter County,Yuba City,2115.428571428571,445237.0167770276,399400.0,0600799999,46950.0,1069.0,1126.0,1466.0,2054.0,2462.0,0.004751241455038243,0.005296516202875742,0.0055296390624074215,0.0061642463695543315
39483,650,Lodi,CA,San Joaquin County,Lodi,2231.8419312169312,522918.17554132367,494500.0,0607799999,52300.0,1248.0,1363.0,1736.0,2433.0,2915.0,0.004268051935480219,0.004513330497910882,0.0055744859068675495,0.005894843276036401
6334,651,Orange Park,FL,Clay County,Orange Park,1784.6328744263665,315724.92894575966,281500.0,1200599999,47050.0,1367.0,1375.0,1609.0,2137.0,2702.0,0.005652492758127945,0.006339726019276613,0.008558082534129553,0.009598579040852576
37406,652,Bethesda,MD,Montgomery County,Bethesda,3021.339733304076,1137068.5089387544,615200.0,2403199999,81950.0,2012.0,2056.0,2314.0,2893.0,3413.0,0.0026571307793265197,0.0049111504117426465,0.0030015781574897465,0.00554778933680104
47837,653,State College,PA,Centre County,State College,1922.579365079365,412971.4118993992,308100.0,4202799999,54050.0,1226.0,1234.0,1431.0,1743.0,1897.0,0.004655478102556189,0.006240114784418582,0.004593538306380669,0.006157091853294385
22759,654,Yukon,OK,Canadian County,Yukon,1663.0702219740333,273224.9454518345,230300.0,4001799999,48850.0,886.0,961.0,1180.0,1575.0,1719.0,0.00608681692377612,0.00722132098121595,0.006291519235761122,0.0074641771602257925
26561,655,Plymouth,MN,Hennepin County,Plymouth,1869.655494756042,509896.95747646416,376500.0,2705399999,66200.0,1220.0,1381.0,1685.0,2244.0,2513.0,0.003666732007990735,0.004965884448223219,0.00492844674429342,0.006674634794156706
39655,656,Marysville,WA,Snohomish County,Marysville,2775.1704059829062,631578.7952976576,644600.0,5306199999,78550.0,2238.0,2293.0,2671.0,3521.0,4104.0,0.004394020867459606,0.004305259705217043,0.0064980015645804265,0.006366739062984797
32380,657,Lake Forest,CA,Orange County,Lake Forest,3338.72003968254,1203083.543060207,915500.0,0600399999,57700.0,1003.0,1101.0,1445.0,2025.0,2396.0,0.0027751356578197806,0.003646881528872245,0.001991549143715695,0.002617149098853086
10530,658,Brandon,MS,Rankin County,Brandon,1821.223311546841,282372.19587056927,223400.0,2803799999,34550.0,807.0,843.0,933.0,1238.0,1242.0,0.006449726064324101,0.00815229772402346,0.004398450053380237,0.005559534467323187
40414,659,Porterville,CA,Tulare County,Porterville,1293.861111111111,326904.5048529617,303000.0,0603399999,46950.0,1053.0,1060.0,1390.0,1948.0,2334.0,0.00395791765455504,0.00427016868353502,0.007139699714599557,0.007702970297029703
52852,660,Lake Elsinore,CA,Riverside County,Lake Elsinore,2409.4833333333336,589648.7570774235,510300.0,0606599999,55950.0,1776.0,1852.0,2306.0,3079.0,3745.0,0.004086302742798723,0.00472169965379842,0.006351238690914878,0.007338820301783264
13325,661,Plant City,FL,Hillsborough County,Plant City,1972.2267206477732,345189.0845225104,333300.0,1205799999,52150.0,1566.0,1686.0,1978.0,2533.0,3082.0,0.005713467803815102,0.005917271889132233,0.008928439913629474,0.009246924692469247
25179,662,Hoover,AL,Jefferson County,Hoover,1498.620980870981,432163.7057855831,224900.0,0107399999,47950.0,998.0,1144.0,1267.0,1583.0,1791.0,0.003467715962280548,0.00666349924798124,0.004144262870812663,0.007963539350822588
7403,663,The Villages,FL,Sumter County,The Villages,2302.0634920634925,400634.5513339575,356000.0,1211999999,47800.0,1038.0,1045.0,1371.0,1705.0,2039.0,0.005746043331506269,0.006466470483324417,0.0050894262444687345,0.005727528089887641
44568,664,Chesterfield,VA,Chesterfield County,Chesterfield,2101.9365079365075,407193.8996772065,336700.0,5104199999,56750.0,1488.0,1545.0,1711.0,2166.0,2677.0,0.005162003923935916,0.006242757671329099,0.006574263519473474,0.00795069795069795
38130,665,Dalton,GA,Whitfield County,Dalton,1486.111111111111,241150.72050820536,198900.0,1331199999,41150.0,890.0,895.0,1054.0,1270.0,1689.0,0.006162582089654362,0.007471649628512374,0.007003918530455024,0.008491704374057316
13576,666,Rome,GA,Floyd County,Rome,1348.7142857142856,229622.34163450415,194100.0,1306199999,38100.0,710.0,715.0,905.0,1137.0,1300.0,0.005873619596916528,0.006948553764627953,0.005661470006560789,0.006697578567748583
54458,667,Somerville,MA,Middlesex County,Somerville,3385.5351898035365,950655.9420252608,687200.0,2501700380,82700.0,2263.0,2394.0,2837.0,3418.0,3761.0,0.0035612623244020876,0.004926564595173947,0.003956215738774673,0.005472933643771828
40868,668,Shelby Township,MI,Macomb County,Shelby Township,1643.815476190476,409529.91401623125,231400.0,2600199999,40950.0,654.0,813.0,933.0,1294.0,1385.0,0.004013908190661074,0.007103783388895747,0.0033819263321143056,0.005985306828003458
11462,669,Folsom,CA,Sacramento County,Folsom,2620.7677942212827,772122.6387302711,498900.0,0606799999,64300.0,1679.0,1777.0,2206.0,2992.0,3455.0,0.003394237732144526,0.005253092391704315,0.004474677760623141,0.006925235518139908
44116,670,Bellflower,CA,Los Angeles County,Bellflower,2717.3148148148152,789652.6359300102,783300.0,0603799999,75750.0,1856.0,2081.0,2625.0,3335.0,3698.0,0.003441152085327378,0.003469060149131642,0.004683071811246087,0.004721051959657858
21057,671,Venice,FL,Sarasota County,Venice,2358.1368817204298,390875.493357522,373100.0,1211599999,53800.0,1266.0,1580.0,1846.0,2425.0,2903.0,0.006032961702112936,0.006320388318736075,0.007426917392707231,0.0077807558295363176
57030,672,Layton,UT,Davis County,Layton,2125.938725490196,520563.9347775756,470500.0,4901199999,60250.0,1158.0,1237.0,1532.0,2055.0,2488.0,0.004083914738347285,0.004518467004229959,0.004779432138461652,0.005287991498405951
40738,673,San Marcos,TX,Hays County,San Marcos,1521.538013955985,319475.9108402435,371400.0,4806799999,39700.0,707.0,711.0,933.0,1238.0,1395.0,0.004762606388551287,0.004096763634776481,0.004366526403606001,0.0037560581583198707
26820,674,Rogers,AR,Benton County,Rogers,1460.1547414287354,377957.3945043986,285100.0,0500799999,50900.0,853.0,925.0,1111.0,1557.0,1798.0,0.003863278672833963,0.005121552933808261,0.004757149949024414,0.006306559102069449
23984,675,Castle Rock,CO,Douglas County,Castle Rock,2505.9438949353266,676528.1697295218,674000.0,0800199999,70050.0,1639.0,1789.0,2140.0,2794.0,3127.0,0.0037041235044761125,0.003718017648271998,0.004622128301398277,0.00463946587537092
53718,676,Olympia,WA,Thurston County,Olympia,1996.2137990833644,545878.7863585708,451500.0,5306799999,58350.0,1393.0,1585.0,1843.0,2526.0,3095.0,0.003656881067681047,0.004421293021225613,0.005669756871568537,0.006854928017718715
31023,677,Conway,SC,Horry County,Conway,1836.888888888889,289387.79733147484,260500.0,4505199999,43400.0,1133.0,1199.0,1406.0,1771.0,2065.0,0.006347499465517727,0.007051396886329708,0.007135753542623213,0.007927063339731286
34884,678,Winter Park,FL,Orange County,Winter Park,2079.560606060606,463777.30824299,358300.0,1208799999,65150.0,1565.0,1903.0,2274.0,3026.0,3344.0,0.004483963680627185,0.005803964850852933,0.0072103570842408605,0.009332961205693553
7484,679,Tulare,CA,Tulare County,Tulare,1843.4444444444448,351636.5057157429,303000.0,0603399999,46950.0,1053.0,1060.0,1390.0,1948.0,2334.0,0.005242471741357408,0.006083975064173085,0.00663753609782133,0.007702970297029703
40524,680,Redlands,CA,San Bernardino County,Redlands,2398.649063899064,635457.0414804509,475000.0,0606999999,66800.0,1799.0,1999.0,2623.0,3655.0,4046.0,0.003774683270974275,0.005049787502945398,0.006367070841758027,0.008517894736842105
44281,681,Bozeman,MT,Gallatin County,Bozeman,2358.4849119134838,727276.8748040516,604900.0,3000599999,43650.0,841.0,874.0,1147.0,1382.0,1830.0,0.0032428982601006317,0.003898966625745551,0.002516235650271504,0.0030252934369317244
34868,683,Winchester,VA,Frederick County,Winchester,1818.0820512820512,399197.35648260574,355000.0,5106999999,56550.0,1095.0,1253.0,1569.0,1952.0,2635.0,0.004554343914753029,0.005121357890935356,0.00660074511318768,0.007422535211267606
36296,684,Suwanee,GA,Gwinnett County,Suwanee,2081.491512345679,618337.3983089805,345700.0,1313599999,57100.0,1591.0,1653.0,1830.0,2205.0,2653.0,0.0033662714208102396,0.006021092022984319,0.0042905378313771465,0.007674284061324848
24414,685,Dothan,AL,Houston County,Dothan,1617.4027777777776,200794.02879669887,178000.0,0101599999,37000.0,725.0,730.0,941.0,1295.0,1394.0,0.008055034243151599,0.009086532459425718,0.006942437523435547,0.007831460674157303
31751,686,Glen Allen,VA,Henrico County,Glen Allen,2154.2246388617355,516943.1630029792,333600.0,5108799999,56750.0,1488.0,1545.0,1711.0,2166.0,2677.0,0.00416723692861631,0.006457507910257001,0.005178519016382797,0.008024580335731415
7223,687,Springfield,OR,Lane County,Springfield,1788.0053293112117,418675.0379470896,395800.0,4100199999,43000.0,669.0,809.0,940.0,1317.0,1579.0,0.004270627974570513,0.004517446511650358,0.0037714214053514877,0.003989388580090955
41025,688,Spring Valley,CA,San Diego County,Spring Valley,2805.2380952380954,766586.2715589674,791600.0,0606999999,66800.0,1799.0,1999.0,2623.0,3655.0,4046.0,0.003659389946461245,0.0035437570682643952,0.005277944766440777,0.005111167256189995
25345,689,Jupiter,FL,Palm Beach County,Jupiter,3125.2296139532987,686339.4674180887,407300.0,1200199999,52000.0,1176.0,1308.0,1583.0,2016.0,2099.0,0.004553475011002889,0.007673041035976672,0.003058253385742392,0.005153449545789344
25704,690,Madison,AL,Limestone County,Madison,1603.5850575488575,376191.39480174816,255100.0,0105199999,41800.0,848.0,888.0,1055.0,1345.0,1665.0,0.004262684047820771,0.006286103714421237,0.0044259385594863235,0.006526852214817719
9602,691,Leander,TX,Travis County,Leander,2084.5850659736107,440968.3418567257,487600.0,4804199999,44250.0,1034.0,1089.0,1206.0,1690.0,1863.0,0.004727289621736405,0.004275194967132097,0.004224793081870046,0.003820754716981132
46089,692,La Mesa,CA,San Diego County,La Mesa,2647.312189719904,882722.1933598467,791600.0,0606999999,66800.0,1799.0,1999.0,2623.0,3655.0,4046.0,0.0029990320959798413,0.003344254913744194,0.0045835485166629605,0.005111167256189995
54043,693,Racine,WI,Racine County,Racine,1128.2870370370372,209872.89347407065,239400.0,5502599999,64900.0,1080.0,1282.0,1472.0,1935.0,2161.0,0.005376049371408865,0.004712978433738668,0.010296708470677214,0.009026733500417711
38842,694,Hagerstown,MD,Washington County,Hagerstown,1374.2273504273503,303511.8041572377,275900.0,2404399999,46850.0,852.0,947.0,1242.0,1711.0,1902.0,0.004527755861895297,0.004980889273024104,0.006266642594943844,0.006893802102210946
54179,695,Rochester Hills,MI,Oakland County,Rochester Hills,2010.2610722610725,462268.8000960127,320400.0,2600599999,50350.0,846.0,851.0,1111.0,1416.0,1496.0,0.004348684297628444,0.006274223071975882,0.0032362123502370967,0.00466916354556804
27195,696,Southfield,MI,Oakland County,Southfield,1582.0870551924472,254064.2726069107,320400.0,2600599999,50350.0,846.0,851.0,1111.0,1416.0,1496.0,0.0062271134739210615,0.004937849735307263,0.0058882738003647505,0.00466916354556804
34819,697,White Plains,NY,Westchester County,White Plains,3173.209578544061,779916.236182853,638400.0,3611999999,85000.0,2406.0,2511.0,2780.0,3465.0,3738.0,0.00406865433918226,0.004970566382431174,0.004792822391151782,0.005855263157894737
831538,698,Binghamton,NY,Broome County,Binghamton,1259.834054834055,181613.6970501832,145100.0,3600599999,81000.0,2406.0,2511.0,2780.0,3465.0,3738.0,0.0069368889863298125,0.00868252277625124,0.020582148046725365,0.025761543762922123
40704,699,Saint Joseph,MO,Buchanan County,Saint Joseph,1003.9629629629628,179999.2844372959,156600.0,2902199999,41700.0,710.0,789.0,1035.0,1315.0,1472.0,0.0055775941893407965,0.006411002317771155,0.008177810287422461,0.009399744572158366
47164,700,Pleasanton,CA,Alameda County,Pleasanton,3200.2754572190056,1605609.994331142,1057400.0,0600199999,79900.0,1937.0,2201.0,2682.0,3432.0,4077.0,0.001993183567938715,0.003026551406486671,0.0025392218623417197,0.0038556837526007187
37560,701,Bremerton,WA,Kitsap County,Bremerton,1940.5576130530887,483661.0721802257,505700.0,5302999999,55700.0,1178.0,1317.0,1600.0,2242.0,2615.0,0.004012226173807063,0.0038373692170320124,0.005406678664901065,0.0051710500296618545
10614,702,Buford,GA,Gwinnett County,Buford,2350.574017729697,480096.74177787104,345700.0,1313599999,57100.0,1591.0,1653.0,1830.0,2205.0,2653.0,0.004896042428917899,0.006799462012524435,0.005525969599742624,0.007674284061324848
5972,703,Milton,FL,Santa Rosa County,Milton,1909.5439976689977,283353.0412522862,302100.0,1211399999,49050.0,1219.0,1361.0,1605.0,2147.0,2644.0,0.006739098296703357,0.006320900356401846,0.009331115658101897,0.008752068851373718
26114,704,New Rochelle,NY,Westchester County,New Rochelle,2823.346759259259,903066.5831001264,638400.0,3611999999,85000.0,2406.0,2511.0,2780.0,3465.0,3738.0,0.003126399328792597,0.004422535650468765,0.004139229675809579,0.005855263157894737
17155,705,Brentwood,CA,Contra Costa County,Brentwood,3496.5734265734263,815838.5895449076,830800.0,0601399999,79900.0,1937.0,2201.0,2682.0,3432.0,4077.0,0.004285864227780511,0.004208682506708505,0.0049973120323644395,0.004907318247472316
6443,706,Pawtucket,RI,Providence County,Pawtucket,1812.5366300366304,398624.8092783471,339100.0,4400711800,57150.0,1233.0,1319.0,1614.0,1945.0,2359.0,0.004546973966116076,0.005345138985658008,0.005917845415268132,0.006956649955765261
52580,707,Hot Springs,AR,Garland County,Hot Springs,1227.5,249694.45891151263,176400.0,0500199999,38600.0,624.0,682.0,895.0,1103.0,1503.0,0.004916008169949036,0.006958616780045351,0.006019356643122934,0.008520408163265306
32416,708,Land O Lakes,FL,Pasco County,Land O Lakes,2403.1036132194813,430939.2642941435,265800.0,1206399999,35600.0,640.0,711.0,933.0,1199.0,1237.0,0.005576432254683598,0.009041021870652676,0.002870474107357432,0.004653875094055681
24733,709,Flower Mound,TX,Denton County,Flower Mound,2420.9083694083693,614857.1183706337,403400.0,4800199999,39700.0,846.0,851.0,1033.0,1245.0,1563.0,0.0039373511293546645,0.006001260211721292,0.0025420540045822957,0.0038745661874070403
10815,710,Chino Hills,CA,San Bernardino County,Chino Hills,3091.618437118437,986408.9690056664,475000.0,0606999999,66800.0,1799.0,1999.0,2623.0,3655.0,4046.0,0.0031342156592867286,0.006508670393933552,0.004101746970202942,0.008517894736842105
19573,711,New Britain,CT,Hartford County,New Britain,1559.9744588744588,294420.4972594323,,,,,,,,,0.005298457387971423,,,
18029,713,Ewa Beach,HI,Honolulu County,Ewa Beach,3600.601343101343,825047.7264527889,873000.0,1500399999,76000.0,1887.0,2052.0,2687.0,3765.0,4512.0,0.004364112799367101,0.004124400163919064,0.005468774539139569,0.005168384879725086
30691,714,Caldwell,ID,Canyon County,Caldwell,1596.6021825396826,395092.2351139681,350300.0,1602799999,53500.0,1300.0,1534.0,1838.0,2575.0,3080.0,0.004041087221263986,0.00455781382397854,0.007795648019029139,0.00879246360262632
45401,715,Gary,IN,Lake County,Gary,1374.9382284382284,86084.21710700361,214700.0,1800399999,45000.0,943.0,991.0,1199.0,1512.0,1632.0,0.015972012926936018,0.00640399733785854,0.018958179034972305,0.00760130414531905
53788,716,Palm Beach Gardens,FL,Palm Beach County,Palm Beach Gardens,2923.664634146341,655926.6000672145,407300.0,1200199999,52000.0,1176.0,1308.0,1583.0,2016.0,2099.0,0.0044573045731744155,0.007178160162402016,0.0032000531763537415,0.005153449545789344
8814,717,Queen Creek,AZ,Pinal County,Queen Creek,2279.4535704874834,634521.3924783311,312100.0,0400799999,38200.0,966.0,1078.0,1409.0,1925.0,2004.0,0.003592398298163488,0.0073036000336029585,0.0031582859518301215,0.006421018904197373
26469,718,Petaluma,CA,Sonoma County,Petaluma,2909.856421356422,904288.1047221868,779000.0,0601999999,46950.0,1210.0,1217.0,1505.0,2109.0,2415.0,0.0032178421967082945,0.0037353740967348164,0.0026706090541154808,0.0031001283697047496
52308,719,Great Falls,MT,Cascade County,Great Falls,1326.5464052287582,333693.8430214715,243300.0,3001399999,45400.0,903.0,948.0,1244.0,1743.0,1977.0,0.003975339770183898,0.005452307460866248,0.005924592381144983,0.00812577065351418
14703,721,Woodbury,MN,Washington County,Woodbury,2197.565932311622,459808.48028656654,400900.0,2711399999,53100.0,741.0,823.0,1080.0,1371.0,1559.0,0.00477930709529766,0.005481581272914996,0.003390542077493621,0.0038887503117984537
14478,722,Warwick,RI,Kent County,Warwick,2106.2386363636365,412049.7603724239,333900.0,4400318640,57150.0,1233.0,1319.0,1614.0,1945.0,2359.0,0.0051116123316270095,0.006307992322143266,0.005725036699130366,0.007064989517819706
27177,723,South Jordan,UT,Salt Lake County,South Jordan,2241.451851851852,656450.3044911505,484500.0,4903599999,61350.0,1243.0,1453.0,1748.0,2348.0,2670.0,0.00341450348414313,0.00462631961166533,0.004067329974154949,0.005510835913312693
51659,724,Davis,CA,Yolo County,Davis,2594.318813131313,852922.6135743782,593800.0,0602799999,48000.0,978.0,1254.0,1426.0,1734.0,2365.0,0.00304168135753746,0.00436901113696752,0.002772818966645633,0.003982822499157965
13031,725,North Port,FL,Sarasota County,North Port,2057.6420940170938,314543.0334079041,373100.0,1211599999,53800.0,1266.0,1580.0,1846.0,2425.0,2903.0,0.006541687068137074,0.005514988190879372,0.009229261791455246,0.0077807558295363176
53588,726,Norcross,GA,Gwinnett County,Norcross,1596.5197132616488,332388.3056649967,345700.0,1313599999,57100.0,1591.0,1653.0,1830.0,2205.0,2653.0,0.004803176543974832,0.004618223064106592,0.007981628579538151,0.007674284061324848
52899,727,Lauderhill,FL,Broward County,Lauderhill,2081.103785103785,215677.0258605231,380400.0,1200399999,45750.0,901.0,952.0,1129.0,1523.0,1896.0,0.009649167670040206,0.005470830139599855,0.008790922410188142,0.00498422712933754
3334,728,Aiken,SC,Aiken County,Aiken,1449.5334928229663,267031.2005183499,199500.0,4500399999,44150.0,868.0,1039.0,1175.0,1545.0,1890.0,0.005428330060341983,0.007265832044225395,0.007077824600013821,0.009473684210526316
12012,729,Huntington,WV,Cabell County,Huntington,938.1031746031746,139204.68146471557,156100.0,5401199999,38900.0,844.0,850.0,971.0,1259.0,1459.0,0.006739020302567605,0.006009629561839683,0.010480969351377848,0.00934657270980141
44704,730,Columbus,IN,Bartholomew County,Columbus,1480.9387464387464,278677.7245349888,221100.0,1800599999,51100.0,1103.0,1145.0,1268.0,1537.0,1776.0,0.0053141626188813315,0.006698049508994782,0.006372952854281749,0.008032564450474898
10574,731,Broomfield,CO,Broomfield County,Broomfield,2178.2288011695905,635947.7387326675,631600.0,0801499999,70050.0,1639.0,1789.0,2140.0,2794.0,3127.0,0.0034251695045105736,0.0034487473102748425,0.0049170707112373155,0.004950918302723243
22730,732,Waipahu,HI,Honolulu County,Waipahu,2657.012626262627,849128.089699029,873000.0,1500399999,76000.0,1887.0,2052.0,2687.0,3765.0,4512.0,0.0031291069727823954,0.003043542527219504,0.00531368595001876,0.005168384879725086
13167,733,Palm Harbor,FL,Pinellas County,Palm Harbor,2017.9720760233915,409358.7050984333,319000.0,1210399999,52150.0,1566.0,1686.0,1978.0,2533.0,3082.0,0.004929593656834915,0.006325931272800601,0.007528849299195703,0.009661442006269592
32991,734,Mount Vernon,NY,Westchester County,Mount Vernon,2692.75,560080.6183202671,638400.0,3611999999,85000.0,2406.0,2511.0,2780.0,3465.0,3738.0,0.0048077900072239655,0.00421796679197995,0.006674039196733148,0.005855263157894737
17158,735,Brick,NJ,Ocean County,Brick,2786.1111111111118,503132.1234391665,366600.0,3400799999,59700.0,1372.0,1512.0,1802.0,2171.0,2468.0,0.005537533743754247,0.0075998666424198355,0.004905272164158298,0.006732133115111839
46061,736,Kokomo,IN,Howard County,Kokomo,1115.1068376068376,177755.43734147632,151500.0,1806799999,43300.0,807.0,812.0,1019.0,1283.0,1433.0,0.0062732642910082485,0.007360441172322361,0.008061638065378228,0.009458745874587459
10241,737,Baldwin Park,CA,Los Angeles County,Baldwin Park,2850.0,715513.087356409,783300.0,0603799999,75750.0,1856.0,2081.0,2625.0,3335.0,3698.0,0.003983155654818047,0.0036384527001148987,0.005168319161935838,0.004721051959657858
33866,738,Sanford,NC,Lee County,Sanford,1945.5047619047616,287388.9507303456,213800.0,3700399999,38800.0,818.0,851.0,1046.0,1334.0,1567.0,0.0067695878945958875,0.009099648091229007,0.005452540871935962,0.007329279700654817
41271,739,Traverse City,MI,Grand Traverse County,Traverse City,2299.083333333333,444451.61086287233,296200.0,2605599999,53050.0,1045.0,1051.0,1252.0,1544.0,1660.0,0.00517285409061702,0.007761928876884987,0.003734939776182212,0.005604321404456448
21017,740,Utica,NY,Oneida County,Utica,1287.9166666666667,200677.0851881984,171100.0,3605599999,51950.0,1022.0,1149.0,1427.0,1720.0,1892.0,0.0064178561566151735,0.007527274498344049,0.009428081926870974,0.011057860900058445
32409,741,Lakeville,MN,Dakota County,Lakeville,2027.7490031897928,490473.0355703847,362100.0,2700399999,66200.0,1220.0,1381.0,1685.0,2244.0,2513.0,0.004134272133495916,0.005599969630460626,0.005123625189869128,0.006940071803369235
51441,742,Clayton,NC,Johnston County,Clayton,1929.3559523809524,369847.6287779675,267600.0,3700799999,38200.0,834.0,927.0,1216.0,1465.0,1728.0,0.005216623826292564,0.0072098503452203005,0.0046721943458433775,0.006457399103139014
17718,743,Daytona Beach,FL,Volusia County,Daytona Beach,1650.6120037704943,250765.4137278958,278000.0,1202399999,38300.0,815.0,820.0,1076.0,1305.0,1427.0,0.006582295298352286,0.005937453250973001,0.005690577415705461,0.005133093525179856
217168,744,Wilkes-Barre,PA,Luzerne County,Wilkes-Barre,1286.4166666666667,175257.466458309,163800.0,4204999999,42200.0,781.0,861.0,1118.0,1392.0,1512.0,0.007340153276566308,0.007853581603581603,0.008627307187278558,0.009230769230769232
11076,745,Deland,FL,Volusia County,Deland,2015.1539682539683,336911.54327596264,278000.0,1202399999,38300.0,815.0,820.0,1076.0,1305.0,1427.0,0.005981255342751392,0.007248755281489094,0.004235533119834814,0.005133093525179856
31829,746,Grants Pass,OR,Josephine County,Grants Pass,1643.388888888889,404907.8948498461,383100.0,4103399999,42400.0,906.0,1007.0,1321.0,1851.0,1915.0,0.00405867336693525,0.004289712578671075,0.004729470638526691,0.004998694857739494
39391,747,Lebanon,PA,Lebanon County,Lebanon,1373.9682539682535,279814.37387536425,227300.0,4203199999,42900.0,733.0,738.0,915.0,1118.0,1537.0,0.004910284753921364,0.006044734949266404,0.005492927252853047,0.006761988561372635
41292,748,Troy,NY,Rensselaer County,Troy,1461.611111111111,289904.69571404427,244300.0,3603199999,45950.0,828.0,848.0,1085.0,1407.0,1602.0,0.0050416951940399505,0.005982853504343476,0.005525953955503288,0.006557511256651658
54301,749,San Rafael,CA,Marin County,San Rafael,3342.794117647059,1292256.3060807136,1390000.0,0600399999,57700.0,1003.0,1101.0,1445.0,2025.0,2396.0,0.002586788783244885,0.0024048878544223446,0.0018541213447561594,0.0017237410071942445
10676,750,Camden,NJ,Camden County,Camden,1741.1666666666667,150523.16630867586,262200.0,3400799999,59700.0,1372.0,1512.0,1802.0,2171.0,2468.0,0.011567433169031797,0.0066406051360284775,0.016396147254429297,0.009412662090007629
10497,751,Bossier City,LA,Bossier Parish,Bossier City,1460.8129129129131,225931.03705759163,,2201599999,40850.0,767.0,892.0,1017.0,1317.0,1394.0,0.006465746946226517,,0.006170024349707465,
40057,752,North Little Rock,AR,Pulaski County,North Little Rock,1104.089393939394,162642.52532209273,199600.0,0501999999,36500.0,699.0,721.0,848.0,1181.0,1334.0,0.006788442270881408,0.005531509989676323,0.00820203693565495,0.0066833667334669335
4002,753,Casper,WY,Natrona County,Casper,1461.1443850267378,307934.2409219362,260400.0,5600799999,49650.0,746.0,751.0,982.0,1376.0,1615.0,0.00474498834768151,0.005611153552330023,0.00524462623956592,0.00620199692780338
31635,754,Framingham,MA,Middlesex County,Framingham,2454.527293844367,673469.0306481636,687200.0,2501700380,82700.0,2263.0,2394.0,2837.0,3418.0,3761.0,0.003644603065833729,0.0035717801132776,0.0055845181127041855,0.005472933643771828
10484,755,Bolingbrook,IL,Will County,Bolingbrook,2686.9194444444447,366601.1079344765,298000.0,1710399999,46000.0,605.0,786.0,883.0,1237.0,1319.0,0.007329272569805447,0.009016508202833708,0.003597916022217118,0.004426174496644296
12386,756,Lilburn,GA,Gwinnett County,Lilburn,2338.505050505051,404370.3393522638,345700.0,1313599999,57100.0,1591.0,1653.0,1830.0,2205.0,2653.0,0.005783077597261361,0.006764550334119325,0.00656081750271219,0.007674284061324848
41643,757,West Lafayette,IN,Tippecanoe County,West Lafayette,1802.999591503268,369072.9415678528,217600.0,1815799999,45300.0,831.0,971.0,1161.0,1399.0,1750.0,0.0048852120771682005,0.008285843710952518,0.0047416101342077615,0.008042279411764705
31070,759,Council Bluffs,IA,Pottawattamie County,Council Bluffs,1385.2592592592591,223180.150904687,183600.0,1915599999,56850.0,990.0,1052.0,1261.0,1675.0,1864.0,0.006206910666759332,0.007544985072218187,0.008351997220380292,0.010152505446623094
18480,760,Harrisonburg,VA,Rockingham County,Harrisonburg,1791.1003702180176,344845.49294649163,287900.0,5102999999,42200.0,809.0,834.0,935.0,1180.0,1342.0,0.005193921355660391,0.006221258666960812,0.0038915979110918323,0.00466134074331365
32006,761,Hendersonville,TN,Sumner County,Hendersonville,1651.652947849588,520356.8349160754,364000.0,4712399999,39800.0,661.0,736.0,899.0,1251.0,1285.0,0.00317407755029483,0.004537508098487879,0.0024694592513755456,0.00353021978021978
4216,762,Corvallis,OR,Benton County,Corvallis,1895.133343776107,564942.9232666943,481700.0,4100399999,58950.0,1200.0,1279.0,1643.0,2302.0,2490.0,0.0033545571875080657,0.003934260626481435,0.004407524897563038,0.00516919244342952
41054,763,Statesville,NC,Iredell County,Statesville,1777.0,295091.6308486145,292300.0,3702799999,38800.0,818.0,851.0,1046.0,1334.0,1567.0,0.006021858345795046,0.0060793705097502565,0.005310214984727539,0.005360930550803968
21412,764,Yorba Linda,CA,Orange County,Yorba Linda,4102.596153846153,1394420.17787689,915500.0,0600399999,57700.0,1003.0,1101.0,1445.0,2025.0,2396.0,0.0029421520277285902,0.00448126286602529,0.0017182769139557998,0.002617149098853086
5239,765,Huntersville,NC,Mecklenburg County,Huntersville,1997.6473294723291,551224.4257105095,371200.0,3711999999,56100.0,1586.0,1647.0,1824.0,2250.0,2852.0,0.0036240181608379013,0.005381593021207783,0.005173936180937318,0.007683189655172414
16838,766,Auburn,AL,Lee County,Auburn,2035.347707847708,407089.8454719721,238700.0,0101399999,36100.0,600.0,684.0,809.0,975.0,1089.0,0.004999750621359679,0.008526802295130741,0.0026750851491700424,0.00456221198156682
46400,767,Maple Grove,MN,Hennepin County,Maple Grove,2214.659587326254,424891.7917979959,376500.0,2705399999,66200.0,1220.0,1381.0,1685.0,2244.0,2513.0,0.005212290823399003,0.005882229979618204,0.005914447039246977,0.006674634794156706
21174,768,Waterloo,IA,Black Hawk County,Waterloo,905.2839052287582,150220.22625830353,182400.0,1901399999,46000.0,684.0,760.0,997.0,1301.0,1674.0,0.006026378256627862,0.004963179304982227,0.011143639186919867,0.009177631578947368
25108,769,Hickory,NC,Catawba County,Hickory,1395.2527472527472,291802.0729370104,218100.0,3702599999,56100.0,1586.0,1647.0,1824.0,2250.0,2852.0,0.004781503891351493,0.006397307415189121,0.00977374825097848,0.013076570380559377
27991,770,Winter Garden,FL,Orange County,Winter Garden,2698.586752136752,575691.057554234,358300.0,1208799999,65150.0,1565.0,1903.0,2274.0,3026.0,3344.0,0.004687560657275845,0.00753164039111569,0.0058086710851592,0.009332961205693553
53076,771,Lutz,FL,Hillsborough County,Lutz,2114.7808135017435,488467.910598164,333300.0,1205799999,52150.0,1566.0,1686.0,1978.0,2533.0,3082.0,0.004329416052964549,0.00634497693819905,0.0063095239894589384,0.009246924692469247
18453,772,Hanford,CA,Kings County,Hanford,1949.3650793650795,374738.2337499929,305700.0,0602799999,48000.0,978.0,1254.0,1426.0,1734.0,2365.0,0.005201938056487721,0.006376725807540332,0.006311072068450354,0.007736342819757933
50226,773,Lehi,UT,Utah County,Lehi,2366.4841269841268,564871.8263795729,489200.0,4900599999,51700.0,914.0,920.0,1169.0,1638.0,1963.0,0.004189417875824342,0.004837457332346948,0.0034751246359398654,0.0040126737530662305
6885,774,Saint Cloud,MN,Sherburne County,Saint Cloud,1352.1011904761904,260809.25354224583,332700.0,2714199999,66200.0,1220.0,1381.0,1685.0,2244.0,2513.0,0.005184253135624183,0.004064025219345327,0.009635394319292988,0.007553351367598437
26362,775,Palatine,IL,Cook County,Palatine,2029.418910989849,372553.063388701,305200.0,1700799999,43300.0,810.0,900.0,1181.0,1561.0,1603.0,0.005447328475923622,0.0066494721854189025,0.004302742770168876,0.005252293577981651
19870,776,Passaic,NJ,Passaic County,Passaic,2003.3333333333333,573848.6777862031,439400.0,3400199999,50100.0,1240.0,1414.0,1719.0,2409.0,2654.0,0.003491048094877215,0.0045592474586557425,0.004624912634178434,0.006040054619936276
51752,778,Dubuque,IA,Dubuque County,Dubuque,1051.574074074074,243195.96629274104,226100.0,1906199999,51350.0,722.0,763.0,996.0,1315.0,1673.0,0.004323978271943326,0.004650924697364325,0.006879225940722093,0.00739938080495356
39076,779,Huntington Park,CA,Los Angeles County,Huntington Park,1854.1666666666667,668662.4672321215,783300.0,0603799999,75750.0,1856.0,2081.0,2625.0,3335.0,3698.0,0.0027729486213602683,0.0023671220051917105,0.005530443506583517,0.004721051959657858
20665,780,Stockbridge,GA,Henry County,Stockbridge,1648.7362060041407,298976.38806686155,277400.0,1309599999,38100.0,926.0,952.0,1080.0,1461.0,1756.0,0.005514603399501321,0.0059435335472391515,0.005873373517400636,0.006330209084354723
24319,781,Davenport,FL,Polk County,Davenport,2130.353609299118,352263.7740439465,240000.0,1206999999,52700.0,1636.0,1727.0,1958.0,2486.0,2960.0,0.0060476091107606956,0.008876473372079658,0.008402794207362141,0.012333333333333333
26197,782,North Richland Hills,TX,Tarrant County,North Richland Hills,1631.2318892469268,367961.99083760806,294100.0,4800799999,39700.0,969.0,976.0,1280.0,1670.0,1914.0,0.004433153232847996,0.005546521214712434,0.005201624210269864,0.006507990479428766
53985,783,Powder Springs,GA,Cobb County,Powder Springs,2141.2129785247434,369081.5786978104,373700.0,1300599999,38100.0,629.0,715.0,905.0,1268.0,1300.0,0.005801462609104869,0.005729764459525672,0.0035222565281817796,0.0034787262510034785
7367,784,Tamarac,FL,Broward County,Tamarac,2108.332563571694,306529.4271358307,380400.0,1200399999,45750.0,901.0,952.0,1129.0,1523.0,1896.0,0.0068780755677249885,0.005542409473111709,0.006185376776761587,0.00498422712933754
20536,785,Snohomish,WA,Snohomish County,Snohomish,3331.123809523809,945626.3325151928,644600.0,5306199999,78550.0,2238.0,2293.0,2671.0,3521.0,4104.0,0.0035226639688254345,0.005167737836679815,0.0043399806656019314,0.006366739062984797
52390,786,Hammond,IN,Lake County,Hammond,1450.1515151515152,176865.025230405,214700.0,1800399999,45000.0,943.0,991.0,1199.0,1512.0,1632.0,0.008199198870790755,0.006754315394278133,0.009227375496506256,0.00760130414531905
8043,787,Ypsilanti,MI,Washtenaw County,Ypsilanti,1767.0046296296296,289521.58610835555,353000.0,2600799999,40950.0,640.0,745.0,933.0,1165.0,1567.0,0.006103187860294172,0.005005678837477704,0.005412377090990165,0.004439093484419263
4032,788,Centreville,VA,Fairfax County,Centreville,2529.061422400102,629409.0033188032,699700.0,5160099999,81950.0,2012.0,2056.0,2314.0,2893.0,3413.0,0.004018152598810383,0.003614493957982138,0.005422547154558695,0.0048778047734743465
41574,789,Waterford,MI,Oakland County,Waterford,1671.5277777777776,275273.9097608517,320400.0,2600599999,50350.0,846.0,851.0,1111.0,1416.0,1496.0,0.006072234667026534,0.0052170030517408785,0.005434586958494077,0.00466916354556804
30210,790,Ames,IA,Story County,Ames,1213.6141636141635,277052.7366285124,243600.0,1913799999,46000.0,646.0,792.0,877.0,1096.0,1218.0,0.0043804445983200825,0.004981995745542543,0.004396274928816753,0.005
25489,791,Lakewood,WA,Pierce County,Lakewood,1861.3550505853063,522999.1529950575,484400.0,5305399999,60400.0,1479.0,1673.0,2057.0,2882.0,3292.0,0.0035590020364772877,0.0038425991960885763,0.006294465260885633,0.006796036333608588
10428,792,Blaine,MN,Anoka County,Blaine,2186.8326923076925,384156.2928713677,325800.0,2700399999,66200.0,1220.0,1381.0,1685.0,2244.0,2513.0,0.005692559858807102,0.006712193653491997,0.006541608315762934,0.007713321055862492
39604,793,Mansfield,TX,Tarrant County,Mansfield,1748.322839506173,446450.79089801066,294100.0,4800799999,39700.0,969.0,976.0,1280.0,1670.0,1914.0,0.003916048252461419,0.005944654333581004,0.004287146621803708,0.006507990479428766
33612,794,Redondo Beach,CA,Los Angeles County,Redondo Beach,3811.415378168867,1468920.3929619456,783300.0,0603799999,75750.0,1856.0,2081.0,2625.0,3335.0,3698.0,0.0025947051973888736,0.004865843710160688,0.0025174951738149106,0.004721051959657858
26374,795,Palo Alto,CA,Santa Clara County,Palo Alto,4548.250626566416,3486295.762973789,1382800.0,0608399999,88250.0,2381.0,2688.0,3028.0,4011.0,4468.0,0.0013046083682489364,0.003289160129133943,0.0012815894874589823,0.0032311252531096327
51806,796,East Orange,NJ,Essex County,East Orange,2051.2086894586896,482423.5524631352,494400.0,3401399999,67650.0,1551.0,1768.0,2140.0,2695.0,3065.0,0.00425188338957691,0.0041488848896818155,0.00635333823224606,0.006199433656957929
11141,798,Dover,DE,Kent County,Dover,1713.7805527805529,339753.0764427817,290600.0,1000199999,49000.0,1173.0,1181.0,1492.0,2080.0,2278.0,0.005044194362340595,0.005897386623470588,0.006704869382937408,0.007838953888506538
45251,799,Fayetteville,GA,Fayette County,Fayetteville,2468.0626262626265,439524.0778308422,405600.0,1311399999,57100.0,1591.0,1653.0,1830.0,2205.0,2653.0,0.0056153069894216345,0.00608496702727472,0.006036074321782775,0.006540927021696253
52683,801,Jefferson City,MO,Cole County,Jefferson City,1052.6666666666667,263650.2479828087,214400.0,2901999999,52900.0,691.0,862.0,1007.0,1360.0,1601.0,0.00399266329055494,0.004909825870646766,0.006072438817142297,0.0074673507462686564
50783,802,Atascocita,TX,Harris County,Atascocita,1956.403497536946,317425.97120714426,255000.0,4800999999,44450.0,823.0,896.0,1102.0,1506.0,1709.0,0.006163337833060439,0.007672170578576259,0.005383932491411515,0.006701960784313726
16697,803,Alameda,CA,Alameda County,Alameda,2953.956531954887,1141356.6283269704,1057400.0,0600199999,79900.0,1937.0,2201.0,2682.0,3432.0,4077.0,0.0025881100250715427,0.0027936036806836457,0.0035720649434315462,0.0038556837526007187
40036,804,Norristown,PA,Montgomery County,Norristown,1835.7696969696967,334251.3923405421,409900.0,4208999999,52200.0,1158.0,1183.0,1552.0,2043.0,2379.0,0.005492182647662324,0.004478579402219314,0.007117397427551256,0.005803854598682606
27225,805,Spring Valley,NY,Rockland County,Spring Valley,3699.0,846193.4910452826,564200.0,3602399999,46100.0,896.0,901.0,1118.0,1387.0,1877.0,0.004371340643888331,0.006556185749734137,0.0022181687992912672,0.003326834455866714
17845,806,Eagan,MN,Dakota County,Eagan,1730.367283950617,406063.4730469885,362100.0,2700399999,66200.0,1220.0,1381.0,1685.0,2244.0,2513.0,0.004261322179427806,0.004778700038526974,0.0061886876481234325,0.006940071803369235
51536,807,Cookeville,TN,Putnam County,Cookeville,1525.571428571429,317376.93660813145,246800.0,4714199999,39850.0,777.0,810.0,1027.0,1403.0,1615.0,0.004806812507788074,0.006181407733271592,0.005088586515642304,0.006543760129659643
40415,808,Portland,ME,Cumberland County,Portland,2466.7329365079363,572043.5079327031,411400.0,2300502655,54750.0,1197.0,1330.0,1745.0,2191.0,2667.0,0.0043121421750286345,0.005995947828167079,0.004662232790016653,0.006482741857073408
41333,809,Union City,CA,Alameda County,Union City,2741.585679885989,1276127.2527357347,1057400.0,0600199999,79900.0,1937.0,2201.0,2682.0,3432.0,4077.0,0.0021483638673248577,0.002592761187711357,0.0031948224530585125,0.0038556837526007187
48569,810,Woodland,CA,Yolo County,Woodland,2328.390211640212,556133.8144370626,593800.0,0602799999,48000.0,978.0,1254.0,1426.0,1734.0,2365.0,0.004186744540964636,0.003921169100101401,0.004252573640741362,0.003982822499157965
10889,811,Cocoa,FL,Brevard County,Cocoa,1880.923141186299,297452.1065563815,304400.0,1200399999,45750.0,901.0,952.0,1129.0,1523.0,1896.0,0.006323448715700299,0.006179116758167868,0.0063741353925850135,0.006228646517739816
30394,812,Bel Air,MD,Harford County,Bel Air,1934.9722222222224,465093.147830775,367300.0,2402599999,65150.0,1407.0,1604.0,1965.0,2529.0,2826.0,0.004160397183332113,0.00526809752851136,0.006076202182682436,0.007693983120065342
19055,813,Littleton,CO,Jefferson County,Littleton,2165.143333333333,642959.9138295241,604400.0,0805999999,70050.0,1639.0,1789.0,2140.0,2794.0,3127.0,0.0033674623981416736,0.003582302007500551,0.004863444722977085,0.005173726009265387
34683,814,Waukesha,WI,Waukesha County,Waukesha,1513.7513227513227,406111.4628741403,373600.0,5500399999,46400.0,660.0,733.0,933.0,1307.0,1567.0,0.003727428209088636,0.004051796902439301,0.003858546589426449,0.004194325481798715
38272,815,Easley,SC,Pickens County,Easley,1634.7698412698412,316587.37299824064,216000.0,4500399999,44150.0,868.0,1039.0,1175.0,1545.0,1890.0,0.0051637240796679725,0.007568378894767783,0.005969915925896714,0.00875
20322,816,Salisbury,MD,Wicomico County,Salisbury,1594.702380952381,264992.1454634104,238900.0,2404599999,46850.0,1129.0,1136.0,1491.0,1969.0,1977.0,0.006017923203586328,0.006675187865016245,0.00746059848884457,0.008275429049811637
25221,817,Huntsville,TX,Walker County,Huntsville,1403.9305555555557,261243.08003375572,207900.0,4800999999,44450.0,823.0,896.0,1102.0,1506.0,1709.0,0.005374039210432487,0.0067529127251349476,0.006541800072863851,0.00822029822029822
27812,818,Weatherford,TX,Parker County,Weatherford,1591.7435219101887,394492.83183132095,343600.0,4800999999,44450.0,823.0,896.0,1102.0,1506.0,1709.0,0.004034911140263237,0.004632548084721155,0.0043321446224167184,0.004973806752037253
54791,819,Union City,NJ,Hudson County,Union City,2300.831573655103,573224.3850025928,508600.0,3401799999,67000.0,1999.0,2029.0,2299.0,2822.0,3218.0,0.0040138410609393315,0.004523852877811842,0.005613857477443924,0.006327172630751081
32697,820,Maricopa,AZ,Maricopa County,Maricopa,1921.7414814814813,355013.17830897897,414700.0,0401399999,56100.0,1530.0,1679.0,1950.0,2624.0,2934.0,0.005413155338726413,0.004634052282328144,0.008264481938319622,0.007074993971545695
48210,821,Valrico,FL,Hillsborough County,Valrico,2519.4166666666665,422969.7270276991,333300.0,1205799999,52150.0,1566.0,1686.0,1978.0,2533.0,3082.0,0.005956494060156879,0.007559005900590059,0.007286573489922999,0.009246924692469247
16971,822,Bellevue,NE,Sarpy County,Bellevue,1448.3218294051628,295217.71520428645,287600.0,3103599999,48150.0,622.0,729.0,907.0,1093.0,1274.0,0.0049059448495594,0.005035889532006825,0.004315459182787897,0.004429763560500695
10727,823,Casa Grande,AZ,Pinal County,Casa Grande,1799.1429951690818,321915.41655714734,312100.0,0400799999,38200.0,966.0,1078.0,1409.0,1925.0,2004.0,0.005588868698525635,0.005764636319029419,0.006225237739256406,0.006421018904197373
45689,824,Haverhill,MA,Essex County,Haverhill,2329.4481481481484,543627.1168857416,584000.0,2501700380,82700.0,2263.0,2394.0,2837.0,3418.0,3761.0,0.004285010949219715,0.003988781075596144,0.006918345099386348,0.0064400684931506845
25784,825,Massillon,OH,Stark County,Massillon,1226.984126984127,216988.23164220745,177700.0,3902399999,43250.0,728.0,809.0,1061.0,1292.0,1477.0,0.005654611393890268,0.006904806567158846,0.00680682076083937,0.00831176139561058
25534,826,Lebanon,TN,Wilson County,Lebanon,1677.35,445601.5349310557,397000.0,4700999999,49700.0,1256.0,1264.0,1548.0,1989.0,2335.0,0.0037642374823944956,0.004225062972292191,0.005240107622971442,0.005881612090680101
7039,828,Shawnee,KS,Johnson County,Shawnee,1616.4405982905982,414327.4164007671,366000.0,2000399999,42550.0,625.0,711.0,872.0,1051.0,1251.0,0.0039013604562606625,0.004416504366914203,0.003019351243679089,0.003418032786885246
44955,829,Doral,FL,Miami-Dade County,Doral,3014.482276528044,555040.9589010547,425400.0,1208699999,61950.0,1711.0,1898.0,2329.0,3008.0,3527.0,0.0054310987832258805,0.007086230081166065,0.0063544859950213995,0.008291020216267042
50749,830,Arcadia,CA,Los Angeles County,Arcadia,3518.7926341589264,1385946.1863012752,783300.0,0603799999,75750.0,1856.0,2081.0,2625.0,3335.0,3698.0,0.0025389100016571754,0.004492266863473671,0.0026682132658187737,0.004721051959657858
5395,831,Kenner,LA,Jefferson Parish,Kenner,1785.873015873016,256445.25725090675,,2205399999,40300.0,657.0,690.0,903.0,1265.0,1516.0,0.0069639541593304365,,0.005911593048167552,
32616,832,Lynwood,CA,Los Angeles County,Lynwood,1952.3333333333333,673061.6649321809,783300.0,0603799999,75750.0,1856.0,2081.0,2625.0,3335.0,3698.0,0.002900675279924098,0.002492446487084557,0.005494295980105505,0.004721051959657858
21080,833,Vienna,VA,Fairfax County,Vienna,3616.783212560387,1157876.415897827,699700.0,5160099999,81950.0,2012.0,2056.0,2314.0,2893.0,3413.0,0.003123634925887927,0.005169048467286532,0.002947637548480104,0.0048778047734743465
14138,834,Tigard,OR,Washington County,Tigard,1914.6508753315647,619660.5077009877,558500.0,4106599999,45650.0,1297.0,1305.0,1599.0,2241.0,2684.0,0.0030898384704798137,0.0034282021044432674,0.004331403997259646,0.00480572963294539
53752,835,Oshkosh,WI,Winnebago County,Oshkosh,1192.0496031746031,251421.19204280947,208600.0,5513999999,51800.0,791.0,812.0,1055.0,1411.0,1582.0,0.004741245531011694,0.005714523505151501,0.0062922301304284365,0.007583892617449664
35641,836,Grove City,OH,Franklin County,Grove City,1815.561090225564,329344.1382874872,265700.0,3904999999,54500.0,1104.0,1194.0,1445.0,1741.0,1939.0,0.0055126564561496635,0.006833124163438328,0.005887458662790685,0.00729770417764396
7886,837,Weston,FL,Broward County,Weston,3850.580928330928,741618.7005097383,380400.0,1200399999,45750.0,901.0,952.0,1129.0,1523.0,1896.0,0.005192130303192598,0.010122452492983512,0.0025565698366246947,0.00498422712933754
53133,838,Manhattan,KS,Riley County,Manhattan,1288.9493177387913,286510.00640708726,231200.0,2002799999,42050.0,625.0,665.0,872.0,1178.0,1183.0,0.004498793371661127,0.00557504030163837,0.004129000640623826,0.005116782006920415
34725,839,West Bloomfield,MI,Oakland County,West Bloomfield,2095.2344322344325,450359.610636188,320400.0,2600599999,50350.0,846.0,851.0,1111.0,1416.0,1496.0,0.0046523586546197105,0.006539433309096231,0.0033217898867234498,0.00466916354556804
11604,840,Gilroy,CA,Santa Clara County,Gilroy,3671.706349206349,1070781.1285389338,1382800.0,0608399999,88250.0,2381.0,2688.0,3028.0,4011.0,4468.0,0.003428998000941931,0.0026552692719166537,0.004172654785293541,0.0032311252531096327
5937,841,Middletown,NY,Orange County,Middletown,2184.619047619048,402404.2293880496,361100.0,3602399999,46100.0,896.0,901.0,1118.0,1387.0,1877.0,0.005428916716261347,0.006049900436496948,0.004664463897048051,0.005198006092495154
34597,842,Vineland,NJ,Cumberland County,Vineland,2015.1111111111115,309206.04331149755,205600.0,3401199999,46350.0,1208.0,1275.0,1591.0,2163.0,2186.0,0.006517049568404026,0.009801124081279726,0.007069719519672517,0.010632295719844358
32572,843,Lorain,OH,Lorain County,Lorain,1210.675,151883.20731874098,207200.0,3904999999,54500.0,1104.0,1194.0,1445.0,1741.0,1939.0,0.007971091876268363,0.005843026061776061,0.012766388294203117,0.009358108108108108
13343,844,Pocatello,ID,Bannock County,Pocatello,1050.1510167464114,339627.6292957189,267200.0,1600599999,46350.0,781.0,868.0,1139.0,1596.0,1908.0,0.003092065916203858,0.003930205900997049,0.00561791749380518,0.0071407185628742514
11170,845,Dundalk,MD,Baltimore County,Dundalk,1609.6580808080807,225684.41673979443,330000.0,2451099999,65150.0,1407.0,1604.0,1965.0,2529.0,2826.0,0.007132340389562454,0.004877751760024487,0.012521910200199028,0.008563636363636364
17087,846,Bluffton,SC,Beaufort County,Bluffton,2402.294017094017,504956.00670798327,407600.0,4501399999,55100.0,1584.0,1646.0,1822.0,2195.0,2803.0,0.0047574323013910924,0.005893753722016725,0.005550978625393358,0.006876840039254171
28939,847,Malden,MA,Middlesex County,Malden,2940.0656639827143,680880.5039511035,687200.0,2501700380,82700.0,2263.0,2394.0,2837.0,3418.0,3761.0,0.004318034731383425,0.004278326053525487,0.005523729902934761,0.005472933643771828
42923,848,Pottstown,PA,Chester County,Pottstown,1960.7142857142856,352392.0226581083,461800.0,4202799999,54050.0,1226.0,1234.0,1431.0,1743.0,1897.0,0.005564014392052727,0.004245808327661944,0.005383209261352872,0.004107838891294933
7837,849,West Des Moines,IA,Polk County,West Des Moines,1410.3454097714737,323645.37609107763,248400.0,1911199999,46000.0,632.0,702.0,921.0,1216.0,1221.0,0.004357687499834961,0.0056777190409479615,0.0037726477502845464,0.004915458937198068
6809,850,Rocklin,CA,Placer County,Rocklin,2674.3736630036638,696660.6664388949,658800.0,0600999999,50750.0,989.0,1086.0,1425.0,1997.0,2195.0,0.0038388469334348974,0.004059462147850127,0.0031507448399808956,0.0033318154219793565
33256,851,Orland Park,IL,Cook County,Orland Park,2754.816666666667,402674.0921576498,305200.0,1700799999,43300.0,810.0,900.0,1181.0,1561.0,1603.0,0.006841305960126525,0.009026266928789866,0.003980886854206687,0.005252293577981651
51173,852,Brunswick,GA,Glynn County,Brunswick,1661.1721866096866,249789.94596255105,268300.0,1306199999,38100.0,710.0,715.0,905.0,1137.0,1300.0,0.006650276416084146,0.006191472928101702,0.0052043727980745,0.004845322400298174
33498,853,Port Orange,FL,Volusia County,Port Orange,1887.72450511305,343084.4167365341,278000.0,1202399999,38300.0,815.0,820.0,1076.0,1305.0,1427.0,0.00550221581927079,0.006790375917672842,0.004159326190253172,0.005133093525179856
30149,854,Albany,OR,Linn County,Albany,1768.1174603174604,440052.85264244507,344600.0,4103999999,45850.0,1060.0,1140.0,1495.0,2095.0,2510.0,0.004017966136795173,0.005130927046771505,0.0057038603088875855,0.007283807312826465
26938,855,Sammamish,WA,King County,Sammamish,3706.04152637486,1646281.8402699328,811200.0,5302199999,52800.0,1101.0,1236.0,1503.0,2003.0,2318.0,0.002251158602203374,0.004568591625215558,0.0014080213626239896,0.0028574950690335305
399216,856,Midland,MI,Midland County,Midland,1615.236111111111,255855.61773742732,184300.0,2604199999,40950.0,640.0,711.0,933.0,1231.0,1567.0,0.006313076591379567,0.008764167721709773,0.006124547953479525,0.00850244167118828
53253,857,Medina,OH,Medina County,Medina,1898.8472222222224,378895.4357924851,268000.0,3906599999,42600.0,664.0,703.0,884.0,1103.0,1213.0,0.00501153363922333,0.007085250829187397,0.0032014109577829294,0.0045261194029850745
39173,858,Johnstown,PA,Cambria County,Johnstown,926.3888888888888,109493.4031427094,115900.0,4202199999,42200.0,749.0,754.0,935.0,1261.0,1375.0,0.008460682217370391,0.007993001629757452,0.01255783417570718,0.01186367558239862
737790,859,Eastvale,CA,Riverside County,Eastvale,3630.118686868687,951876.617306614,510300.0,0606599999,55950.0,1776.0,1852.0,2306.0,3079.0,3745.0,0.003813644143439832,0.007113695251555334,0.003934333433461869,0.007338820301783264
30772,860,Carson City,NV,Carson City,Carson City,2036.542424242424,493876.0869208753,,3251099999,46750.0,1021.0,1148.0,1467.0,2056.0,2463.0,0.0041235898602409995,,0.00498708089989909,
26620,861,Prescott,AZ,Yavapai County,Prescott,1796.7962962962963,604287.4023704482,392900.0,0402599999,45300.0,1101.0,1293.0,1606.0,2216.0,2548.0,0.0029734134606281275,0.0045731644090004995,0.004216536684373889,0.006485110715194706
6736,862,Reston,VA,Fairfax County,Reston,2539.159315596024,639425.8196929189,699700.0,5160099999,81950.0,2012.0,2056.0,2314.0,2893.0,3413.0,0.00397099903913083,0.0036289257047249163,0.00533760116480607,0.0048778047734743465
14552,863,West Hartford,CT,Hartford County,West Hartford,2290.4299603174604,493740.892465769,,,,,,,,,0.004638931057297944,,,
12665,864,Mechanicsville,VA,Hanover County,Mechanicsville,2402.247474747475,433756.27456976025,372700.0,5108599999,56750.0,1488.0,1545.0,1711.0,2166.0,2677.0,0.005538242592871416,0.006445525824382814,0.006171668646534963,0.007182720686879528
32532,865,Little Elm,TX,Denton County,Little Elm,2379.8527131782944,424623.5779620248,403400.0,4800199999,39700.0,846.0,851.0,1033.0,1245.0,1563.0,0.005604617446351816,0.005899486150665083,0.0036809072343594244,0.0038745661874070403
20639,866,Statesboro,GA,Bulloch County,Statesboro,1441.4722222222224,274556.22147112,191600.0,1303199999,38850.0,855.0,861.0,1129.0,1371.0,1497.0,0.0052501896132550315,0.007523341452099282,0.005452435176951422,0.007813152400835074
6750,867,Richmond,KY,Madison County,Richmond,1134.0,293084.07355657086,220700.0,2100199999,35450.0,624.0,677.0,867.0,1215.0,1305.0,0.0038691969380626073,0.00513819664703217,0.004452647269992683,0.005913004077933847
4317,868,Decatur,AL,Morgan County,Decatur,1297.6190476190477,225677.2504292492,193000.0,0105199999,41800.0,848.0,888.0,1055.0,1345.0,1665.0,0.005749888591565666,0.006723414754502838,0.007377792829508018,0.008626943005181346
34644,869,Waltham,MA,Middlesex County,Waltham,3016.80635551142,833416.9880642123,687200.0,2501700380,82700.0,2263.0,2394.0,2837.0,3418.0,3761.0,0.0036198042501132508,0.004389997606972381,0.004512746984838551,0.005472933643771828
13929,871,South San Francisco,CA,San Mateo County,South San Francisco,3628.751225490196,1212321.597707365,1494500.0,0600599999,54950.0,1253.0,1260.0,1493.0,2084.0,2507.0,0.002993224926745979,0.002428070408491265,0.0020679331332057564,0.0016774841083974574
53145,872,Mansfield,OH,Richland County,Mansfield,884.0079365079365,147296.25188792963,154000.0,3900599999,44250.0,606.0,674.0,884.0,1158.0,1409.0,0.006001564365538195,0.0057403112760255615,0.009565755964191389,0.00914935064935065
6923,873,San Luis Obispo,CA,San Luis Obispo County,San Luis Obispo,3045.311447811448,1076743.3056810703,777200.0,0607999999,69500.0,1669.0,1855.0,2434.0,3250.0,3683.0,0.0028282613244437153,0.003918311178347206,0.0034204995569212288,0.004738805970149254
31125,874,Crown Point,IN,Lake County,Crown Point,2210.0,359252.3433043985,214700.0,1800399999,45000.0,943.0,991.0,1199.0,1512.0,1632.0,0.006151664814966683,0.010293432696786214,0.004542767863360012,0.00760130414531905
46084,875,La Crosse,WI,La Crosse County,La Crosse,1100.327380952381,272249.45064877294,243200.0,5506399999,53700.0,821.0,912.0,1197.0,1579.0,1990.0,0.004041614696853531,0.0045243724545739345,0.007309472967742678,0.008182565789473684
20831,876,Towson,MD,Baltimore County,Towson,1920.951655982906,474909.435757004,330000.0,2451099999,65150.0,1407.0,1604.0,1965.0,2529.0,2826.0,0.004044879952576465,0.005821065624190624,0.005950608236484849,0.008563636363636364
10634,877,Burnsville,MN,Dakota County,Burnsville,1529.9683393070488,375472.09958918096,362100.0,2700399999,66200.0,1220.0,1381.0,1685.0,2244.0,2513.0,0.0040747856924150914,0.004225264676351971,0.006692907416422082,0.006940071803369235
53026,878,Loganville,GA,Walton County,Loganville,2390.2505050505056,400936.6581595797,300500.0,1300399999,38100.0,728.0,733.0,905.0,1155.0,1300.0,0.005961666154505495,0.007954244609153097,0.0032424074315563775,0.004326123128119801
30993,879,Columbia,TN,Maury County,Columbia,1601.7576923076922,370472.5915720356,307500.0,4702799999,37450.0,681.0,685.0,899.0,1254.0,1259.0,0.004323552480659672,0.005208968105065666,0.0033983620614352434,0.004094308943089431
124464,880,Fountainbleau,FL,Miami-Dade County,Fountainbleau,2561.2837813620067,309343.1594952772,425400.0,1208699999,61950.0,1711.0,1898.0,2329.0,3008.0,3527.0,0.008279749212948445,0.006020883360042329,0.011401577477111943,0.008291020216267042
14541,881,West Chester,OH,Butler County,West Chester,1890.2179487179485,415729.39481197664,243000.0,3901799999,55900.0,883.0,993.0,1287.0,1707.0,1885.0,0.004546750776602756,0.007778674686082092,0.004534199466103511,0.007757201646090535
27652,882,Valley Stream,NY,Nassau County,Valley Stream,3370.0,741921.2630586416,658700.0,3605999999,82450.0,1848.0,2241.0,2586.0,3352.0,3591.0,0.004542260975385517,0.005116137847274936,0.00484013625003246,0.005451647183846971
51003,883,Biloxi,MS,Harrison County,Biloxi,1403.711111111111,229162.77577268097,199300.0,2801599999,38400.0,707.0,711.0,933.0,1165.0,1242.0,0.006125388848071593,0.007043206779283046,0.005419728382204654,0.006231811339688911
25459,884,Laguna Niguel,CA,Orange County,Laguna Niguel,3259.8144601175213,1446023.726616068,915500.0,0600399999,57700.0,1003.0,1101.0,1445.0,2025.0,2396.0,0.0022543298564996718,0.0035606930203359055,0.0016569575975126161,0.002617149098853086
46749,885,Niagara Falls,NY,Niagara County,Niagara Falls,1076.2666666666669,166401.9393010931,177400.0,3606399999,50500.0,968.0,1001.0,1176.0,1438.0,1625.0,0.006467873338418459,0.006066892145809847,0.00976551118830215,0.00916009019165727
51751,886,Dublin,CA,Alameda County,Dublin,3240.2390441594384,1334503.2268220645,1057400.0,0600199999,79900.0,1937.0,2201.0,2682.0,3432.0,4077.0,0.0024280488642021655,0.00306434560635468,0.003055069420632885,0.0038556837526007187
40387,887,Poinciana,FL,Osceola County,Poinciana,1949.117893217893,292583.9768387472,317600.0,1201999999,51250.0,1381.0,1454.0,1730.0,2163.0,2739.0,0.006661738329888505,0.006137021074363643,0.009361414899044709,0.008624055415617128
30775,888,Cartersville,GA,Bartow County,Cartersville,1815.5233426704012,323988.0274451689,262200.0,1300599999,38100.0,629.0,715.0,905.0,1268.0,1300.0,0.005603674175823231,0.006924192763807785,0.004012493950011809,0.004958047292143402
4515,889,Eden Prairie,MN,Hennepin County,Eden Prairie,1881.5767676767675,503271.29483646114,376500.0,2705399999,66200.0,1220.0,1381.0,1685.0,2244.0,2513.0,0.003738692802434101,0.004997547855715186,0.0049933306862188585,0.006674634794156706
45473,890,Goldsboro,NC,Wayne County,Goldsboro,1518.7698412698412,191209.48784979468,162700.0,3700999999,38200.0,713.0,717.0,930.0,1228.0,1233.0,0.007942962759582917,0.009334786977688022,0.006448424781978328,0.007578365089121082
10940,891,Coon Rapids,MN,Anoka County,Coon Rapids,1766.959595959596,334410.6762011484,325800.0,2700399999,66200.0,1220.0,1381.0,1685.0,2244.0,2513.0,0.005283801390649286,0.005423448729157753,0.007514712235109466,0.007713321055862492
33837,892,San Gabriel,CA,Los Angeles County,San Gabriel,2770.0740740740744,1086213.7901737646,783300.0,0603799999,75750.0,1856.0,2081.0,2625.0,3335.0,3698.0,0.0025502107404021617,0.0035364152611695064,0.0034044863299041903,0.004721051959657858
7378,893,Taylor,MI,Wayne County,Taylor,1550.8333333333333,181310.39931238443,170200.0,2601799999,41850.0,764.0,769.0,976.0,1305.0,1406.0,0.008553471500889268,0.009111829220524873,0.007754657236056084,0.00826086956521739
26592,894,Port Orchard,WA,Kitsap County,Port Orchard,2123.205407011289,555986.4547458375,505700.0,5302999999,55700.0,1178.0,1317.0,1600.0,2242.0,2615.0,0.003818807794484646,0.00419854737395944,0.004703351992982304,0.0051710500296618545
12597,895,Martinsburg,WV,Berkeley County,Martinsburg,1674.3666666666668,303941.86800419586,248000.0,5400399999,44800.0,826.0,959.0,1204.0,1673.0,2022.0,0.005508838508038493,0.006751478494623656,0.006652587921753796,0.008153225806451612
38999,896,Hilliard,OH,Franklin County,Hilliard,1841.546626984127,385897.461664792,265700.0,3904999999,54500.0,1104.0,1194.0,1445.0,1741.0,1939.0,0.0047721138642362404,0.006930924452330173,0.0050246508272819455,0.00729770417764396
39894,897,Mount Juliet,TN,Wilson County,Mount Juliet,2370.52876984127,562694.8849688306,397000.0,4700999999,49700.0,1256.0,1264.0,1548.0,1989.0,2335.0,0.00421281378801334,0.00597110521370597,0.00414967340627122,0.005881612090680101
17310,898,Carmichael,CA,Sacramento County,Carmichael,1789.9361111111111,563248.110628229,498900.0,0606799999,64300.0,1679.0,1777.0,2206.0,2992.0,3455.0,0.0031778821399235115,0.0035877653058951917,0.006134064073728367,0.006925235518139908
17188,899,Brookline,MA,Norfolk County,Brookline,3443.719985389409,1192479.564450071,649400.0,2502102935,65700.0,1607.0,1652.0,2155.0,2730.0,2953.0,0.0028878649899359322,0.005302925755142299,0.002476352709123211,0.004547274407145057
17545,900,Commerce City,CO,Adams County,Commerce City,2695.8991117814644,505987.4223641208,458400.0,0800199999,70050.0,1639.0,1789.0,2140.0,2794.0,3127.0,0.005327996295215082,0.005881106264793771,0.00617999551330692,0.006821553228621291
45299,901,Fond du Lac,WI,Fond du Lac County,Fond du Lac,1071.075,255912.76343518973,209800.0,5503999999,48900.0,736.0,865.0,1074.0,1395.0,1449.0,0.004185312938763413,0.0051052192564347,0.0056620857066668395,0.0069065776930409915
25092,902,Hendersonville,NC,Henderson County,Hendersonville,1901.4087301587304,415214.699072508,317800.0,3700799999,38200.0,834.0,927.0,1216.0,1465.0,1728.0,0.004579338675644263,0.005983035651852518,0.0041617023767702484,0.005437382001258653
40038,903,North Bergen Township,NJ,Hudson County,North Bergen Township,3041.5879772961816,627424.2300967501,508600.0,3401799999,67000.0,1999.0,2029.0,2299.0,2822.0,3218.0,0.004847737513782601,0.005980314544428198,0.005128906162109452,0.006327172630751081
10137,904,Ankeny,IA,Polk County,Ankeny,1597.0915261209375,342786.7139264306,248400.0,1911199999,46000.0,632.0,702.0,921.0,1216.0,1221.0,0.004659140687884734,0.006429515000486866,0.0035619816941389764,0.004915458937198068
16554,905,Euless,TX,Tarrant County,Euless,1752.0339570339568,358155.0333547232,294100.0,4800799999,39700.0,969.0,976.0,1280.0,1670.0,1914.0,0.004891831173286097,0.00595727289028887,0.005344054450588553,0.006507990479428766
28060,906,Youngstown,OH,Mahoning County,Youngstown,969.4444444444443,67771.28663042327,141100.0,3907399999,42600.0,703.0,707.0,928.0,1261.0,1265.0,0.014304648659411022,0.006870619733837309,0.01866572206159249,0.008965272856130404
44878,907,Dearborn Heights,MI,Wayne County,Dearborn Heights,1596.1324786324788,218191.85332957213,170200.0,2601799999,41850.0,764.0,769.0,976.0,1305.0,1406.0,0.00731527073204502,0.009377981660590357,0.006443870284543942,0.00826086956521739
17974,908,Elyria,OH,Lorain County,Elyria,1004.5777777777776,184407.39132428123,207200.0,3904999999,54500.0,1104.0,1194.0,1445.0,1741.0,1939.0,0.0054476003947760586,0.004848348348348347,0.010514762917448682,0.009358108108108108
33341,909,Pasadena,MD,Anne Arundel County,Pasadena,2522.679545454546,457723.8519917079,450300.0,2400399999,65150.0,1407.0,1604.0,1965.0,2529.0,2826.0,0.005511356977525931,0.0056022197322996795,0.006174028265521097,0.006275816122584943
39416,910,Levittown,PA,Bucks County,Levittown,2128.75,390350.0218498924,421700.0,4201199999,49900.0,928.0,1075.0,1353.0,1689.0,1794.0,0.005453438915954775,0.005048019919373962,0.004595875239094711,0.004254209153426607
54592,911,Stuart,FL,Martin County,Stuart,2380.221608772333,381990.873421562,386500.0,1207999999,35600.0,731.0,811.0,933.0,1152.0,1336.0,0.006231095490455711,0.006158400022696852,0.00349746575888896,0.003456662354463131
20514,912,Skokie,IL,Cook County,Skokie,2172.659932659933,409818.4081837313,305200.0,1700799999,43300.0,810.0,900.0,1181.0,1561.0,1603.0,0.005301518646487637,0.00711880711880712,0.003911488522695489,0.005252293577981651
398123,913,Janesville,WI,Rock County,Janesville,1278.1666666666667,290650.16567446734,215900.0,5500999999,53500.0,841.0,918.0,1147.0,1521.0,1554.0,0.004397612035419354,0.005920179095260152,0.005346633800788897,0.007197776748494674
25953,914,Montebello,CA,Los Angeles County,Montebello,2524.833333333333,812770.066056949,783300.0,0603799999,75750.0,1856.0,2081.0,2625.0,3335.0,3698.0,0.0031064546281610026,0.0032233286522830753,0.004549872287915792,0.004721051959657858
46978,915,Panama City,FL,Bay County,Panama City,1923.372214795009,284975.11337326345,276900.0,1200399999,45750.0,901.0,952.0,1129.0,1523.0,1896.0,0.006749263793697506,0.006946089616450015,0.006653212547429006,0.006847237269772481
52587,916,Howell,MI,Livingston County,Howell,2014.6666666666667,380579.699936363,331100.0,2603799999,50400.0,870.0,905.0,1127.0,1465.0,1494.0,0.005293678740625264,0.006084767945233062,0.003925590356631772,0.004512231954092419
831676,917,Monroe,NY,Orange County,Monroe,2978.571428571429,536281.8404080536,361100.0,3602399999,46100.0,896.0,901.0,1118.0,1387.0,1877.0,0.005554115772976859,0.008248605451596313,0.003500025282548822,0.005198006092495154
6487,918,Phenix City,AL,Russell County,Phenix City,1395.6944444444443,203445.97440509,152300.0,0109599999,37200.0,590.0,594.0,780.0,1050.0,1053.0,0.00686027063708529,0.009164113226818413,0.005175821262028643,0.006913985554826001
18874,919,La Habra,CA,Orange County,La Habra,2684.4814102564105,895769.5436991329,915500.0,0600399999,57700.0,1003.0,1101.0,1445.0,2025.0,2396.0,0.0029968438078065113,0.0029322571384559374,0.0026747951153882478,0.002617149098853086
25495,920,Lancaster,OH,Fairfield County,Lancaster,1494.7222222222224,273783.36694342707,272200.0,3904599999,54500.0,1104.0,1194.0,1445.0,1741.0,1939.0,0.005459507050810295,0.005491264593028003,0.007082241779869203,0.007123438648052902
11455,921,Florence,AL,Lauderdale County,Florence,1285.8333333333333,203456.40525482452,185800.0,0104599999,37700.0,669.0,679.0,772.0,1088.0,1309.0,0.006319945207538963,0.006920523860782203,0.006433810714194558,0.007045209903121636
53250,922,Medford,MA,Middlesex County,Medford,3315.5414179995223,849190.3078230964,687200.0,2501700380,82700.0,2263.0,2394.0,2837.0,3418.0,3761.0,0.0039043561701721835,0.004824711027356697,0.004428924783234211,0.005472933643771828
50704,923,Altamonte Springs,FL,Seminole County,Altamonte Springs,1659.9642795476127,300579.97191329964,357300.0,1208799999,65150.0,1565.0,1903.0,2274.0,3026.0,3344.0,0.005522537875632042,0.004645855806178597,0.011125159067366455,0.009359082003918277
30760,924,Carlisle,PA,Cumberland County,Carlisle,1424.7222222222224,325351.71989972034,261900.0,4202199999,42200.0,749.0,754.0,935.0,1261.0,1375.0,0.004379021640522906,0.005439947392982904,0.004226195578200114,0.005250095456281023
26483,925,Pico Rivera,CA,Los Angeles County,Pico Rivera,2416.6666666666665,745721.571155746,783300.0,0603799999,75750.0,1856.0,2081.0,2625.0,3335.0,3698.0,0.0032407090798261744,0.0030852376696880717,0.004958955383667804,0.004721051959657858
24420,926,Downers Grove,IL,DuPage County,Downers Grove,2420.1625874125875,490531.3772725303,374100.0,1704399999,59950.0,1458.0,1560.0,1761.0,2262.0,2657.0,0.004933756941032519,0.006469293203455193,0.005416575010498909,0.007102379043036621
46339,927,Lufkin,TX,Angelina County,Lufkin,1446.6111111111113,202611.39332530508,149800.0,4800599999,39700.0,855.0,900.0,1038.0,1330.0,1434.0,0.0071398310202057,0.009656950007417299,0.007077588167500653,0.009572763684913218
16989,928,Bentonville,AR,Benton County,Bentonville,1778.5957512315272,482825.5483077369,285100.0,0500799999,50900.0,853.0,925.0,1111.0,1557.0,1798.0,0.003683723360259945,0.006238497899794904,0.0037239123039405006,0.006306559102069449
53643,929,Novato,CA,Marin County,Novato,3853.843253968254,1069024.933744342,1390000.0,0600399999,57700.0,1003.0,1101.0,1445.0,2025.0,2396.0,0.003605007827525474,0.0027725491035742833,0.002241294776547284,0.0017237410071942445
6562,930,Pontiac,MI,Oakland County,Pontiac,1237.878787878788,136580.12021082093,320400.0,2600599999,50350.0,846.0,851.0,1111.0,1416.0,1496.0,0.009063389210435866,0.0038635417848901,0.01095327781005625,0.00466916354556804
38465,931,Fairbanks,AK,Fairbanks North Star Borough,Fairbanks,1641.8831168831168,293739.7780756354,,0209099999,57450.0,1144.0,1272.0,1669.0,2339.0,2803.0,0.005589583840634436,,0.009542459718473173,
43088,932,Wylie,TX,Collin County,Wylie,2020.7623931623928,434593.37109193625,447600.0,4805999999,43650.0,944.0,950.0,1207.0,1571.0,1899.0,0.004649777303517383,0.004514661289460216,0.00436960185386324,0.004242627345844504
45164,933,Encinitas,CA,San Diego County,Encinitas,4310.679144385027,1844855.969721756,791600.0,0606999999,66800.0,1799.0,1999.0,2623.0,3655.0,4046.0,0.0023365938670188817,0.005445526963599074,0.0021931251362729545,0.005111167256189995
13693,934,San Clemente,CA,Orange County,San Clemente,3456.349775672356,1688263.296192901,915500.0,0600399999,57700.0,1003.0,1101.0,1445.0,2025.0,2396.0,0.0020472812407084594,0.0037753684059774503,0.0014192099096172219,0.002617149098853086
21195,935,Wellington,FL,Palm Beach County,Wellington,3500.6873785550256,642910.0810364797,407300.0,1200199999,52000.0,1176.0,1308.0,1583.0,2016.0,2099.0,0.005445065308217482,0.008594862211036154,0.0032648422569701466,0.005153449545789344
53273,936,Meridian,MS,Lauderdale County,Meridian,1360.25,112999.37803740863,124500.0,2807599999,37350.0,859.0,876.0,995.0,1332.0,1405.0,0.01203767687597083,0.01092570281124498,0.012433696754816407,0.011285140562248996
45565,937,Greenwich,CT,Fairfield County,Greenwich,5896.269841269841,2109397.70889546,,,,,,,,,0.00279523857279493,,,
41675,937,Westminster,MD,Carroll County,Westminster,1757.0333333333335,470335.0375186277,406400.0,2401199999,46400.0,981.0,987.0,1295.0,1688.0,2153.0,0.003735705812186586,0.004323408792650919,0.004577587949557618,0.005297736220472441
5043,939,Hamden,CT,New Haven County,Hamden,2242.0939268461007,359329.8176876907,,,,,,,,,0.006239654535975087,,,
37111,940,Altoona,PA,Blair County,Altoona,940.0,143224.0420923561,156700.0,4200799999,53650.0,998.0,1068.0,1280.0,1632.0,1759.0,0.006563143912625044,0.005998723675813657,0.012281457598199418,0.011225271218889598
398893,941,Piscataway,NJ,Middlesex County,Piscataway,2709.727777777778,589083.1396836548,439300.0,3401399999,67650.0,1551.0,1768.0,2140.0,2695.0,3065.0,0.004599907203646903,0.006168285403546046,0.005203000720146131,0.006977008877760073
4948,942,Grand Forks,ND,Grand Forks County,Grand Forks,1161.056196581197,285835.72650791245,244200.0,3803599999,52200.0,777.0,782.0,984.0,1379.0,1652.0,0.004061970176947271,0.004754529879529881,0.005779543446799572,0.006764946764946765
28195,943,Chambersburg,PA,Franklin County,Chambersburg,1273.0833333333333,284321.689775744,236300.0,4205599999,47750.0,946.0,979.0,1193.0,1591.0,1803.0,0.004477615950923285,0.0053875722951050925,0.006341408569364155,0.007630131189166314
45398,944,Gardena,CA,Los Angeles County,Gardena,2481.835497835498,784265.2665492903,783300.0,0603799999,75750.0,1856.0,2081.0,2625.0,3335.0,3698.0,0.0031645357810570806,0.0031684354625756386,0.00471524133189135,0.004721051959657858
37015,945,Azusa,CA,Los Angeles County,Azusa,2885.404761904762,711106.0745598109,783300.0,0603799999,75750.0,1856.0,2081.0,2625.0,3335.0,3698.0,0.0040576291851969985,0.0036836521918865847,0.005200349332255581,0.004721051959657858
26225,946,Novi,MI,Oakland County,Novi,1796.4208754208755,465357.3513381989,320400.0,2600599999,50350.0,846.0,851.0,1111.0,1416.0,1496.0,0.0038603040658002304,0.005606806727281134,0.003214733786192583,0.00466916354556804
6021,947,Monterey Park,CA,Los Angeles County,Monterey Park,2483.75,911081.268917806,783300.0,0603799999,75750.0,1856.0,2081.0,2625.0,3335.0,3698.0,0.0027261563646788943,0.0031708796118983785,0.004058913431940634,0.004721051959657858
4426,948,Dublin,OH,Franklin County,Dublin,1841.0257575757576,575583.7978972237,265700.0,3904999999,54500.0,1104.0,1194.0,1445.0,1741.0,1939.0,0.0031985364499514477,0.0069289640857198255,0.0033687536151707797,0.00729770417764396
19410,949,Mishawaka,IN,Saint Joseph County,Mishawaka,1124.027777777778,204240.86437235752,179800.0,1814199999,44000.0,751.0,936.0,1095.0,1350.0,1452.0,0.0055034421306038445,0.006251544926461502,0.007109253108882344,0.008075639599555061
17172,950,Bristol,CT,Hartford County,Bristol,1689.0079365079366,339331.1838091688,,,,,,,,,0.004977461598276779,,,
30829,951,Chantilly,VA,Fairfax County,Chantilly,3319.811942959002,819692.6068806789,699700.0,5160099999,81950.0,2012.0,2056.0,2314.0,2893.0,3413.0,0.004050069398078957,0.004744621899326857,0.0041637559877331235,0.0048778047734743465
45966,952,Joplin,MO,Jasper County,Joplin,1264.9239417989418,203114.00511557743,158500.0,2903599999,40350.0,615.0,628.0,824.0,1016.0,1242.0,0.00622765496194694,0.007980592692737803,0.00611479252399788,0.00783596214511041
27378,953,Taylorsville,UT,Salt Lake County,Taylorsville,1851.746031746032,491995.3151916286,484500.0,4903599999,61350.0,1243.0,1453.0,1748.0,2348.0,2670.0,0.0037637472849203664,0.0038219732337379402,0.005426880942880634,0.005510835913312693
47526,954,Saint Peters,MO,Saint Charles County,Saint Peters,1685.230936819172,314717.24360129907,296800.0,2918399999,55700.0,951.0,984.0,1215.0,1570.0,1806.0,0.005354746112844437,0.005678001808689933,0.005738484422823489,0.0060849056603773585
12067,955,Irvington,NJ,Essex County,Irvington,2049.5925925925926,400998.6106948123,494400.0,3401399999,67650.0,1551.0,1768.0,2140.0,2695.0,3065.0,0.005111221181143878,0.004145616085341005,0.007643418002594221,0.006199433656957929
31506,956,Fairfield,CT,Fairfield County,Fairfield,3222.3758093758097,929975.827278547,,,,,,,,,0.003465010288284237,,,
34721,957,West Allis,WI,Milwaukee County,West Allis,1207.121212121212,268782.34830461274,216500.0,5506199999,53500.0,841.0,918.0,1147.0,1521.0,1554.0,0.004491073240989672,0.005575617607950171,0.0057816296710037,0.007177829099307159
13265,958,Petersburg,VA,Dinwiddie County,Petersburg,1540.7314814814815,243387.751379339,246100.0,5105399999,56750.0,1488.0,1545.0,1711.0,2166.0,2677.0,0.006330357516965306,0.006260591147832107,0.01099891011289095,0.010877691995123933
26091,959,New Castle,DE,New Castle County,New Castle,1762.638888888889,281472.3470349145,329800.0,1000399999,59700.0,1372.0,1512.0,1802.0,2171.0,2468.0,0.006262209795942218,0.00534456909911731,0.008768179275862802,0.007483323226197695
17317,960,Carrollton,GA,Carroll County,Carrollton,1574.321548821549,286797.1950146347,227500.0,1301399999,57100.0,1591.0,1653.0,1830.0,2205.0,2653.0,0.005489319896386066,0.006920094720094721,0.009250439146954078,0.011661538461538461
32500,961,Lima,OH,Allen County,Lima,1180.8333333333333,146886.72216713347,158400.0,3900399999,46250.0,788.0,793.0,1040.0,1262.0,1431.0,0.008039074709487592,0.007454755892255892,0.009742201193459489,0.009034090909090908
11738,962,Griffin,GA,Spalding County,Griffin,1334.5462962962963,244046.5922825618,196600.0,1300199999,38100.0,710.0,715.0,905.0,1246.0,1520.0,0.005468407830711003,0.0067881296861459625,0.0062283188869120334,0.007731434384537131
20164,963,Richland,WA,Benton County,Richland,1807.2884272590156,470577.1464444404,369400.0,5300599999,52800.0,1101.0,1236.0,1503.0,2003.0,2318.0,0.0038405784065682342,0.0048924970959908385,0.004925866072150359,0.006275040606388739
6229,964,North Miami,FL,Miami-Dade County,North Miami,2367.2612734487734,424263.4312873471,425400.0,1208699999,61950.0,1711.0,1898.0,2329.0,3008.0,3527.0,0.005579696714057507,0.005564789077218555,0.008313231214149158,0.008291020216267042
55748,965,Lansdale,PA,Montgomery County,Lansdale,2025.747737556561,500683.6272759086,409900.0,4208999999,52200.0,1158.0,1183.0,1552.0,2043.0,2379.0,0.0040459636129468336,0.004942053519289,0.0047515034852318415,0.005803854598682606
19321,966,Meriden,CT,New Haven County,Meriden,1916.5,318377.278276238,,,,,,,,,0.0060195878624766715,,,
20883,967,Union,NJ,Union County,Union,2501.469696969697,581531.0489468047,488800.0,3400599999,59700.0,1372.0,1512.0,1802.0,2171.0,2468.0,0.004301523885096147,0.005117573029807072,0.004243969439756877,0.0050490998363338785
6032,968,Moore,OK,Cleveland County,Moore,1574.758377425044,222752.08777487883,222800.0,4002799999,48850.0,886.0,961.0,1180.0,1575.0,1719.0,0.007069556084325238,0.007068035805318869,0.0077170993869080245,0.007715439856373429
25146,969,Hoboken,NJ,Hudson County,Hoboken,3841.318294329433,814747.1640482558,508600.0,3401799999,67000.0,1999.0,2029.0,2299.0,2822.0,3218.0,0.0047147366248480975,0.007552729638870296,0.003949691563221452,0.006327172630751081
54212,970,Rosemead,CA,Los Angeles County,Rosemead,2987.3611111111118,897557.1545323153,783300.0,0603799999,75750.0,1856.0,2081.0,2625.0,3335.0,3698.0,0.003328324102845259,0.0038138147722598134,0.0041200718877082475,0.004721051959657858
20782,971,Texarkana,TX,Bowie County,Texarkana,1331.3333333333333,197434.08030574405,161300.0,4801799999,43300.0,732.0,752.0,933.0,1217.0,1395.0,0.006743178944950367,0.008253771440380243,0.007065649445322305,0.008648481091134532
398963,972,Manchester,CT,Hartford County,Manchester,2061.29302832244,327192.2750458044,,,,,,,,,0.006299944055934313,,,
19078,973,Lompoc,CA,Santa Barbara County,Lompoc,2323.383597883598,574705.9392098496,735700.0,0608399999,88250.0,2381.0,2688.0,3028.0,4011.0,4468.0,0.004042734621949386,0.003158058444860131,0.0077744106945248454,0.0060731276335462825
136166,974,Coeur d'Alene,ID,Kootenai County,Coeur d'Alene,1914.579649345834,586019.9084188208,467400.0,1605599999,47050.0,1001.0,1226.0,1460.0,2046.0,2452.0,0.0032670897726182857,0.004096233738437814,0.00418415819117119,0.005246041934103551
31861,975,Greensburg,PA,Westmoreland County,Greensburg,1185.2777777777776,249833.668884866,193100.0,4212999999,53650.0,998.0,1068.0,1280.0,1632.0,1759.0,0.004744267588384991,0.0061381552448357204,0.007040684339509989,0.009109269808389435
6781,976,Riverdale,GA,Clayton County,Riverdale,1748.916245791246,224419.52869742468,194500.0,1300399999,38100.0,728.0,733.0,905.0,1155.0,1300.0,0.007793066209265752,0.00899185730483931,0.005792722262387133,0.006683804627249357
52480,977,Helena,MT,Lewis and Clark County,Helena,1658.2936507936508,472123.7740315576,358200.0,3004999999,53500.0,1094.0,1259.0,1596.0,2106.0,2397.0,0.0035124129349241528,0.00462951884643677,0.005077058457640348,0.006691792294807371
24682,978,Farmington,NM,San Juan County,Farmington,1374.0277777777776,269517.0905201133,185100.0,3504599999,37800.0,841.0,855.0,1034.0,1449.0,1571.0,0.005098110012712673,0.00742316465574164,0.005828943897280461,0.008487304159913561
38049,979,Covington,LA,Saint Tammany Parish,Covington,1578.8838383838383,325306.97011020646,,2210399999,47400.0,1071.0,1236.0,1478.0,1889.0,2217.0,0.0048535198549509995,,0.006815101438647109,
6267,979,Oak Lawn,IL,Cook County,Oak Lawn,2016.9444444444443,284365.0350398689,305200.0,1700799999,43300.0,810.0,900.0,1181.0,1561.0,1603.0,0.00709280043575562,0.006608599097131207,0.005637120610750383,0.005252293577981651
5710,981,Loveland,OH,Clermont County,Loveland,1806.7870370370367,447403.6576371372,245600.0,3901399999,41050.0,654.0,786.0,954.0,1228.0,1379.0,0.004038382356056676,0.007356624743636143,0.0030822278192424294,0.005614820846905537
9969,983,Tinley Park,IL,Cook County,Tinley Park,2107.5,328453.7547790962,305200.0,1700799999,43300.0,810.0,900.0,1181.0,1561.0,1603.0,0.006416428399235116,0.006905307994757536,0.0048804435226447885,0.005252293577981651
15894,984,Wheaton,IL,DuPage County,Wheaton,2369.4841269841268,498670.6206302256,374100.0,1704399999,59950.0,1458.0,1560.0,1761.0,2262.0,2657.0,0.004751601616292425,0.006333825519872031,0.00532816630873913,0.007102379043036621
38742,985,Goose Creek,SC,Berkeley County,Goose Creek,2012.686274509804,319626.1519466447,280300.0,4501599999,55450.0,1583.0,1644.0,1820.0,2255.0,2653.0,0.006297001238014411,0.007180471903352851,0.008300322060138766,0.009464859079557617
830736,986,Hempstead,NY,Nassau County,Hempstead,3278.833333333333,623155.9314563475,658700.0,3605999999,82450.0,1848.0,2241.0,2586.0,3352.0,3591.0,0.005261657905863996,0.00497773392034816,0.005762602614738254,0.005451647183846971
26102,987,New Iberia,LA,Iberia Parish,New Iberia,1178.952380952381,145795.44561092337,,2204599999,33900.0,714.0,732.0,920.0,1174.0,1545.0,0.008086345742915654,,0.010597038841138154,
38809,988,Gretna,LA,Jefferson Parish,Gretna,1893.611111111111,232541.33562473627,,2205399999,40300.0,657.0,690.0,903.0,1265.0,1516.0,0.00814311617340552,,0.006519271061754139,
27374,989,Taunton,MA,Bristol County,Taunton,2107.222222222222,509185.7084558907,421800.0,2500500520,59800.0,1081.0,1177.0,1448.0,1745.0,2088.0,0.004138415880941334,0.004995785258943153,0.004100664974144453,0.0049502133712660025
24544,990,Edmonds,WA,Snohomish County,Edmonds,2284.220634920635,927704.7810647798,644600.0,5306199999,78550.0,2238.0,2293.0,2671.0,3521.0,4104.0,0.00246222794313823,0.00354362493782289,0.0044238211161201565,0.006366739062984797
31172,991,Danville,VA,Pittsylvania County,Danville,1150.111111111111,160816.7235378815,153000.0,5114399999,39050.0,584.0,687.0,851.0,1165.0,1311.0,0.00715168849239858,0.007517066085693537,0.008152137235224698,0.008568627450980392
21472,992,Annandale,VA,Fairfax County,Annandale,2543.0801282051284,758385.8323762356,699700.0,5160099999,81950.0,2012.0,2056.0,2314.0,2893.0,3413.0,0.00335328011104446,0.003634529267121807,0.004500347783800382,0.0048778047734743465
21685,993,Bayonne,NJ,Hudson County,Bayonne,2353.669026013309,595479.7835844671,508600.0,3401799999,67000.0,1999.0,2029.0,2299.0,2822.0,3218.0,0.003952559080755842,0.004627740908402102,0.0054040457605955584,0.006327172630751081
41319,994,Twin Falls,ID,Twin Falls County,Twin Falls,1581.8835978835978,365592.2026277964,292700.0,1608399999,43300.0,881.0,979.0,1285.0,1801.0,2158.0,0.004326907375248614,0.00540445369963648,0.00590275171212288,0.007372736590365562
46105,995,Lake Havasu City,AZ,Mohave County,Lake Havasu City,1809.5,465540.9355202245,253200.0,0401599999,38550.0,1051.0,1051.0,1357.0,1883.0,2092.0,0.003886876237806997,0.00714652448657188,0.004493697203366807,0.008262243285939969
52262,996,Goshen,IN,Elkhart County,Goshen,950.6666666666666,269974.5481031167,194400.0,1801999999,48300.0,1003.0,1094.0,1330.0,1714.0,1989.0,0.003521319596036734,0.004890260631001371,0.007367361160431694,0.010231481481481482
5371,997,Kalispell,MT,Flathead County,Kalispell,2003.8492063492065,552211.3056643734,467700.0,3002999999,48250.0,1202.0,1249.0,1639.0,2184.0,2752.0,0.003628772511164628,0.004284475532070144,0.004983599523897883,0.005884113748129143
38134,998,Danville,CA,Contra Costa County,Danville,4698.497964997965,1906561.4727433063,830800.0,0601399999,79900.0,1937.0,2201.0,2682.0,3432.0,4077.0,0.0024643831484947648,0.005655389943425571,0.002138404692576579,0.004907318247472316
7962,999,Wilson,NC,Wilson County,Wilson,1143.3333333333333,218946.02456677417,171800.0,3700799999,38200.0,834.0,927.0,1216.0,1465.0,1728.0,0.0052219871796970645,0.0066550252231276676,0.007892356133979471,0.010058207217694994
33258,1000,Ormond Beach,FL,Volusia County,Ormond Beach,2068.519230769231,369970.7805712964,278000.0,1202399999,38300.0,815.0,820.0,1076.0,1305.0,1427.0,0.005591034047540439,0.007440716657443277,0.003857061354403379,0.005133093525179856
6855,1001,Royal Oak,MI,Oakland County,Royal Oak,2142.469690860215,333734.98820602667,320400.0,2600599999,50350.0,846.0,851.0,1111.0,1416.0,1496.0,0.0064196735930414075,0.006686859209925765,0.004482598627257101,0.00466916354556804
46465,1002,McLean,VA,Fairfax County,McLean,2803.40756106548,1433786.2381712114,699700.0,5160099999,81950.0,2012.0,2056.0,2314.0,2893.0,3413.0,0.001955247920806671,0.004006585052258796,0.002380410628263016,0.0048778047734743465
46954,1003,Paducah,KY,McCracken County,Paducah,1228.3333333333333,182559.4942250189,182900.0,2102399999,55900.0,883.0,993.0,1287.0,1707.0,1885.0,0.0067284001774200585,0.006715873883725168,0.010325401086380036,0.010306178239475123
4281,1004,Cupertino,CA,Santa Clara County,Cupertino,4187.022176610108,2981797.192479203,1382800.0,0608399999,88250.0,2381.0,2688.0,3028.0,4011.0,4468.0,0.0014041941508197695,0.0030279304140946686,0.0014984251817224028,0.0032311252531096327
15128,1005,Kernersville,NC,Forsyth County,Kernersville,2038.9351851851848,316866.2995052442,227800.0,3701399999,39100.0,759.0,763.0,930.0,1245.0,1562.0,0.006434686138503158,0.008950549539882287,0.004929523910996249,0.0068568920105355575
54450,1006,Smyrna,TN,Rutherford County,Smyrna,1739.3272727272729,405851.5847695625,346400.0,4700399999,39250.0,811.0,915.0,1013.0,1350.0,1352.0,0.004285623952201249,0.005021152634893975,0.003331267021582899,0.003903002309468822
53487,1007,National City,CA,San Diego County,National City,2565.9166666666665,672525.1964900846,791600.0,0606999999,66800.0,1799.0,1999.0,2623.0,3655.0,4046.0,0.003815346517956814,0.003241430857335354,0.006016131471528669,0.005111167256189995
27272,1008,Stillwater,OK,Payne County,Stillwater,1290.4761904761906,257977.15396637225,217700.0,4001199999,39150.0,678.0,694.0,910.0,1096.0,1439.0,0.005002288654771369,0.005927773038475841,0.005578013315813136,0.0066100137804317866
126392,1009,The Hammocks,FL,Miami-Dade County,The Hammocks,2478.793703703704,542432.2012919299,425400.0,1208699999,61950.0,1711.0,1898.0,2329.0,3008.0,3527.0,0.004569776089619815,0.00582697156488882,0.006502195097561722,0.008291020216267042
7797,1010,Waxahachie,TX,Ellis County,Waxahachie,1949.4361628709453,370811.2766499696,306400.0,4802799999,41100.0,924.0,930.0,1172.0,1631.0,1968.0,0.005257219199164572,0.0063623895655056965,0.005307281962349031,0.006422976501305483
39899,1011,Mount Prospect,IL,Cook County,Mount Prospect,1773.118181818182,436007.0428207621,305200.0,1700799999,43300.0,810.0,900.0,1181.0,1561.0,1603.0,0.004066719129918028,0.005809692600977005,0.0036765461163868777,0.005252293577981651
25550,1012,Lenexa,KS,Johnson County,Lenexa,1679.430933655979,467624.9681033911,366000.0,2000399999,42550.0,625.0,711.0,872.0,1051.0,1251.0,0.0035914056096437086,0.00458860910834967,0.002675220711746525,0.003418032786885246
47252,1013,Punta Gorda,FL,Charlotte County,Punta Gorda,2262.1522281639927,351083.02079030086,291000.0,1201599999,43900.0,1153.0,1160.0,1461.0,2047.0,2246.0,0.006443354119124885,0.007773718997127123,0.006397347256908554,0.007718213058419244
17050,1014,Blacksburg,VA,Montgomery County,Blacksburg,1746.0777777777778,418960.9990682397,283600.0,5112199999,54800.0,925.0,968.0,1231.0,1647.0,2067.0,0.0041676379941355335,0.006156832784829964,0.004933633451793756,0.007288434414668548
39996,1015,Newark,OH,Licking County,Newark,1439.2261904761906,243297.91075467624,250700.0,3907399999,42600.0,703.0,707.0,928.0,1261.0,1265.0,0.005915489311075098,0.005740830436682052,0.005199387023407419,0.005045871559633028
395552,1016,Freehold,NJ,Monmouth County,Freehold,2758.137728937729,602297.4875445125,566500.0,3402599999,68400.0,1474.0,1654.0,2040.0,2717.0,3023.0,0.00457936117280232,0.0048687338551416225,0.005019114411923538,0.005336275375110326
30233,1017,Apache Junction,AZ,Maricopa County,Apache Junction,1774.889351851852,372919.37439708336,414700.0,0401399999,56100.0,1530.0,1679.0,1950.0,2624.0,2934.0,0.004759445268086167,0.004279935741142638,0.007867652370552048,0.007074993971545695
12560,1018,Margate,FL,Broward County,Margate,2410.6388888888887,323993.1888506571,380400.0,1200399999,45750.0,901.0,952.0,1129.0,1523.0,1896.0,0.007440399896801718,0.006337115901390349,0.005851974872453109,0.00498422712933754
32180,1020,Jackson,NJ,Ocean County,Jackson,3208.333333333333,631235.0608327534,366600.0,3400799999,59700.0,1372.0,1512.0,1802.0,2171.0,2468.0,0.005082628536350242,0.008751591198399708,0.003909795499546721,0.006732133115111839
30785,1021,Castro Valley,CA,Alameda County,Castro Valley,2895.60101010101,1121697.6833200434,1057400.0,0600199999,79900.0,1937.0,2201.0,2682.0,3432.0,4077.0,0.002581445119446534,0.002738415935408559,0.003634669181033468,0.0038556837526007187
7433,1022,Titusville,FL,Brevard County,Titusville,1733.748717948718,272183.3221130522,304400.0,1200399999,45750.0,901.0,952.0,1129.0,1523.0,1896.0,0.006369783073000336,0.005695626537282254,0.00696589337392425,0.006228646517739816
28595,1023,Leesburg,FL,Lake County,Leesburg,1728.2878787878788,286698.7092255235,287900.0,1200399999,45750.0,901.0,952.0,1129.0,1523.0,1896.0,0.006028237390592398,0.006003083983285442,0.0066132142872975565,0.006585620006946857
395489,1024,Princeton,NJ,Mercer County,Princeton,3502.814444444444,978920.12266316,351000.0,3400399999,68550.0,1556.0,1807.0,2072.0,2550.0,3225.0,0.003578243375889556,0.009979528331750552,0.0032944465287181573,0.009188034188034188
38718,1025,Glenview,IL,Cook County,Glenview,2877.923951048951,650734.1815097475,305200.0,1700799999,43300.0,810.0,900.0,1181.0,1561.0,1603.0,0.004422579960948066,0.009429632867132868,0.0024633714434378275,0.005252293577981651
6943,1026,Santee,CA,San Diego County,Santee,2782.724747474748,794744.6435818194,791600.0,0606999999,66800.0,1799.0,1999.0,2623.0,3655.0,4046.0,0.0035014073639217484,0.0035153167603268667,0.0050909434026068555,0.005111167256189995
44918,1027,Desoto,TX,Dallas County,Desoto,1984.23717948718,326879.9595094429,277900.0,4805999999,43650.0,944.0,950.0,1207.0,1571.0,1899.0,0.006070231966698036,0.0071401121967872615,0.005809472085256856,0.006833393306944944
5834,1029,Mason,OH,Warren County,Mason,2237.4185897435896,512324.1203128442,319700.0,3900399999,46250.0,788.0,793.0,1040.0,1262.0,1431.0,0.004367193542200079,0.006998494181243633,0.0027931536760872747,0.004476071316859556
11564,1030,Gallatin,TN,Sumner County,Gallatin,1693.733766233766,435440.9461399045,364000.0,4712399999,39800.0,661.0,736.0,899.0,1251.0,1285.0,0.0038896979745436703,0.004653114742400456,0.002951031618388817,0.00353021978021978
46039,1031,Kingman,AZ,Mohave County,Kingman,1408.5027777777775,272721.94896785327,253200.0,0401599999,38550.0,1051.0,1051.0,1357.0,1883.0,2092.0,0.005164611000722215,0.005562807179217131,0.00767081640446399,0.008262243285939969
5411,1032,Kettering,OH,Montgomery County,Kettering,1510.425,244691.20019039427,167400.0,3911199999,42600.0,664.0,674.0,884.0,1168.0,1172.0,0.006172780217779544,0.009022849462365591,0.004789710455823775,0.007001194743130227
12716,1033,Midwest City,OK,Oklahoma County,Midwest City,1228.592018584009,168677.31678618884,207800.0,4010999999,48850.0,886.0,961.0,1180.0,1575.0,1719.0,0.0072836824891004265,0.0059123773752839705,0.010191056110875665,0.00827237728585178
37971,1034,Colton,CA,San Bernardino County,Colton,1934.73137973138,500094.1598185527,475000.0,0606999999,66800.0,1799.0,1999.0,2623.0,3655.0,4046.0,0.003868734200842,0.004073118694171326,0.00809047640441951,0.008517894736842105
50985,1035,Berwyn,IL,Cook County,Berwyn,1432.4212454212454,308946.98596455297,305200.0,1700799999,43300.0,810.0,900.0,1181.0,1561.0,1603.0,0.004636462922430304,0.004693385469925444,0.005188592453800213,0.005252293577981651
10627,1036,Burlington,NC,Alamance County,Burlington,1424.868376068376,255055.9372568335,221200.0,3700199999,42500.0,869.0,1099.0,1217.0,1532.0,1806.0,0.005586493658579597,0.006441538770652694,0.007080799684272448,0.008164556962025317
8384,1037,Fountain Valley,CA,Orange County,Fountain Valley,3077.839743589744,1346872.39459634,915500.0,0600399999,57700.0,1003.0,1101.0,1445.0,2025.0,2396.0,0.0022851754597822747,0.003361922166673669,0.0017789361558027074,0.002617149098853086
9662,1038,Oregon City,OR,Clackamas County,Oregon City,2185.4052287581703,610544.5410832792,577900.0,4100599999,62050.0,1628.0,1750.0,1997.0,2739.0,3217.0,0.003579436194582367,0.0037816321660463234,0.005269066846936555,0.005566707042740959
30527,1039,Bonita Springs,FL,Lee County,Bonita Springs,3030.0055059882648,522918.6672645142,326300.0,1201999999,51250.0,1381.0,1454.0,1730.0,2163.0,2739.0,0.005794410671622784,0.009285950064321988,0.005237908247430186,0.008394115844315047
10264,1041,Bartlett,TN,Shelby County,Bartlett,1937.167207792208,326980.74566325673,229700.0,4704199999,37450.0,710.0,714.0,937.0,1129.0,1573.0,0.005924407578993084,0.008433466294262986,0.004810680814887994,0.006848062690465825
14603,1042,Weymouth,MA,Norfolk County,Weymouth,2477.870175438597,614400.2575704016,649400.0,2502102935,65700.0,1607.0,1652.0,2155.0,2730.0,2953.0,0.004032990131282078,0.0038156300822891854,0.004806313089251313,0.004547274407145057
53381,1043,Monroe,NC,Union County,Monroe,2105.0093610093613,353502.42873102427,374400.0,3700799999,38200.0,834.0,927.0,1216.0,1465.0,1728.0,0.005954723899820891,0.005622354062525004,0.0048882266699073074,0.004615384615384616
4151,1044,Coconut Creek,FL,Broward County,Coconut Creek,2258.788428059396,294761.8183732351,380400.0,1200399999,45750.0,901.0,952.0,1129.0,1523.0,1896.0,0.007663097074531069,0.0059379296216072455,0.006432312062884736,0.00498422712933754
50450,1045,Olive Branch,MS,DeSoto County,Olive Branch,1936.6384687208215,334513.5367295401,248700.0,2800999999,34550.0,807.0,843.0,933.0,1242.0,1242.0,0.005789417336155896,0.0077870465167704924,0.003712854230482691,0.004993968636911942
20252,1046,Roswell,NM,Chaves County,Roswell,1398.611111111111,170759.14650371805,141900.0,3500599999,34400.0,693.0,737.0,953.0,1234.0,1413.0,0.008190548733391909,0.009856315088873227,0.00827481296862323,0.009957716701902748
43956,1047,Asheboro,NC,Randolph County,Asheboro,994.1,233209.1396607053,171600.0,3715199999,42800.0,999.0,1039.0,1150.0,1463.0,1646.0,0.0042626974287813535,0.005793123543123543,0.007058042418040547,0.009592074592074592
54409,1048,Shoreline,WA,King County,Shoreline,2133.205416805417,825294.7727959612,811200.0,5302199999,52800.0,1101.0,1236.0,1503.0,2003.0,2318.0,0.0025847799927030584,0.002629691095667427,0.0028086934225295067,0.0028574950690335305
45644,1049,Hanover,PA,York County,Hanover,1348.7166666666667,289458.04063904384,235000.0,4201199999,49900.0,928.0,1075.0,1353.0,1689.0,1794.0,0.004659454833899486,0.005739219858156028,0.006197789482853338,0.00763404255319149
52547,1050,Hollister,CA,San Benito County,Hollister,3331.6666666666665,759890.3615727904,751500.0,0606799999,64300.0,1679.0,1777.0,2206.0,2992.0,3455.0,0.0043844044287795906,0.004433355511199822,0.004546708544702397,0.0045974717232202264
14730,1051,Wyoming,MI,Kent County,Wyoming,1428.521164021164,286547.0511250852,265700.0,2604199999,40950.0,640.0,711.0,933.0,1231.0,1567.0,0.004985293543982686,0.00537644397448688,0.005468560900722597,0.005897628904779827
28948,1052,Owings Mills,MD,Baltimore County,Owings Mills,1828.7876251932516,402430.068939138,330000.0,2451099999,65150.0,1407.0,1604.0,1965.0,2529.0,2826.0,0.004544361284966086,0.005541780682403793,0.007022338085843664,0.008563636363636364
56814,1053,Somerset,NJ,Somerset County,Somerset,2790.42735042735,570288.0097779861,523900.0,3402199999,63450.0,1391.0,1605.0,2028.0,2443.0,2747.0,0.004893014235936097,0.005326259496902749,0.00481686437887658,0.005243367054781447
51208,1054,Butler,PA,Butler County,Butler,1099.4444444444443,261811.26579426412,275600.0,4200799999,53650.0,998.0,1068.0,1280.0,1632.0,1759.0,0.004199377903426078,0.003989275923238187,0.006718580251555153,0.006382438316400581
399297,1056,Muskegon,MI,Muskegon County,Muskegon,1151.236111111111,183608.97861284864,180900.0,2608199999,53200.0,1163.0,1209.0,1443.0,1880.0,2057.0,0.0062700425644138386,0.006363936490387568,0.011203155834428538,0.011370923161967939
37464,1057,Blue Springs,MO,Jackson County,Blue Springs,1729.260073260073,306728.54564679234,213300.0,2900599999,38550.0,615.0,628.0,824.0,993.0,1190.0,0.005637753961287226,0.00810717333924085,0.0038796519492200207,0.005578996718237224
54111,1058,Revere,MA,Suffolk County,Revere,2818.4183947772653,615308.9133722953,680700.0,2502102935,65700.0,1607.0,1652.0,2155.0,2730.0,2953.0,0.004580493364431354,0.004140470684262179,0.004799215379175361,0.004338181283972381
32955,1059,Morristown,TN,Hamblen County,Morristown,1462.7777777777776,264326.4765011007,188800.0,4701399999,37450.0,728.0,733.0,962.0,1271.0,1275.0,0.0055339812989626345,0.007747763653483991,0.004823580357432301,0.006753177966101695
5445,1060,Klamath Falls,OR,Klamath County,Klamath Falls,1411.6017316017317,309613.4338962594,255700.0,4103599999,40700.0,758.0,842.0,1105.0,1548.0,1856.0,0.004559239286996539,0.005520538645294218,0.005994571930047068,0.007258506061791161
39967,1061,New Brunswick,NJ,Middlesex County,New Brunswick,2818.626035196687,451916.8450630085,439300.0,3401399999,67650.0,1551.0,1768.0,2140.0,2695.0,3065.0,0.006237045744120691,0.0064161758142424015,0.006782221184015972,0.006977008877760073
29898,1063,Delaware,OH,Delaware County,Delaware,2008.0,409078.2172442885,419500.0,3903799999,43950.0,664.0,747.0,884.0,1184.0,1224.0,0.004908596731272265,0.004786650774731824,0.0029920928282257233,0.0029177592371871274
52285,1064,Grand Island,NE,Hall County,Grand Island,1366.75,259701.54786732176,207900.0,3102999999,45150.0,622.0,819.0,907.0,1093.0,1523.0,0.005262771867259933,0.006574074074074074,0.005864424037927111,0.0073256373256373256
14501,1065,Wausau,WI,Marathon County,Wausau,1059.1666666666667,238882.00443629583,205500.0,5500599999,46400.0,679.0,746.0,979.0,1211.0,1494.0,0.00443384870771679,0.005154095701540957,0.006254133723992652,0.00727007299270073
4854,1066,Garner,NC,Wake County,Garner,1914.99935483871,390085.4599916996,422800.0,3700999999,38200.0,713.0,717.0,930.0,1228.0,1233.0,0.004909179016514632,0.00452932676168096,0.003160845831132071,0.0029162724692526018
39775,1067,Middleburg,FL,Clay County,Middleburg,2025.4352941176476,330517.9611170176,281500.0,1200599999,47050.0,1367.0,1375.0,1609.0,2137.0,2702.0,0.006128064227651931,0.007195152021732318,0.008175047403984727,0.009598579040852576
48433,1068,West Monroe,LA,Ouachita Parish,West Monroe,1171.588888888889,196270.7056585608,,2200199999,34600.0,619.0,688.0,903.0,1088.0,1197.0,0.005969249893700514,,0.006098719602518483,
28066,1069,Zanesville,OH,Muskingum County,Zanesville,1048.0833333333333,202101.17078022764,170100.0,3911999999,42600.0,712.0,716.0,884.0,1208.0,1301.0,0.005185934001703821,0.0061615716245345875,0.006437369931986965,0.007648442092886537
13364,1070,Port Arthur,TX,Jefferson County,Port Arthur,1055.5277777777776,116823.66225428414,159600.0,4800199999,39700.0,846.0,851.0,1033.0,1245.0,1563.0,0.009035222466149571,0.006613582567529935,0.013379138864846553,0.009793233082706767
29143,1071,Lincoln,CA,Placer County,Lincoln,2956.2222222222226,649953.1530281283,658800.0,0600999999,50750.0,989.0,1086.0,1425.0,1997.0,2195.0,0.004548361998782833,0.004487283275990016,0.0033771664769583877,0.0033318154219793565
33306,1072,Palm Desert,CA,Riverside County,Palm Desert,2750.5058922558924,554134.117909939,510300.0,0606599999,55950.0,1776.0,1852.0,2306.0,3079.0,3745.0,0.004963610438985675,0.005389978232913761,0.006758291682391335,0.007338820301783264
31119,1073,Crossville,TN,Cumberland County,Crossville,1615.5555555555557,307618.7781165058,228000.0,4703599999,37800.0,723.0,737.0,903.0,1265.0,1504.0,0.005251810586620591,0.007085769980506823,0.004889168370047889,0.006596491228070175
30872,1074,Chicopee,MA,Hampden County,Chicopee,1719.5,315391.0145647439,276300.0,2501300840,59800.0,1044.0,1205.0,1496.0,1823.0,2037.0,0.005451962549957233,0.006223307998552298,0.006458649441269487,0.007372421281216069
30219,1075,Anderson,IN,Madison County,Anderson,1086.9017094017092,135217.10885357557,147700.0,1800199999,42450.0,772.0,776.0,928.0,1186.0,1230.0,0.008038196635151382,0.007358847050790178,0.009096482023823977,0.008327691266079892
3425,1076,Apple Valley,MN,Dakota County,Apple Valley,2085.883882783883,382364.6046112044,362100.0,2700399999,66200.0,1220.0,1381.0,1685.0,2244.0,2513.0,0.005455222208407207,0.005760518869880925,0.006572261055793243,0.006940071803369235
51464,1077,Coatesville,PA,Chester County,Coatesville,1851.111111111111,386020.2864112952,461800.0,4202799999,54050.0,1226.0,1234.0,1431.0,1743.0,1897.0,0.0047953726171240585,0.004008469274818344,0.0049142495013300746,0.004107838891294933
10068,1078,Alexandria,LA,Rapides Parish,Alexandria,1065.2777777777778,139838.44503167048,,2207999999,37650.0,710.0,762.0,1000.0,1354.0,1513.0,0.007617917787461915,,0.010819628319360512,
27808,1079,Wayne,NJ,Passaic County,Wayne,2695.944444444445,731596.3203601021,439400.0,3400199999,50100.0,1240.0,1414.0,1719.0,2409.0,2654.0,0.00368501640784287,0.0061355130733828965,0.003627683636644951,0.006040054619936276
52082,1081,Fort Walton Beach,FL,Okaloosa County,Fort Walton Beach,1887.70882740448,324543.0219742581,324800.0,1209199999,51000.0,1218.0,1398.0,1571.0,2184.0,2638.0,0.005816513372930285,0.00581191141442266,0.008128352241106694,0.00812192118226601
23533,1082,Athens,AL,Limestone County,Athens,1682.4702380952378,306767.15059849224,255100.0,0105199999,41800.0,848.0,888.0,1055.0,1345.0,1665.0,0.00548451890892749,0.0065953360960221,0.005427569401585671,0.006526852214817719
23635,1083,Beaumont,CA,Riverside County,Beaumont,2904.1666666666665,537322.6385687669,510300.0,0606599999,55950.0,1776.0,1852.0,2306.0,3079.0,3745.0,0.0054048842505544075,0.005691096740479456,0.006969741699280204,0.007338820301783264
23302,1084,Brookhaven,GA,Dekalb County,Brookhaven,1891.8509361671368,731997.269913657,331400.0,1308999999,57100.0,1591.0,1653.0,1830.0,2205.0,2653.0,0.0025845054536751083,0.005708663054215862,0.0036243304572883663,0.008005431502715751
33151,1085,North Fort Myers,FL,Lee County,North Fort Myers,1873.578703703704,273894.6620462793,326300.0,1201999999,51250.0,1381.0,1454.0,1730.0,2163.0,2739.0,0.006840508280468533,0.005741889989897959,0.010000194890754016,0.008394115844315047
29592,1086,Spanaway,WA,Pierce County,Spanaway,2813.540750915751,509931.0959492158,484400.0,5305399999,60400.0,1479.0,1673.0,2057.0,2882.0,3292.0,0.0055174920165997334,0.005808300476704688,0.006455774174493276,0.006796036333608588
24265,1087,Crestview,FL,Okaloosa County,Crestview,1938.0507031095267,291778.547344615,324800.0,1209199999,51000.0,1218.0,1398.0,1571.0,2184.0,2638.0,0.006642197381360343,0.005966904874105686,0.009041103343640614,0.00812192118226601
47071,1089,Perth Amboy,NJ,Middlesex County,Perth Amboy,2520.833333333333,494605.91558200674,439300.0,3401399999,67650.0,1551.0,1768.0,2140.0,2695.0,3065.0,0.005096650189407962,0.005738295773579178,0.006196852693104954,0.006977008877760073
55296,1090,Zephyrhills,FL,Pasco County,Zephyrhills,1940.547619047619,306748.65146505955,265800.0,1206399999,35600.0,640.0,711.0,933.0,1199.0,1237.0,0.00632618141849813,0.007300781110036189,0.004032617565201917,0.004653875094055681
831683,1091,Newburgh,NY,Orange County,Newburgh,2069.797619047619,388471.9229809956,361100.0,3602399999,46100.0,896.0,901.0,1118.0,1387.0,1877.0,0.005328049458928014,0.005731923619627856,0.004831752023663817,0.005198006092495154
25383,1092,Kentwood,MI,Kent County,Kentwood,1757.7460317460318,329705.1206129237,265700.0,2604199999,40950.0,640.0,711.0,933.0,1231.0,1567.0,0.005331267007556243,0.006615528911351268,0.004752731765545339,0.005897628904779827
25646,1093,Longwood,FL,Seminole County,Longwood,2031.329346092504,456510.0176355452,357300.0,1208799999,65150.0,1565.0,1903.0,2274.0,3026.0,3344.0,0.004449692816410911,0.005685220671963347,0.007325140458735086,0.009359082003918277
51487,1094,Collierville,TN,Shelby County,Collierville,2083.935185185185,516662.1048817658,229700.0,4704199999,37450.0,710.0,714.0,937.0,1129.0,1573.0,0.004033458551526782,0.009072421354746125,0.0030445430100974197,0.006848062690465825
25733,1095,Mankato,MN,Blue Earth County,Mankato,1336.875,309402.4328219154,252800.0,2701399999,52350.0,963.0,969.0,1174.0,1645.0,1971.0,0.00432082898575485,0.005288271360759494,0.0063703442213541355,0.007796677215189873
27957,1096,Williamsville,NY,Erie County,Williamsville,2068.330555555556,407679.5516671321,217400.0,3602599999,44250.0,808.0,812.0,935.0,1310.0,1314.0,0.005073422365918258,0.00951393999795564,0.0032231197140661916,0.006044158233670653
33022,1097,Nacogdoches,TX,Nacogdoches County,Nacogdoches,1171.4666666666665,223525.01628701555,158200.0,4834799999,39900.0,799.0,859.0,1009.0,1237.0,1694.0,0.005240874986280971,0.007404972608512431,0.007578570077475501,0.010707964601769912
12765,1098,Minot,ND,Ward County,Minot,1104.2222130561513,271943.1279164366,259100.0,3800199999,55850.0,753.0,758.0,928.0,1300.0,1558.0,0.004060489491006589,0.004261760760540916,0.0057291390738093825,0.006013122346584331
20220,1099,Rocky Mount,NC,Nash County,Rocky Mount,1358.690476190476,188705.0207864363,171100.0,3700799999,38200.0,834.0,927.0,1216.0,1465.0,1728.0,0.007200075920227638,0.007940914530628148,0.00915714904033017,0.010099357101110462
23770,1100,Bonney Lake,WA,Pierce County,Bonney Lake,2903.521885521886,682928.3970016066,484400.0,5305399999,60400.0,1479.0,1673.0,2057.0,2882.0,3292.0,0.004251575858127708,0.005994058392902324,0.004820417505632373,0.006796036333608588
11626,1101,Glendora,CA,Los Angeles County,Glendora,3077.9166666666665,880341.8202200277,783300.0,0603799999,75750.0,1856.0,2081.0,2625.0,3335.0,3698.0,0.0034962745106183746,0.003929422528618239,0.00420064106357658,0.004721051959657858
26088,1102,New Bern,NC,Craven County,New Bern,1632.1912698412698,279672.07834263326,206200.0,3701199999,41150.0,798.0,803.0,1054.0,1270.0,1584.0,0.005836089464181803,0.007915573568580359,0.005663775981452828,0.007681862269641125
33758,1104,Rowlett,TX,Dallas County,Rowlett,1778.18956052827,377022.551648581,277900.0,4805999999,43650.0,944.0,950.0,1207.0,1571.0,1899.0,0.004716401055461805,0.006398667004419828,0.005036833981671312,0.006833393306944944
6268,1105,Oak Park,IL,Cook County,Oak Park,2047.6289521228543,449215.4068512818,305200.0,1700799999,43300.0,810.0,900.0,1181.0,1561.0,1603.0,0.004558234025131615,0.0067091381131155125,0.003568443948162919,0.005252293577981651
6919,1106,San Jacinto,CA,Riverside County,San Jacinto,2695.833333333333,482986.59290453326,510300.0,0606599999,55950.0,1776.0,1852.0,2306.0,3079.0,3745.0,0.005581590406312146,0.005282840159383369,0.007753838419155112,0.007338820301783264
39635,1107,Marion,OH,Marion County,Marion,1166.3333333333333,162525.80476283855,146200.0,3901599999,44250.0,726.0,731.0,947.0,1273.0,1548.0,0.007176296312055025,0.00797765617875057,0.009524641347008728,0.010588235294117647
398881,1108,Grand Blanc,MI,Genesee County,Grand Blanc,1822.2222222222224,289804.5840972892,172900.0,2604999999,41500.0,691.0,806.0,986.0,1215.0,1397.0,0.006287761899620232,0.010539168433905278,0.0048204896563369005,0.008079814921920185
19375,1109,Mililani,HI,Honolulu County,Mililani,2814.520202020202,868456.7609472577,873000.0,1500399999,76000.0,1887.0,2052.0,2687.0,3765.0,4512.0,0.003240829398288409,0.003223963576197253,0.005195422734781402,0.005168384879725086
45602,1110,Hacienda Heights,CA,Los Angeles County,Hacienda Heights,2850.047619047619,941196.0033856322,783300.0,0603799999,75750.0,1856.0,2081.0,2625.0,3335.0,3698.0,0.0030281127510056807,0.003638513492975385,0.003929043458214552,0.004721051959657858
38520,1111,Findlay,OH,Hancock County,Findlay,1452.861111111111,241848.98717514068,196500.0,3906399999,47000.0,683.0,761.0,996.0,1296.0,1524.0,0.006007306989708364,0.007393695221939497,0.0063014528933973135,0.0077557251908396945
240237,1112,Millcreek,UT,Salt Lake County,Millcreek,1791.189698921583,622753.5230412129,484500.0,4903599999,61350.0,1243.0,1453.0,1748.0,2348.0,2670.0,0.00287624177567767,0.0036969859626864456,0.004287410510278724,0.005510835913312693
39864,1113,Morganton,NC,Burke County,Morganton,1200.0,259609.8536915153,170500.0,3701599999,38200.0,797.0,802.0,1052.0,1267.0,1464.0,0.0046223206975260465,0.007038123167155425,0.005639231250981777,0.008586510263929618
13772,1114,Seminole,FL,Pinellas County,Seminole,2347.912454212454,387231.50585954793,319000.0,1210399999,52150.0,1566.0,1686.0,1978.0,2533.0,3082.0,0.006063330123412172,0.007360227129192646,0.00795906312725976,0.009661442006269592
52840,1115,Lagrange,GA,Troup County,Lagrange,1293.513888888889,234170.7290776883,187800.0,1328599999,41850.0,876.0,882.0,1134.0,1408.0,1672.0,0.005523806899280541,0.006887720388119749,0.007140089654182605,0.008903088391906283
41665,1116,West Sacramento,CA,Yolo County,West Sacramento,2323.8470588235296,537798.974953929,593800.0,0602799999,48000.0,978.0,1254.0,1426.0,1734.0,2365.0,0.00432103288970122,0.003913518118598062,0.004397553937700607,0.003982822499157965
832068,1117,Webster,NY,Monroe County,Webster,1805.0494505494505,383868.6317895104,197100.0,3600799999,47250.0,869.0,939.0,1188.0,1533.0,1752.0,0.004702258275532206,0.009158038815573062,0.0045640613869191785,0.008888888888888889
26431,1118,Peabody,MA,Essex County,Peabody,2840.072727272727,698126.7727505786,584000.0,2501700380,82700.0,2263.0,2394.0,2837.0,3418.0,3761.0,0.004068133236149943,0.004863138231631382,0.00538727369698469,0.0064400684931506845
21417,1119,Yucaipa,CA,San Bernardino County,Yucaipa,2228.5,568224.6723972756,475000.0,0606999999,66800.0,1799.0,1999.0,2623.0,3655.0,4046.0,0.003921864199592409,0.004691578947368421,0.0071204229533546725,0.008517894736842105
44836,1120,Dacula,GA,Gwinnett County,Dacula,2529.730591168091,459520.71650180005,345700.0,1313599999,57100.0,1591.0,1653.0,1830.0,2205.0,2653.0,0.00550515025835224,0.0073177049209374925,0.00577340673603691,0.007674284061324848
39834,1121,Monroe,MI,Monroe County,Monroe,1156.25,214879.43463040725,215700.0,2610599999,43300.0,674.0,749.0,962.0,1257.0,1298.0,0.005380924433223452,0.0053604543347241535,0.00604059668265863,0.006017617060732499
27016,1122,Sebring,FL,Highlands County,Sebring,1626.628787878788,244352.25678389464,177900.0,1204399999,35600.0,917.0,922.0,1061.0,1281.0,1418.0,0.006656901021861157,0.009143500775035346,0.005803097620882955,0.007970770095559304
29513,1123,Rosenberg,TX,Fort Bend County,Rosenberg,1998.9266381766383,317762.1526638805,350300.0,4803399999,50950.0,766.0,786.0,976.0,1273.0,1459.0,0.006290637891955133,0.005706327828080612,0.00459148450427099,0.0041650014273479875
27864,1124,West Haven,CT,New Haven County,West Haven,1996.3869047619048,347709.5107719113,,,,,,,,,0.0057415366647002196,,,
6507,1125,Pine Hills,FL,Orange County,Pine Hills,1901.8842592592596,278695.4890441393,358300.0,1208799999,65150.0,1565.0,1903.0,2274.0,3026.0,3344.0,0.006824237686021688,0.005308077754002957,0.011998758973348088,0.009332961205693553
44490,1127,Catonsville,MD,Baltimore County,Catonsville,1699.4083333333335,421760.8135316989,330000.0,2451099999,65150.0,1407.0,1604.0,1965.0,2529.0,2826.0,0.004029317752645146,0.005149722222222223,0.006700480246934089,0.008563636363636364
45983,1128,Kapolei,HI,Honolulu County,Kapolei,3225.6253491436096,841751.1706548407,873000.0,1500399999,76000.0,1887.0,2052.0,2687.0,3765.0,4512.0,0.0038320414174585976,0.0036948743976444555,0.005360253905545374,0.005168384879725086
6395,1129,Paramount,CA,Los Angeles County,Paramount,2462.833333333333,639315.1507986238,783300.0,0603799999,75750.0,1856.0,2081.0,2625.0,3335.0,3698.0,0.0038522993397806936,0.0031441763479296988,0.005784314661369293,0.004721051959657858
4622,1130,Evans,GA,Columbia County,Evans,2128.0595238095234,406085.4834071674,287400.0,1306199999,38100.0,710.0,715.0,905.0,1137.0,1300.0,0.005240422548362296,0.007404521655565496,0.003201296409545712,0.004523312456506611
6884,1131,Saint Clair Shores,MI,Macomb County,Saint Clair Shores,1787.0444444444445,233031.23336528137,231400.0,2600199999,40950.0,654.0,813.0,933.0,1294.0,1385.0,0.007668690667071288,0.007722750408143667,0.005943409301829439,0.005985306828003458
4520,1132,Edina,MN,Hennepin County,Edina,2014.2362787356324,617123.9154131977,376500.0,2705399999,66200.0,1220.0,1381.0,1685.0,2244.0,2513.0,0.003263908962897658,0.0053498971546763145,0.004072115724631108,0.006674634794156706
4271,1133,Crystal Lake,IL,McHenry County,Crystal Lake,2040.25,377267.455995522,286900.0,1707399999,48850.0,707.0,831.0,1025.0,1336.0,1578.0,0.005407967126706569,0.007111362844196585,0.004182709043471617,0.005500174276751481
12426,1134,Lombard,IL,DuPage County,Lombard,2089.89614519643,383472.1904522868,374100.0,1704399999,59950.0,1458.0,1560.0,1761.0,2262.0,2657.0,0.00544992882725472,0.005586463900551805,0.006928794489285384,0.007102379043036621
12579,1135,Marrero,LA,Jefferson Parish,Marrero,1575.5555555555557,212232.89575834773,,2205399999,40300.0,657.0,690.0,903.0,1265.0,1516.0,0.007423710400434399,,0.007143096241433493,
17948,1136,Elizabethtown,KY,Hardin County,Elizabethtown,1766.388888888889,266623.40535690216,205900.0,2100199999,35450.0,624.0,677.0,867.0,1215.0,1305.0,0.006625033111869531,0.00857886784307377,0.004894544041447249,0.006338028169014085
396491,1137,Kailua,HI,Honolulu County,Kailua,3971.078431372549,1489902.3130561237,873000.0,1500399999,76000.0,1887.0,2052.0,2687.0,3765.0,4512.0,0.002665328053103681,0.004548772544527548,0.003028386465650138,0.005168384879725086
18124,1138,Florence,KY,Boone County,Florence,1637.5212962962962,283321.95307893405,253200.0,2101399999,35450.0,637.0,783.0,867.0,1189.0,1336.0,0.0057797190740107585,0.00646730369785267,0.004715483517889586,0.0052764612954186415
12936,1139,New Castle,PA,Lawrence County,New Castle,1029.1666666666667,144302.7597551391,136700.0,4203199999,42900.0,733.0,738.0,915.0,1118.0,1537.0,0.007131995731841953,0.007528651548402829,0.010651216945594573,0.011243599122165325
15796,1140,Methuen,MA,Essex County,Methuen,2468.5333333333333,619054.1736042326,584000.0,2501700380,82700.0,2263.0,2394.0,2837.0,3418.0,3761.0,0.0039875885481251774,0.004226940639269407,0.006075397211366584,0.0064400684931506845
36529,1141,West New York,NJ,Hudson County,West New York,2770.0457854406127,425034.76915719686,508600.0,3401799999,67000.0,1999.0,2029.0,2299.0,2822.0,3218.0,0.006517221616794662,0.005446413262761724,0.0075711453121376044,0.006327172630751081
25496,1142,Lancaster,SC,Lancaster County,Lancaster,1821.75,281836.9661373995,298100.0,4502399999,34700.0,835.0,840.0,1051.0,1473.0,1610.0,0.0064638433523013135,0.006111204293861121,0.005712522463128923,0.005400872190540087
3699,1143,Bloomfield,NJ,Essex County,Bloomfield,2458.9627039627044,607071.4762525667,494400.0,3401399999,67650.0,1551.0,1768.0,2140.0,2695.0,3065.0,0.004050532433415921,0.004973630064649483,0.00504882887748268,0.006199433656957929
13127,1144,Oroville,CA,Butte County,Oroville,1380.4761904761906,311169.0811653406,408700.0,0600799999,46950.0,1069.0,1126.0,1466.0,2054.0,2462.0,0.004436418249866768,0.003377724958346441,0.007912097149175979,0.006023978468314167
11022,1145,Cuyahoga Falls,OH,Summit County,Cuyahoga Falls,1511.226851851852,214029.95927226671,195700.0,3910999999,46900.0,780.0,845.0,1077.0,1390.0,1537.0,0.0070608192282531155,0.007722160714623669,0.007181237641805034,0.007853857945835463
26531,1146,Placentia,CA,Orange County,Placentia,2991.1130952380954,1096260.8178478887,915500.0,0600399999,57700.0,1003.0,1101.0,1445.0,2025.0,2396.0,0.002728468487189083,0.00326719071025461,0.002185611271507157,0.002617149098853086
46503,1147,Mentor,OH,Lake County,Mentor,1568.0277777777776,284834.8524240905,199900.0,3900399999,46250.0,788.0,793.0,1040.0,1262.0,1431.0,0.005505041831900338,0.007844060919348562,0.005023963843685058,0.007158579289644822
11400,1148,Fallbrook,CA,San Diego County,Fallbrook,3056.5079365079364,882283.4925404665,791600.0,0606999999,66800.0,1799.0,1999.0,2623.0,3655.0,4046.0,0.00346431499892054,0.003861177282096938,0.004585827610068798,0.005111167256189995
398097,1149,Sheboygan,WI,Sheboygan County,Sheboygan,1073.3333333333333,260975.85207063807,218400.0,5511799999,47400.0,723.0,851.0,1055.0,1329.0,1458.0,0.004112768766984676,0.004914529914529914,0.005586723784717694,0.006675824175824176
4841,1150,Galveston,TX,Galveston County,Galveston,1401.3852670626864,336609.22035066114,284900.0,4800199999,39700.0,846.0,851.0,1033.0,1245.0,1563.0,0.004163240880932494,0.004918867206257236,0.004643366567237082,0.0054861354861354865
28485,1151,Highland,CA,San Bernardino County,Highland,2628.3888888888887,545185.4785232892,475000.0,0606999999,66800.0,1799.0,1999.0,2623.0,3655.0,4046.0,0.004821091156001158,0.00553345029239766,0.007421327528677313,0.008517894736842105
38289,1152,East Lansing,MI,Ingham County,East Lansing,1763.8333333333333,316026.3673231976,187500.0,2606599999,50400.0,870.0,905.0,1127.0,1465.0,1494.0,0.005581285347401013,0.009407111111111111,0.004727453638297523,0.007968
181663,1153,Fuquay Varina,NC,Harnett County,Fuquay Varina,2118.7609427609427,452672.50589009374,220700.0,3703199999,48350.0,923.0,929.0,1219.0,1584.0,2002.0,0.004680560261981905,0.00960018551318959,0.004422623362254905,0.009071137290439511
42464,1154,Draper,UT,Salt Lake County,Draper,1762.6085434173672,804412.2446975644,484500.0,4903599999,61350.0,1243.0,1453.0,1748.0,2348.0,2670.0,0.0021911756752037714,0.0036379949296540086,0.003319193631871979,0.005510835913312693
16117,1155,Sicklerville,NJ,Camden County,Sicklerville,2483.333333333333,382763.8968143563,262200.0,3400799999,59700.0,1372.0,1512.0,1802.0,2171.0,2468.0,0.006487898555745372,0.009471141622171369,0.006447839047884395,0.009412662090007629
53590,1156,Normal,IL,McLean County,Normal,1695.7083333333333,264321.6758919603,198300.0,1700399999,45250.0,747.0,794.0,985.0,1380.0,1654.0,0.006415320754951792,0.00855122709699109,0.00625752691079358,0.008340897629853758
398673,1158,Plymouth,MA,Plymouth County,Plymouth,2818.6972222222225,636617.4427129945,513000.0,2502300170,65700.0,1607.0,1652.0,2155.0,2730.0,2953.0,0.00442761544548658,0.005494536495559888,0.004638578527499281,0.005756335282651072
44081,1159,Beaufort,SC,Beaufort County,Beaufort,2225.4430976430976,409910.2173308357,407600.0,4501399999,55100.0,1584.0,1646.0,1822.0,2195.0,2803.0,0.00542909886983119,0.005459870210115549,0.006838082783717777,0.006876840039254171
30338,1160,Ballwin,MO,Saint Louis County,Ballwin,2009.3597883597888,411816.6981846616,260700.0,2918999999,55700.0,951.0,984.0,1215.0,1570.0,1806.0,0.0048792576824040704,0.007707555766627498,0.004385446262769501,0.006927502876869966
39329,1161,Lake Stevens,WA,Snohomish County,Lake Stevens,3044.013239483828,715638.2777778343,644600.0,5306199999,78550.0,2238.0,2293.0,2671.0,3521.0,4104.0,0.00425356403368466,0.004722328947384158,0.005734740758618368,0.006366739062984797
32262,1162,Kannapolis,NC,Cabarrus County,Kannapolis,1692.151851851852,277246.13854223187,318600.0,3702599999,56100.0,1586.0,1647.0,1824.0,2250.0,2852.0,0.006103428025180927,0.005311211085536258,0.010286888087949204,0.008951663527934714
12608,1163,Massapequa,NY,Nassau County,Massapequa,3640.0,793760.8448048588,658700.0,3605999999,82450.0,1848.0,2241.0,2586.0,3352.0,3591.0,0.0045857641175219115,0.005526036131774708,0.004524032677478347,0.005451647183846971
54002,1164,Prescott Valley,AZ,Yavapai County,Prescott Valley,1878.547619047619,457857.4087958835,392900.0,0402599999,45300.0,1101.0,1293.0,1606.0,2216.0,2548.0,0.004102909733377473,0.004781235986377244,0.005565051369816141,0.006485110715194706
52847,1165,Lake City,FL,Columbia County,Lake City,1703.3333333333337,261699.33607918097,186400.0,1201999999,51250.0,1381.0,1454.0,1730.0,2163.0,2739.0,0.006508741515561068,0.009138054363376254,0.010466209204181074,0.01469420600858369
6043,1166,Morgan Hill,CA,Santa Clara County,Morgan Hill,3647.6987179487182,1319410.1385990886,1382800.0,0608399999,88250.0,2381.0,2688.0,3028.0,4011.0,4468.0,0.0027646435412583222,0.0026379076641225904,0.0033863617303592896,0.0032311252531096327
13587,1167,Roseburg,OR,Douglas County,Roseburg,1630.0,365090.4037405906,283200.0,4101999999,41800.0,806.0,896.0,1176.0,1643.0,1975.0,0.004464647614124012,0.005755649717514124,0.005409619041653327,0.006973870056497175
11664,1168,Granbury,TX,Hood County,Granbury,1800.9126984126983,374737.84620777454,281300.0,4808999999,42650.0,792.0,814.0,1010.0,1247.0,1510.0,0.00480579348106243,0.006402106997556695,0.004029483585073433,0.005367934589406328
46076,1169,Kyle,TX,Hays County,Kyle,1780.5612505615454,310505.44786650053,371400.0,4806799999,39700.0,707.0,711.0,933.0,1238.0,1395.0,0.005734396168556386,0.0047941875351684045,0.004492674797125523,0.0037560581583198707
11481,1170,Forney,TX,Kaufman County,Forney,2086.113205310574,319724.7961761078,290800.0,4819799999,39700.0,726.0,731.0,933.0,1259.0,1395.0,0.006524715099549304,0.007173704282360983,0.004363127341651723,0.004797111416781293
8154,1171,Boerne,TX,Kendall County,Boerne,1684.545502645503,558267.7406724262,489800.0,4802799999,41100.0,924.0,930.0,1172.0,1631.0,1968.0,0.00301745091094909,0.003439251740803395,0.0035251902566133765,0.004017966516945692
11520,1172,Frankfort,KY,Franklin County,Frankfort,1033.5555555555557,238548.26959724832,198700.0,2102399999,55900.0,883.0,993.0,1287.0,1707.0,1885.0,0.004332689385257557,0.005201588100430577,0.00790196467650983,0.009486663311524911
11328,1173,Enid,OK,Garfield County,Enid,1278.2539682539682,133707.46087539973,149800.0,4004799999,44600.0,739.0,747.0,980.0,1264.0,1299.0,0.00956007959380185,0.008533070549091911,0.009715239460051683,0.008671562082777036
827066,1174,Lockport,NY,Niagara County,Lockport,968.0555555555557,258341.1744361089,177400.0,3606399999,50500.0,968.0,1001.0,1176.0,1438.0,1625.0,0.003747198090542738,0.005456908430414632,0.006290131658443333,0.00916009019165727
44833,1175,Cypress,CA,Orange County,Cypress,2952.433455433455,1056805.9156359192,915500.0,0600399999,57700.0,1003.0,1101.0,1445.0,2025.0,2396.0,0.0027937329000063994,0.0032249409671583342,0.002267209110537802,0.002617149098853086
14016,1176,Stratford,CT,Fairfield County,Stratford,2042.222222222222,453721.33160760725,,,,,,,,,0.004501049608988632,,,
45324,1177,Fort Washington,MD,Prince Georges County,Fort Washington,1689.878205128205,461348.0171512373,404300.0,2403399999,81950.0,2012.0,2056.0,2314.0,2893.0,3413.0,0.0036629142042551273,0.004179763059926305,0.007397885919343106,0.008441751174870145
24384,1178,Diamond Bar,CA,Los Angeles County,Diamond Bar,3388.9166666666665,1008681.971644724,783300.0,0603799999,75750.0,1856.0,2081.0,2625.0,3335.0,3698.0,0.0033597474347051223,0.0043264607004553386,0.0036661704124345174,0.004721051959657858
52334,1179,Greenwood,SC,Greenwood County,Greenwood,1271.5555555555557,184557.10085298272,166400.0,4504799999,34000.0,781.0,786.0,981.0,1186.0,1337.0,0.006889767717842894,0.0076415598290598295,0.0072443704079695505,0.00803485576923077
27079,1180,Sherman,TX,Grayson County,Sherman,1628.024603174603,266421.1784903452,228300.0,4800199999,39700.0,846.0,851.0,1033.0,1245.0,1563.0,0.006110717670418236,0.007131075791391165,0.00586665072520367,0.006846254927726675
26512,1181,Pinellas Park,FL,Pinellas County,Pinellas Park,2263.767826617827,306819.6645480225,319000.0,1210399999,52150.0,1566.0,1686.0,1978.0,2533.0,3082.0,0.00737817059396305,0.007096450867140523,0.010044988493615977,0.009661442006269592
37086,1182,Aliso Viejo,CA,Orange County,Aliso Viejo,3547.4863656728576,1006269.4994863444,915500.0,0600399999,57700.0,1003.0,1101.0,1445.0,2025.0,2396.0,0.0035253839726670545,0.0038749168385285174,0.00238107187112702,0.002617149098853086
17871,1183,East Hartford,CT,Hartford County,East Hartford,1603.75,306411.6536143304,,,,,,,,,0.0052339719494434896,,,
5302,1184,Issaquah,WA,King County,Issaquah,3049.287321937322,1150185.3462154197,811200.0,5302199999,52800.0,1101.0,1236.0,1503.0,2003.0,2318.0,0.00265112690921574,0.0037589833850312153,0.0020153273623483106,0.0028574950690335305
39503,1185,Longview,WA,Cowlitz County,Longview,1413.611111111111,392116.2253034697,367400.0,5301399999,50100.0,724.0,806.0,1035.0,1450.0,1722.0,0.0036050819116629973,0.003847607814673683,0.004391555076985901,0.004686989657049537
38766,1186,Grapevine,TX,Tarrant County,Grapevine,1820.206359967716,545364.839968517,294100.0,4800799999,39700.0,969.0,976.0,1280.0,1670.0,1914.0,0.0033375938941586215,0.00618907296826833,0.003509577185266458,0.006507990479428766
3615,1187,Belleville,IL,Saint Clair County,Belleville,1014.0,157261.3641665755,168800.0,1716399999,55700.0,951.0,984.0,1215.0,1570.0,1806.0,0.006447864708371369,0.006007109004739337,0.011484066729111135,0.010699052132701422
12751,1188,Milwaukie,OR,Clackamas County,Milwaukie,1806.25,514775.3946634364,577900.0,4100599999,62050.0,1628.0,1750.0,1997.0,2739.0,3217.0,0.003508811840513353,0.003125540750994982,0.006249327441346136,0.005566707042740959
20414,1189,Seguin,TX,Guadalupe County,Seguin,1578.4722222222224,279986.479440674,285900.0,4818799999,48300.0,1116.0,1231.0,1501.0,1907.0,2243.0,0.005637673023981442,0.005521064086121799,0.008011101123457164,0.007845400489681707
34718,1190,Wentzville,MO,Saint Charles County,Wentzville,1865.828282828283,395997.15204762784,296800.0,2918399999,55700.0,951.0,984.0,1215.0,1570.0,1806.0,0.004711721468653072,0.006286483432709848,0.004560638859803685,0.0060849056603773585
17150,1192,Brea,CA,Orange County,Brea,2830.6040293040296,1122111.997302951,915500.0,0600399999,57700.0,1003.0,1101.0,1445.0,2025.0,2396.0,0.002522568189367478,0.00309186677149539,0.002135259230592756,0.002617149098853086
52391,1193,Hammond,LA,Tangipahoa Parish,Hammond,1312.621212121212,221288.22906946632,,2210599999,40200.0,846.0,851.0,1099.0,1364.0,1457.0,0.005931726317485946,,0.006584173076565323,
13419,1194,Quincy,IL,Adams County,Quincy,1222.2222222222224,179568.89315805418,155900.0,1700199999,46550.0,669.0,749.0,975.0,1261.0,1319.0,0.006806425103631053,0.007839783336896873,0.007345370218654929,0.008460551635663886
34870,1195,Windermere,FL,Orange County,Windermere,2623.0046376811592,711103.5231450325,358300.0,1208799999,65150.0,1565.0,1903.0,2274.0,3026.0,3344.0,0.0036886396316534445,0.007320693937150877,0.004702550178925183,0.009332961205693553
6137,1196,New Albany,IN,Floyd County,New Albany,1281.0,234788.62050722152,235100.0,1802199999,42450.0,783.0,788.0,995.0,1199.0,1393.0,0.005455971406248795,0.005448745214802212,0.005932996228653061,0.005925138239047214
49352,1197,Dunwoody,GA,Dekalb County,Dunwoody,1739.438826400679,668092.6684060729,331400.0,1308999999,57100.0,1591.0,1653.0,1830.0,2205.0,2653.0,0.0026035891556041328,0.0052487592830436905,0.003971006007788551,0.008005431502715751
52905,1198,Lawrence,IN,Marion County,Lawrence,1736.2228835978838,271055.6583397532,207000.0,1801399999,55350.0,955.0,1097.0,1283.0,1669.0,2028.0,0.006405410955935938,0.008387550162308617,0.007481858199979041,0.009797101449275362
20044,1199,Poway,CA,San Diego County,Poway,3211.642857142857,1229712.261559848,791600.0,0606999999,66800.0,1799.0,1999.0,2623.0,3655.0,4046.0,0.0026117027190320097,0.0040571536851223555,0.0032902005830760662,0.005111167256189995
40420,1200,Post Falls,ID,Kootenai County,Post Falls,1912.8399363794103,519176.3051344325,467400.0,1605599999,47050.0,1001.0,1226.0,1460.0,2046.0,2452.0,0.0036843744937167552,0.004092511631106997,0.004722865769779485,0.005246041934103551
192040,1201,Sierra Vista,AZ,Cochise County,Sierra Vista,1566.1363636363635,301653.4932770896,207400.0,0400399999,35600.0,854.0,1085.0,1201.0,1683.0,2017.0,0.0051918389759794984,0.007551284299114578,0.0066864798351506105,0.009725168756027
12762,1202,Minnetonka,MN,Hennepin County,Minnetonka,1806.584839238065,485734.2556451291,376500.0,2705399999,66200.0,1220.0,1381.0,1685.0,2244.0,2513.0,0.00371928645806264,0.004798366106874011,0.005173610818661231,0.006674634794156706
17229,1203,Burien,WA,King County,Burien,1911.8042735042736,647285.8834726006,811200.0,5302199999,52800.0,1101.0,1236.0,1503.0,2003.0,2318.0,0.002953570164774341,0.0023567606921896865,0.003581106987169635,0.0028574950690335305
30788,1204,Cathedral City,CA,Riverside County,Cathedral City,2699.0,491031.3320599086,510300.0,0606599999,55950.0,1776.0,1852.0,2306.0,3079.0,3745.0,0.0054965942573919225,0.00528904565941603,0.007626804554995462,0.007338820301783264
46588,1205,Montgomery,TX,Montgomery County,Montgomery,2026.4455266955265,400804.53135944,317500.0,4833799999,42750.0,830.0,835.0,1096.0,1433.0,1639.0,0.005055944651679144,0.006382505595891422,0.004089275124811777,0.005162204724409449
13678,1206,Salina,KS,Saline County,Salina,1104.6130952380952,176609.74637973474,171900.0,2000199999,42050.0,636.0,679.0,872.0,1140.0,1251.0,0.006254542106996905,0.006425905149727139,0.00708341428286852,0.0072774869109947645
6892,1207,Saint Louis Park,MN,Hennepin County,Saint Louis Park,1783.7577073552427,383384.6976552387,376500.0,2705399999,66200.0,1220.0,1381.0,1685.0,2244.0,2513.0,0.004652657548057119,0.004737736274515917,0.006554773874307922,0.006674634794156706
50967,1208,Benton,AR,Saline County,Benton,1481.8888888888887,236630.32259997728,211700.0,0500399999,33550.0,642.0,646.0,848.0,1022.0,1424.0,0.0062624640519719724,0.006999947514827061,0.00601782554473066,0.006726499763816722
31724,1209,Georgetown,KY,Scott County,Georgetown,1435.4722222222224,322799.82027430506,264200.0,2106399999,35450.0,624.0,677.0,867.0,1085.0,1194.0,0.004446942445638302,0.0054332786609470945,0.0036988868177974094,0.004519303557910674
49000,1210,East Stroudsburg,PA,Monroe County,East Stroudsburg,1873.7666666666669,311633.7303026629,241200.0,4202799999,54050.0,1226.0,1234.0,1431.0,1743.0,1897.0,0.006012720974866358,0.007768518518518519,0.006087274308071876,0.007864842454394692
37576,1211,Brighton,MI,Livingston County,Brighton,2053.6666666666665,439008.6948133688,331100.0,2603799999,50400.0,870.0,905.0,1127.0,1465.0,1494.0,0.004677963536780793,0.006202557132789691,0.0034031216639914814,0.004512231954092419
32992,1212,Mount Vernon,WA,Skagit County,Mount Vernon,2131.6666666666665,584303.0035830308,486200.0,5303599999,62150.0,1411.0,1568.0,2057.0,2685.0,3090.0,0.003648221305718056,0.004384341149047031,0.005288352072557683,0.0063554092965857675
4180,1213,Columbus,MS,Lowndes County,Columbus,1441.4666666666665,174510.6439370824,157400.0,2804999999,44550.0,1045.0,1051.0,1232.0,1484.0,1633.0,0.008260050127294064,0.009157983905124945,0.009357595405978546,0.010374841168996188
10774,1214,Cerritos,CA,Los Angeles County,Cerritos,3672.5284382284394,1054271.0529337137,783300.0,0603799999,75750.0,1856.0,2081.0,2625.0,3335.0,3698.0,0.0034834765006673727,0.00468853368853369,0.003507636854592183,0.004721051959657858
31299,1215,Eagle Pass,TX,Maverick County,Eagle Pass,1507.3333333333333,228413.99719853056,151500.0,4823799999,40500.0,732.0,843.0,933.0,1307.0,1395.0,0.006599128564013547,0.009949394939493948,0.006107331499424302,0.009207920792079207
39087,1216,Hutchinson,KS,Reno County,Hutchinson,787.9444444444445,144948.29259486572,125000.0,2000199999,42050.0,636.0,679.0,872.0,1140.0,1251.0,0.005436038123241437,0.006303555555555555,0.00863066392576681,0.010008
20022,1217,Port Richey,FL,Pasco County,Port Richey,1814.004678362573,228180.3646439683,265800.0,1206399999,35600.0,640.0,711.0,933.0,1199.0,1237.0,0.007949871940966434,0.006824697811747829,0.005421150071041833,0.004653875094055681
10834,1218,Claremore,OK,Rogers County,Claremore,1322.9166666666667,258148.48143758049,222200.0,4001999999,40800.0,786.0,792.0,1039.0,1292.0,1466.0,0.005124634703638743,0.005953720372037204,0.005678902280718914,0.006597659765976598
54492,1219,Southaven,MS,DeSoto County,Southaven,1643.0145550527905,274637.67052896024,248700.0,2800999999,34550.0,807.0,843.0,933.0,1242.0,1242.0,0.005982480669488261,0.006606411560324851,0.004522322074782645,0.004993968636911942
47830,1220,Starkville,MS,Oktibbeha County,Starkville,1396.361111111111,280731.70990658744,219500.0,2810599999,40900.0,813.0,958.0,1061.0,1401.0,1407.0,0.0049740056496494316,0.00636155403695267,0.005011902647079572,0.00641002277904328
33953,1221,Shakopee,MN,Scott County,Shakopee,1843.4835164835165,407017.57524692174,393500.0,2703199999,47600.0,640.0,843.0,933.0,1240.0,1347.0,0.004529247945534408,0.004684837398941592,0.003309439399964062,0.003423125794155019
26713,1222,Redford,MI,Wayne County,Redford,1577.8333333333333,179799.48962260355,170200.0,2601799999,41850.0,764.0,769.0,976.0,1305.0,1406.0,0.008775516196654294,0.009270466118292206,0.007819821974751836,0.00826086956521739
45429,1223,Gig Harbor,WA,Pierce County,Gig Harbor,2795.205687830688,828878.1414911185,484400.0,5305399999,60400.0,1479.0,1673.0,2057.0,2882.0,3292.0,0.0033722757880938026,0.005770449396842874,0.003971633265751012,0.006796036333608588
13370,1224,Portage,MI,Kalamazoo County,Portage,2059.305555555555,296871.13135488634,227500.0,2607799999,47900.0,828.0,992.0,1181.0,1564.0,1671.0,0.006936698580818947,0.00905189255189255,0.005628704927871379,0.007345054945054945
15471,1225,East Brunswick,NJ,Middlesex County,East Brunswick,2784.4814814814818,622450.7876269069,439300.0,3401399999,67650.0,1551.0,1768.0,2140.0,2695.0,3065.0,0.004473416271344623,0.00633845090253012,0.004924084057609293,0.006977008877760073
12157,1226,Kaneohe,HI,Honolulu County,Kaneohe,3374.040343915344,1058164.9245248705,873000.0,1500399999,76000.0,1887.0,2052.0,2687.0,3765.0,4512.0,0.003188577003183441,0.0038648801190324673,0.004263985599433798,0.005168384879725086
12413,1227,Liverpool,NY,Onondaga County,Liverpool,2443.313492063492,278713.29412134114,185300.0,3606399999,50500.0,968.0,1001.0,1176.0,1438.0,1625.0,0.008766404558369457,0.013185717712161317,0.005830364156553426,0.008769562871019968
37799,1228,Cedar Hill,TX,Dallas County,Cedar Hill,1977.998931623932,309999.8053256764,277900.0,4805999999,43650.0,944.0,950.0,1207.0,1571.0,1899.0,0.0063806457218445875,0.0071176643815182876,0.006125810298509601,0.006833393306944944
5465,1229,La Mirada,CA,Los Angeles County,La Mirada,3246.222222222222,867035.733431365,783300.0,0603799999,75750.0,1856.0,2081.0,2625.0,3335.0,3698.0,0.0037440466373571844,0.00414428982793594,0.004265106797115341,0.004721051959657858
41130,1230,Sun City,AZ,Maricopa County,Sun City,1768.0452140452142,306263.9135109327,414700.0,0401399999,56100.0,1530.0,1679.0,1950.0,2624.0,2934.0,0.005772946586415576,0.004263431912334734,0.009579972927157366,0.007074993971545695
24215,1231,Coral Gables,FL,Miami-Dade County,Coral Gables,3514.9383546010995,1476393.212749976,425400.0,1208699999,61950.0,1711.0,1898.0,2329.0,3008.0,3527.0,0.0023807603044002524,0.008262666559946168,0.002388929974441226,0.008291020216267042
16946,1232,Bedford,TX,Tarrant County,Bedford,1489.932988267771,375811.5794016961,294100.0,4800799999,39700.0,969.0,976.0,1280.0,1670.0,1914.0,0.0039645744568056985,0.005066076124677902,0.005092977717842405,0.006507990479428766
6102,1234,Murray,UT,Salt Lake County,Murray,1580.185925925926,543343.663966668,484500.0,4903599999,61350.0,1243.0,1453.0,1748.0,2348.0,2670.0,0.0029082623590193637,0.003261477659289837,0.0049140169971022135,0.005510835913312693
46291,1235,Logan,UT,Cache County,Logan,1384.2380952380954,389894.0040192872,392800.0,4900599999,51700.0,914.0,920.0,1169.0,1638.0,1963.0,0.003550293364269383,0.00352402773736786,0.005034701687546071,0.004997454175152749
16216,1236,West Orange,NJ,Essex County,West Orange,2588.577777777778,656791.309861134,494400.0,3401399999,67650.0,1551.0,1768.0,2140.0,2695.0,3065.0,0.003941248519754446,0.005235796476087739,0.004666626908702607,0.006199433656957929
44633,1237,Cleburne,TX,Johnson County,Cleburne,1499.875,273462.8713751204,254600.0,4800199999,39700.0,846.0,851.0,1033.0,1245.0,1563.0,0.005484748230930988,0.005891103692065986,0.00571558395529303,0.006139041633935585
54001,1238,Prattville,AL,Autauga County,Prattville,1741.8055555555557,256772.4559078005,197900.0,0100199999,41800.0,848.0,888.0,1055.0,1345.0,1665.0,0.0067834595007378335,0.008801442928527315,0.006484340363196327,0.008413340070742799
398406,1239,Monroe Township,NJ,Middlesex County,Monroe Township,3082.6666666666665,672165.2727229557,439300.0,3401399999,67650.0,1551.0,1768.0,2140.0,2695.0,3065.0,0.004586173656634653,0.00701722437210714,0.0045598904382304975,0.006977008877760073
37279,1240,Barnstable,MA,Barnstable County,Barnstable,3002.777777777778,714842.9353776589,575900.0,2500500520,59800.0,1081.0,1177.0,1448.0,1745.0,2088.0,0.004200611951479074,0.0052140610831355756,0.0029209213614133124,0.003625629449557215
51701,1241,Desert Hot Springs,CA,Riverside County,Desert Hot Springs,2164.0238095238096,384338.7713322856,510300.0,0606599999,55950.0,1776.0,1852.0,2306.0,3079.0,3745.0,0.005630511337751225,0.00424068941705626,0.009744007837195812,0.007338820301783264
4625,1242,Everett,MA,Middlesex County,Everett,2839.7738927738924,640248.0782998606,687200.0,2501700380,82700.0,2263.0,2394.0,2837.0,3418.0,3761.0,0.004435427436681633,0.004132383429531275,0.005874285495689584,0.005472933643771828
3701,1243,Bloomfield Hills,MI,Oakland County,Bloomfield Hills,2789.583333333333,658094.3609662916,320400.0,2600599999,50350.0,846.0,851.0,1111.0,1416.0,1496.0,0.004238880468808969,0.008706564710778193,0.0022732302367754627,0.00466916354556804
51743,1244,Downingtown,PA,Chester County,Downingtown,2365.8939393939395,582283.4453713124,461800.0,4202799999,54050.0,1226.0,1234.0,1431.0,1743.0,1897.0,0.004063131037299624,0.005123200388466738,0.003257863528629626,0.004107838891294933
28533,1245,Hoffman Estates,IL,Cook County,Hoffman Estates,2160.953046953047,397777.5706429205,305200.0,1700799999,43300.0,810.0,900.0,1181.0,1561.0,1603.0,0.005432566354760372,0.007080449039819944,0.004029890366641591,0.005252293577981651
7794,1247,Wauwatosa,WI,Milwaukee County,Wauwatosa,1686.368253968254,414949.2126882162,216500.0,5506199999,53500.0,841.0,918.0,1147.0,1521.0,1554.0,0.0040640353142092946,0.007789229810476924,0.0037450366273321305,0.007177829099307159
12592,1248,Martinez,CA,Contra Costa County,Martinez,2739.422222222222,777910.1632372424,830800.0,0601399999,79900.0,1937.0,2201.0,2682.0,3432.0,4077.0,0.003521514889100079,0.003297330551543358,0.005240965078838571,0.004907318247472316
11685,1249,Grass Valley,CA,Nevada County,Grass Valley,2205.194444444445,517736.34779285965,602800.0,0603999999,46950.0,1099.0,1106.0,1433.0,2008.0,2293.0,0.004259300035327474,0.003658252230332523,0.004428895150543695,0.0038039150630391504
48346,1250,Wasilla,AK,Matanuska Susitna Borough,Wasilla,1804.547619047619,411248.908320716,,0217099999,56850.0,1019.0,1055.0,1384.0,1939.0,2324.0,0.004387969384323148,,0.005651078830798035,
24061,1251,Chester,VA,Chesterfield County,Chester,1840.507894736842,385040.8019220039,336700.0,5104199999,56750.0,1488.0,1545.0,1711.0,2166.0,2677.0,0.004780033403082476,0.005466313913682334,0.006952509933070077,0.00795069795069795
48343,1252,Washington,PA,Washington County,Washington,960.0,239600.05187599664,220600.0,4203599999,41850.0,792.0,798.0,1003.0,1246.0,1661.0,0.004006676928838235,0.004351767905711695,0.006932385811250321,0.007529465095194923
12725,1253,Milford,CT,New Haven County,Milford,2606.284271284272,496792.47545134526,,,,,,,,,0.005246223322759497,,,
33308,1254,Palmetto,FL,Manatee County,Palmetto,2493.832828282828,358907.5719698619,359800.0,1208199999,53800.0,1266.0,1580.0,1846.0,2425.0,2903.0,0.006948398482081173,0.006931164058595964,0.008088433420523572,0.008068371317398555
49611,1255,Newark,CA,Alameda County,Newark,3589.901785714286,1260598.305266861,1057400.0,0600199999,79900.0,1937.0,2201.0,2682.0,3432.0,4077.0,0.00284777614781445,0.003395027223107893,0.0032341785507453333,0.0038556837526007187
33639,1256,Rexburg,ID,Madison County,Rexburg,1127.0833333333333,412959.0396976776,365000.0,1600399999,42300.0,719.0,843.0,933.0,1259.0,1495.0,0.00272928601867744,0.0030878995433789953,0.0036202137652549555,0.0040958904109589045
45612,1257,Haines City,FL,Polk County,Haines City,2177.8703703703704,304910.2316076227,240000.0,1206999999,52700.0,1636.0,1727.0,1958.0,2486.0,2960.0,0.007142660837872402,0.00907445987654321,0.009707775250418984,0.012333333333333333
7208,1258,Spring Hill,TN,Maury County,Spring Hill,2356.346783625731,522456.3706007821,307500.0,4702799999,37450.0,681.0,685.0,899.0,1254.0,1259.0,0.004510131211370099,0.007662916369514572,0.0024097705968294594,0.004094308943089431
14527,1259,Weslaco,TX,Hidalgo County,Weslaco,1100.138888888889,177358.58155298952,124000.0,4813199999,39700.0,732.0,752.0,933.0,1307.0,1395.0,0.006202907574338036,0.008872087813620071,0.007865421496862925,0.01125
20245,1260,Roseville,MI,Macomb County,Roseville,1359.3174603174602,174140.29359178024,231400.0,2600199999,40950.0,654.0,813.0,933.0,1294.0,1385.0,0.007805875551720229,0.00587431918892593,0.007953357442055988,0.005985306828003458
395625,1261,Clarkston,MI,Oakland County,Clarkston,1697.7666666666669,425272.494171221,320400.0,2600599999,50350.0,846.0,851.0,1111.0,1416.0,1496.0,0.003992185457409623,0.00529889721181856,0.003517744553208015,0.00466916354556804
47966,1263,Texas City,TX,Galveston County,Texas City,1507.4907407407409,226783.4584857097,284900.0,4800199999,39700.0,846.0,851.0,1033.0,1245.0,1563.0,0.0066472693855479425,0.0052912977912977915,0.006892037057890134,0.0054861354861354865
4568,1264,Elmhurst,IL,DuPage County,Elmhurst,2654.3531746031745,602406.2316024017,374100.0,1704399999,59950.0,1458.0,1560.0,1761.0,2262.0,2657.0,0.004406251189571181,0.007095303861542834,0.004410644944578968,0.007102379043036621
46523,1265,Middletown,CT,Middlesex County,Middletown,1929.0212121212123,355599.6975548002,,,,,,,,,0.005424698686150985,,,
40256,1267,Parkersburg,WV,Wood County,Parkersburg,947.0833333333331,148526.07558782978,153700.0,5400599999,37650.0,590.0,712.0,852.0,1175.0,1431.0,0.006376545866340369,0.006161895467360658,0.009634671853655684,0.009310344827586206
10315,1268,Beavercreek,OH,Greene County,Beavercreek,1955.5416666666667,332946.05636324827,238000.0,3905799999,46900.0,780.0,845.0,1077.0,1390.0,1537.0,0.005873448954545197,0.00821656162464986,0.00461636343373028,0.006457983193277311
21995,1269,Lakewood,OH,Cuyahoga County,Lakewood,1448.121217948718,290248.5958308576,183200.0,3903599999,49700.0,881.0,995.0,1208.0,1553.0,1667.0,0.004989244526070372,0.00790459180103012,0.005743352505213994,0.00909934497816594
46389,1270,Mandeville,LA,Saint Tammany Parish,Mandeville,1670.8944444444444,366480.457463805,,2210399999,47400.0,1071.0,1236.0,1478.0,1889.0,2217.0,0.004559300258485047,,0.006049435801686532,
34885,1271,Winter Springs,FL,Seminole County,Winter Springs,2028.89417989418,430494.08550166496,357300.0,1208799999,65150.0,1565.0,1903.0,2274.0,3026.0,3344.0,0.004712943216234578,0.005678405205413323,0.007767818682347651,0.009359082003918277
52991,1272,Lititz,PA,Lancaster County,Lititz,1705.0,452190.3304959818,279400.0,4202999999,59700.0,1372.0,1512.0,1802.0,2171.0,2468.0,0.0037705361769454085,0.006102362204724409,0.005457878759355583,0.008833214030064424
37918,1273,Cleveland,TX,Liberty County,Cleveland,1557.650793650794,237729.32569094608,167100.0,4802999999,48300.0,1116.0,1231.0,1501.0,1907.0,2243.0,0.006552202969169138,0.009321668424002357,0.009435100164781331,0.013423099940155595
38170,1274,Del Rio,TX,Val Verde County,Del Rio,1750.0,212849.9031307432,151500.0,4828799999,40850.0,883.0,907.0,1126.0,1381.0,1493.0,0.008221756149567338,0.01155115511551155,0.007014332532173735,0.009854785478547855
13386,1276,Prairieville,LA,Ascension Parish,Prairieville,2169.1666666666665,336130.75629562425,,2200599999,45850.0,1063.0,1081.0,1222.0,1528.0,2023.0,0.0064533418202257645,,0.006018491203526726,
7645,1277,Urbana,IL,Champaign County,Urbana,1199.25,198125.19961404885,205100.0,1701999999,50450.0,904.0,909.0,1080.0,1405.0,1432.0,0.006052990746942634,0.005847147732813262,0.007227752970291309,0.006981960019502681
33716,1278,Rockwall,TX,Rockwall County,Rockwall,1953.0797619047617,480504.47679536766,386000.0,4819199999,39700.0,707.0,711.0,933.0,1307.0,1395.0,0.004064644256658027,0.005059792129286947,0.002903198757488556,0.0036139896373056993
5504,1279,Lake Oswego,OR,Clackamas County,Lake Oswego,2459.55710955711,888348.3924698342,577900.0,4100599999,62050.0,1628.0,1750.0,1997.0,2739.0,3217.0,0.0027686852707853914,0.004256025453464457,0.003621326978547147,0.005566707042740959
6251,1280,Northville,MI,Wayne County,Northville,1701.0153846153844,588865.9844680235,170200.0,2601799999,41850.0,764.0,769.0,976.0,1305.0,1406.0,0.002888629042059658,0.009994214950736689,0.002387640035398153,0.00826086956521739
45191,1281,Eureka,CA,Humboldt County,Eureka,1463.0555555555557,419948.8162074341,418800.0,0602399999,46950.0,1065.0,1132.0,1478.0,2071.0,2482.0,0.0034838901768278305,0.0034934468852806963,0.005910244068348591,0.005926456542502388
23553,1282,Austell,GA,Cobb County,Austell,2090.431286549708,299404.0651929749,373700.0,1300599999,38100.0,629.0,715.0,905.0,1268.0,1300.0,0.006981973625516283,0.005593875532645727,0.004341958413831526,0.0034787262510034785
13149,1283,Oxford,MS,Lafayette County,Oxford,1951.1111111111115,404920.1828892469,260500.0,2807199999,45700.0,1093.0,1099.0,1293.0,1628.0,1714.0,0.004818507927140733,0.007489869908296014,0.004232932988842422,0.006579654510556622
41533,1283,Wahiawa,HI,Honolulu County,Wahiawa,2343.0,840375.3094025558,873000.0,1500399999,76000.0,1887.0,2052.0,2687.0,3765.0,4512.0,0.002788040026622984,0.002683848797250859,0.005369029705558218,0.005168384879725086
4488,1285,East Providence,RI,Providence County,East Providence,2080.5859788359785,439689.3737181171,339100.0,4400711800,57150.0,1233.0,1319.0,1614.0,1945.0,2359.0,0.00473194510306686,0.0061356118514773765,0.00536515126588514,0.006956649955765261
53069,1286,Lumberton,NC,Robeson County,Lumberton,1112.5,145933.82633893014,88600.0,3700799999,38200.0,834.0,927.0,1216.0,1465.0,1728.0,0.00762331823888608,0.012556433408577879,0.011840983295995637,0.019503386004514674
272603,1288,La Porte,IN,La Porte County,La Porte,1075.0,273008.16129883664,180700.0,1803999999,44750.0,853.0,869.0,1055.0,1374.0,1399.0,0.003937611223363017,0.005949086884338683,0.005124388931613824,0.007742114001106807
47210,1289,Potomac,MD,Montgomery County,Potomac,4367.089947089947,1387003.6220562954,615200.0,2403199999,81950.0,2012.0,2056.0,2314.0,2893.0,3413.0,0.0031485786177079616,0.007098650759248938,0.0024607001349715826,0.00554778933680104
39176,1290,Jonesboro,GA,Clayton County,Jonesboro,1749.172634032634,252461.9539768909,194500.0,1300399999,38100.0,728.0,733.0,905.0,1155.0,1300.0,0.006928460334236122,0.008993175496311743,0.005149290732808776,0.006683804627249357
16750,1291,Alvin,TX,Brazoria County,Alvin,1931.111111111111,294621.6767711358,276800.0,4801999999,48300.0,1116.0,1231.0,1501.0,1907.0,2243.0,0.0065545452468903425,0.006976557482337829,0.007613153331356464,0.008103323699421966
51952,1292,Evesham Township,NJ,Burlington County,Evesham Township,2510.9886363636365,496739.3508065988,326700.0,3400599999,59700.0,1372.0,1512.0,1802.0,2171.0,2468.0,0.005054942058216902,0.0076859156301305066,0.0049684004216547254,0.007554331190694827
46965,1293,Palm Springs,CA,Riverside County,Palm Springs,2288.061768394649,630515.9760602646,510300.0,0606599999,55950.0,1776.0,1852.0,2306.0,3079.0,3745.0,0.0036288719957445715,0.004483758119527041,0.005939579871394176,0.007338820301783264
34266,1294,Thibodaux,LA,Lafourche Parish,Thibodaux,1314.2619047619048,229189.0935840671,,2205799999,37850.0,786.0,934.0,1146.0,1382.0,1519.0,0.005734399853891086,,0.006627715028869064,
46316,1295,Los Banos,CA,Merced County,Los Banos,2253.055555555555,470096.8228776849,368400.0,0603999999,46950.0,1099.0,1106.0,1433.0,2008.0,2293.0,0.004792747889176397,0.00611578598142116,0.004877718564366087,0.006224212812160695
829287,1296,Watertown,NY,Jefferson County,Watertown,1467.548148148148,197012.25482825577,181000.0,3604599999,44250.0,889.0,977.0,1282.0,1740.0,2133.0,0.0074490196024987075,0.008108000818498055,0.010826737665935704,0.011784530386740332
34849,1297,Williamsport,PA,Lycoming County,Williamsport,1051.9444444444443,204960.86713891305,195600.0,4208199999,43900.0,771.0,943.0,1125.0,1477.0,1629.0,0.0051324160515552695,0.005378039082026812,0.007947858646089444,0.008328220858895705
11921,1298,Hilo,HI,Hawaii County,Hilo,2240.1833333333334,540012.1794864261,486400.0,1500199999,60450.0,1575.0,1612.0,2075.0,2703.0,3023.0,0.004148394088933032,0.004605640076754386,0.005598021886978546,0.006215049342105263
50800,1299,Auburn,CA,Placer County,Auburn,2270.2666666666664,634614.6686832075,658800.0,0600999999,50750.0,989.0,1086.0,1425.0,1997.0,2195.0,0.0035773939347751795,0.0034460635498886863,0.0034587917807738532,0.0033318154219793565
30583,1300,Brentwood,TN,Williamson County,Brentwood,3237.194444444445,1367286.5672386028,673700.0,4718799999,57400.0,1589.0,1650.0,1827.0,2308.0,2840.0,0.002367604949840429,0.004805097883990567,0.002077106634445855,0.00421552619860472
13560,1301,Rockledge,FL,Brevard County,Rockledge,2038.954404728399,396787.49347564304,304400.0,1200399999,45750.0,901.0,952.0,1129.0,1523.0,1896.0,0.005138655926043094,0.0066982733401064355,0.00477837641351059,0.006228646517739816
5335,1302,Jeffersonville,IN,Clark County,Jeffersonville,1452.9074074074072,251481.0119963154,212400.0,1801599999,43500.0,696.0,709.0,928.0,1191.0,1230.0,0.005777404011037997,0.006840430355025458,0.0048910253312406,0.005790960451977401
32048,1303,Hinesville,GA,Liberty County,Hinesville,1599.881855500821,237688.14624976637,180200.0,1300799999,38100.0,710.0,715.0,905.0,1268.0,1300.0,0.006731012382164151,0.008878367677585023,0.005469351419123527,0.007214206437291898
4557,1304,Elkton,MD,Cecil County,Elkton,1682.0,371116.4605058793,311800.0,2401599999,59700.0,1372.0,1512.0,1802.0,2171.0,2468.0,0.0045322699987686305,0.0053944836433611285,0.006650203541593924,0.007915330339961514
53420,1305,Morristown,NJ,Morris County,Morristown,3011.453671328671,883165.1190844965,557000.0,3402199999,63450.0,1391.0,1605.0,2028.0,2443.0,2747.0,0.0034098421758893666,0.0054065595535523715,0.0031104036387301906,0.004931777378815081
55287,1306,Yorktown,VA,York County,Yorktown,2299.5451215451217,475845.1646632688,411200.0,5119999999,53250.0,1475.0,1483.0,1696.0,2361.0,2809.0,0.004832549098554762,0.00559227899208444,0.00590318071633193,0.0068312256809338525
43936,1307,Arlington,MA,Middlesex County,Arlington,2891.373851294904,1076345.904239402,687200.0,2501700380,82700.0,2263.0,2394.0,2837.0,3418.0,3761.0,0.0026862868524947735,0.004207470679998405,0.0034942298615961236,0.005472933643771828
51386,1308,Chesterfield,MO,Saint Louis County,Chesterfield,1690.32498982499,564001.3277964196,260700.0,2918999999,55700.0,951.0,984.0,1215.0,1570.0,1806.0,0.0029970230680647,0.006483793593498236,0.0032021201209864684,0.006927502876869966
38835,1309,Hackensack,NJ,Bergen County,Hackensack,2589.73961352657,465742.205438791,593200.0,3400399999,68550.0,1556.0,1807.0,2072.0,2550.0,3225.0,0.005560457229953406,0.004365710744313166,0.00692443150382221,0.005436614969656102
23542,1310,Attleboro,MA,Bristol County,Attleboro,2344.5,535414.1168605209,421800.0,2500500520,59800.0,1081.0,1177.0,1448.0,1745.0,2088.0,0.004378853538168398,0.005558321479374111,0.003899785108848631,0.0049502133712660025
33117,1311,Nicholasville,KY,Jessamine County,Nicholasville,1433.1888888888889,311706.60713908094,245100.0,2111399999,51200.0,799.0,982.0,1165.0,1583.0,1781.0,0.004597877799392977,0.005847363887755565,0.00571370628408057,0.007266421868625051
13181,1312,Papillion,NE,Sarpy County,Papillion,1762.1724941724942,407559.0509380228,287600.0,3103599999,48150.0,622.0,729.0,907.0,1093.0,1274.0,0.004323723127033355,0.006127164444271538,0.0031259273890932096,0.004429763560500695
41098,1313,Strongsville,OH,Cuyahoga County,Strongsville,2150.0,363088.6384733475,183200.0,3903599999,49700.0,881.0,995.0,1208.0,1553.0,1667.0,0.005921419103169819,0.011735807860262008,0.0045911654162716685,0.00909934497816594
41535,1314,Waianae,HI,Honolulu County,Waianae,2162.777777777778,574291.0302170287,873000.0,1500399999,76000.0,1887.0,2052.0,2687.0,3765.0,4512.0,0.0037659960960219918,0.002477408680157821,0.007856643692127461,0.005168384879725086
21991,1316,Lakeside,CA,San Diego County,Lakeside,2868.5,810270.0473901076,791600.0,0606999999,66800.0,1799.0,1999.0,2623.0,3655.0,4046.0,0.003540177758315864,0.0036236735725113695,0.004993396970592988,0.005111167256189995
20165,1317,Richmond,IN,Wayne County,Richmond,787.5,153582.87235738197,126100.0,1802199999,42450.0,783.0,788.0,995.0,1199.0,1393.0,0.0051275248855062105,0.006245043616177637,0.009070021797473208,0.011046788263283109
56619,1318,Winder,GA,Barrow County,Winder,2090.56734006734,341276.4871404693,255200.0,1300599999,38100.0,629.0,715.0,905.0,1268.0,1300.0,0.006125729192725964,0.00819187829179992,0.0038092281448763284,0.005094043887147335
32390,1319,Lake Mary,FL,Seminole County,Lake Mary,2002.3185341789997,469185.80233604345,357300.0,1208799999,65150.0,1565.0,1903.0,2274.0,3026.0,3344.0,0.0042676451934598085,0.0056040261242065485,0.007127240388243755,0.009359082003918277
45221,1320,Fairfield,OH,Butler County,Fairfield,1400.5115384615383,280076.5255322366,243000.0,3901799999,55900.0,883.0,993.0,1287.0,1707.0,1885.0,0.005000460269921266,0.0057634219689775236,0.006730303428385817,0.007757201646090535
19458,1321,Moorhead,MN,Clay County,Moorhead,1367.8939393939393,285406.5022002731,256000.0,2702199999,47600.0,737.0,853.0,944.0,1240.0,1519.0,0.004792791785921093,0.0053433357007575755,0.005322233334873709,0.00593359375
10772,1322,Ceres,CA,Stanislaus County,Ceres,2333.333333333333,457426.5802548419,426600.0,0609999999,49250.0,1130.0,1209.0,1566.0,2194.0,2549.0,0.005101000759582848,0.005469604625722768,0.005572478972647149,0.005975152367557431
26052,1323,Muskogee,OK,Muskogee County,Muskogee,900.0,140254.2829512498,138800.0,4010199999,38200.0,707.0,712.0,934.0,1170.0,1493.0,0.006416916339822763,0.006484149855907781,0.010644951217061539,0.010756484149855907
44738,1324,Converse,TX,Bexar County,Converse,1793.846088973224,252983.20332388603,244100.0,4801999999,48300.0,1116.0,1231.0,1501.0,1907.0,2243.0,0.007090771503421206,0.007348816423487193,0.008866201275538287,0.009188857025809094
24117,1325,Cleveland Heights,OH,Cuyahoga County,Cleveland Heights,1458.902861952862,208641.0925075782,183200.0,3903599999,49700.0,881.0,995.0,1208.0,1553.0,1667.0,0.0069924042498956535,0.007963443569611692,0.007989797119852848,0.00909934497816594
5138,1326,Herriman,UT,Salt Lake County,Herriman,1973.6500974658868,604828.6297259064,484500.0,4903599999,61350.0,1243.0,1453.0,1748.0,2348.0,2670.0,0.0032631558766659193,0.00407358121251989,0.004414473569496832,0.005510835913312693
42728,1327,Peachtree Corners,GA,Gwinnett County,Peachtree Corners,1606.75055285272,556367.6359486108,345700.0,1313599999,57100.0,1591.0,1653.0,1830.0,2205.0,2653.0,0.00288792957935664,0.0046478176246824415,0.00476842977301621,0.007674284061324848
18942,1328,Lancaster,TX,Dallas County,Lancaster,2094.752645502645,275617.5358478057,277900.0,4805999999,43650.0,944.0,950.0,1207.0,1571.0,1899.0,0.00760021541829383,0.00753779289493575,0.006889982504772905,0.006833393306944944
19655,1329,North Augusta,SC,Edgefield County,North Augusta,1678.0166666666669,257920.32616953735,194300.0,4502599999,34500.0,705.0,711.0,933.0,1195.0,1325.0,0.006505949692245912,0.008636215474352378,0.005137245364403909,0.006819351518270716
37662,1330,Burlington,VT,Chittenden County,Burlington,1946.8874269005848,530581.0173687399,404500.0,5000706550,64900.0,1380.0,1476.0,1936.0,2491.0,2567.0,0.003669349945001046,0.004813071512733213,0.004838092423152037,0.00634610630407911
24624,1332,Euclid,OH,Cuyahoga County,Euclid,1373.8809523809523,146976.6867394827,183200.0,3903599999,49700.0,881.0,995.0,1208.0,1553.0,1667.0,0.009347611399188544,0.007499350176751923,0.011341934812796332,0.00909934497816594
37370,1333,Belton,TX,Bell County,Belton,1722.2045454545453,320977.82378964365,221100.0,4802599999,40400.0,844.0,849.0,1114.0,1421.0,1513.0,0.005365493868458685,0.007789256198347107,0.004713721284968151,0.006843057440072365
24063,1334,Chesterfield,MI,Macomb County,Chesterfield,1458.3333333333337,328199.2616346187,231400.0,2600199999,40950.0,654.0,813.0,933.0,1294.0,1385.0,0.004443438800166721,0.006302218380870068,0.004219997306215479,0.005985306828003458
17931,1335,El Dorado Hills,CA,El Dorado County,El Dorado Hills,2942.833333333333,925709.9014284572,640500.0,0601799999,64300.0,1679.0,1777.0,2206.0,2992.0,3455.0,0.0031790016816199817,0.004594587561800676,0.0037322707628692432,0.005394223263075722
39512,1336,Los Lunas,NM,Valencia County,Los Lunas,1993.905555555556,321588.5065645426,206800.0,3502599999,39950.0,806.0,862.0,1131.0,1397.0,1599.0,0.006200176669421426,0.009641709649688376,0.004972192623056576,0.0077321083172147
50327,1337,Brunswick,OH,Medina County,Brunswick,1733.0,314821.6534665632,268000.0,3906599999,42600.0,664.0,703.0,884.0,1103.0,1213.0,0.0055047039519600886,0.006466417910447761,0.0038529751262132645,0.0045261194029850745
37174,1338,Arlington,WA,Snohomish County,Arlington,2164.825396825397,651668.1007887452,644600.0,5306199999,78550.0,2238.0,2293.0,2671.0,3521.0,4104.0,0.003321975395458524,0.003358401174100833,0.006297684350412014,0.006366739062984797
6391,1339,Panama City Beach,FL,Bay County,Panama City Beach,1821.9494832041344,422434.61304177233,276900.0,1200399999,45750.0,901.0,952.0,1129.0,1523.0,1896.0,0.00431297395373227,0.006579810340209947,0.004488268578059238,0.006847237269772481
19944,1340,Pine Bluff,AR,Jefferson County,Pine Bluff,871.875,76793.48394316748,106000.0,0506999999,33550.0,633.0,684.0,878.0,1141.0,1164.0,0.01135350234461622,0.008225235849056604,0.015157536033414515,0.010981132075471698
19355,1341,Middletown,DE,New Castle County,Middletown,2480.625,533265.1436725275,329800.0,1000399999,59700.0,1372.0,1512.0,1802.0,2171.0,2468.0,0.004651766629478647,0.007521604002425713,0.00462809172750952,0.007483323226197695
10552,1342,Bridgewater Township,NJ,Somerset County,Bridgewater Township,3004.1666666666665,741831.8566955893,523900.0,3402199999,63450.0,1391.0,1605.0,2028.0,2443.0,2747.0,0.004049659824597458,0.0057342368136412795,0.0037029954634682553,0.005243367054781447
32168,1343,Irwin,PA,Westmoreland County,Irwin,1348.611111111111,268193.1737175679,193100.0,4212999999,53650.0,998.0,1068.0,1280.0,1632.0,1759.0,0.005028506476944573,0.0069840036826054434,0.006558705337714483,0.009109269808389435
23785,1344,Bountiful,UT,Davis County,Bountiful,1843.263888888889,567973.8660292415,470500.0,4901199999,60250.0,1158.0,1237.0,1532.0,2055.0,2488.0,0.003245332222370229,0.003917670327075216,0.0043804832384170085,0.005287991498405951
13277,1345,Phoenixville,PA,Chester County,Phoenixville,2173.8888888888887,525698.3661037944,461800.0,4202799999,54050.0,1226.0,1234.0,1431.0,1743.0,1897.0,0.0041352399570891455,0.004707425051729945,0.00360853318616831,0.004107838891294933
52382,1349,Haltom City,TX,Tarrant County,Haltom City,1420.989898989899,247753.57722570465,294100.0,4800799999,39700.0,969.0,976.0,1280.0,1670.0,1914.0,0.00573549700029304,0.004831655555899011,0.007725418221737066,0.006507990479428766
4232,1350,Covington,KY,Kenton County,Covington,1557.8637254901962,216367.1631448828,227500.0,2105399999,35450.0,624.0,661.0,867.0,1045.0,1194.0,0.007200093132648906,0.006847752639517346,0.005518397443703041,0.0052483516483516485
55433,1351,Dekalb,IL,DeKalb County,Dekalb,1256.6666666666667,255017.34609096943,231900.0,1703799999,50550.0,952.0,1058.0,1388.0,1891.0,2331.0,0.004927769369140836,0.0054190024435820045,0.009140554694536304,0.010051746442432083
20789,1352,Thomasville,NC,Davidson County,Thomasville,1514.611111111111,231960.60410123403,200100.0,3700799999,38200.0,834.0,927.0,1216.0,1465.0,1728.0,0.006529604960203039,0.007569270920095508,0.007449540867921921,0.00863568215892054
15554,1353,Rancho Santa Margarita,CA,Orange County,Rancho Santa Margarita,2894.78765700483,1029960.8832308766,915500.0,0600399999,57700.0,1003.0,1101.0,1445.0,2025.0,2396.0,0.0028105801920595202,0.0031619745024629494,0.002326301939238707,0.002617149098853086
13218,1354,Patchogue,NY,Suffolk County,Patchogue,2567.4,589171.4085005755,539500.0,3610399999,82450.0,1848.0,2241.0,2586.0,3352.0,3591.0,0.004357645267501966,0.00475885078776645,0.006095000450104993,0.006656163113994439
39760,1355,Merritt Island,FL,Brevard County,Merritt Island,2103.423400673401,430546.48790896096,304400.0,1200399999,45750.0,901.0,952.0,1129.0,1523.0,1896.0,0.004885473368715923,0.0069100637341438925,0.004403705646766091,0.006228646517739816
22827,1356,Rowland Heights,CA,Los Angeles County,Rowland Heights,2511.7559523809523,981975.359444432,783300.0,0603799999,75750.0,1856.0,2081.0,2625.0,3335.0,3698.0,0.0025578604679062597,0.0032066334129719804,0.003765878608290336,0.004721051959657858
21446,1357,Coraopolis,PA,Allegheny County,Coraopolis,1616.267676767677,305671.33287772123,216700.0,4200399999,53650.0,998.0,1068.0,1280.0,1632.0,1759.0,0.005287599794038383,0.00745854950054304,0.00575454683119944,0.008117212736502077
32912,1358,Moline,IL,Rock Island County,Moline,942.6666666666666,150646.99609891616,144700.0,1715999999,43300.0,597.0,745.0,870.0,1067.0,1429.0,0.006257454121738367,0.006514627965906473,0.009485751704346668,0.009875604699378024
19725,1359,Oakland Park,FL,Broward County,Oakland Park,2228.327299880525,367075.7997676057,380400.0,1200399999,45750.0,901.0,952.0,1129.0,1523.0,1896.0,0.006070482721256129,0.005857853049107584,0.005165145730664757,0.00498422712933754
41001,1360,Spanish Fork,UT,Utah County,Spanish Fork,2061.527777777778,509960.5109341792,489200.0,4900599999,51700.0,914.0,920.0,1169.0,1638.0,1963.0,0.0040425243397794386,0.004214079676569456,0.003849317658741944,0.0040126737530662305
27836,1361,Wenatchee,WA,Chelan County,Wenatchee,1822.320075757576,492872.3746975621,454900.0,5300799999,48250.0,1020.0,1134.0,1488.0,2065.0,2444.0,0.0036973467560964314,0.0040059795026545966,0.004958687330568477,0.005372609364695537
26215,1362,Northport,AL,Tuscaloosa County,Northport,1630.111111111111,266213.4327166045,233700.0,0103799999,36950.0,593.0,615.0,792.0,957.0,1184.0,0.006123324035442019,0.006975229401416821,0.004447559193079555,0.005066324347454001
26779,1363,Riverton,UT,Salt Lake County,Riverton,2274.758333333333,621819.0611664339,484500.0,4903599999,61350.0,1243.0,1453.0,1748.0,2348.0,2670.0,0.003658231912457376,0.004695063639490884,0.004293853576941665,0.005510835913312693
397859,1364,Mt Laurel Township,NJ,Burlington County,Mt Laurel Township,2192.9931623931625,399311.1630042,326700.0,3400599999,59700.0,1372.0,1512.0,1802.0,2171.0,2468.0,0.005491940535531927,0.006712559419630127,0.006180643639992708,0.007554331190694827
46642,1365,Mount Pleasant,MI,Isabella County,Mount Pleasant,905.2777777777778,219562.6485703592,165100.0,2600599999,50350.0,846.0,851.0,1111.0,1416.0,1496.0,0.004123095543218865,0.005483208829665523,0.006813545062153887,0.009061175045427014
39885,1366,Moses Lake,WA,Grant County,Moses Lake,1542.0616830065362,372550.1297215235,275700.0,5302599999,47400.0,910.0,916.0,1176.0,1648.0,1975.0,0.004139205867836384,0.0055932596409377444,0.005301299992772214,0.0071635836053681535
41669,1367,Westbury,NY,Nassau County,Westbury,3652.5,771603.6509700377,658700.0,3605999999,82450.0,1848.0,2241.0,2586.0,3352.0,3591.0,0.0047336478973475345,0.0055450129042052525,0.004653943764373716,0.005451647183846971
40207,1368,Owasso,OK,Tulsa County,Owasso,1297.7475633528263,314325.7485619773,213500.0,4014199999,37100.0,678.0,822.0,910.0,1275.0,1312.0,0.004128670875007691,0.006078442919685369,0.004174013761208958,0.00614519906323185
22517,1370,Ocoee,FL,Orange County,Ocoee,2213.2970085470083,419340.802691848,358300.0,1208799999,65150.0,1565.0,1903.0,2274.0,3026.0,3344.0,0.005278038755921985,0.006177217439427877,0.007974420754036027,0.009332961205693553
31501,1371,Fairburn,GA,Fulton County,Fairburn,2272.769230769231,328616.4946586348,431200.0,1304999999,38100.0,717.0,721.0,905.0,1107.0,1300.0,0.006916175139443844,0.005270800627943485,0.003955979146300716,0.0030148423005565863
17231,1374,Burke,VA,Fairfax County,Burke,3033.259259259259,733106.5616624997,699700.0,5160099999,81950.0,2012.0,2056.0,2314.0,2893.0,3413.0,0.0041375420953545915,0.0043350854069733585,0.004655530557877128,0.0048778047734743465
31546,1375,Fenton,MO,Saint Louis County,Fenton,1520.8333333333333,348272.9358966523,260700.0,2918999999,55700.0,951.0,984.0,1215.0,1570.0,1806.0,0.004366785864132235,0.005833652985551719,0.005185588123149249,0.006927502876869966
36029,1376,Ringgold,GA,Catoosa County,Ringgold,1764.1666666666663,316425.0418360805,214200.0,1304799999,47750.0,1231.0,1284.0,1426.0,1796.0,1942.0,0.005575306734353117,0.008236072206660441,0.006137314508141949,0.009066293183940243
30953,1378,Clovis,NM,Curry County,Clovis,1252.6438492063492,159712.12261882774,160800.0,3500999999,36750.0,667.0,805.0,973.0,1246.0,1634.0,0.007843135691057936,0.007790073689094211,0.010230907793391102,0.010161691542288557
4650,1379,Fair Oaks,CA,Sacramento County,Fair Oaks,2207.3947163947164,618794.4611173595,498900.0,0606799999,64300.0,1679.0,1777.0,2206.0,2992.0,3455.0,0.0035672502827656465,0.00442452338423475,0.005583437178415097,0.006925235518139908
19967,1380,Pittsfield,MA,Berkshire County,Pittsfield,1606.9444444444443,311026.19655085524,283800.0,2500300555,61400.0,1077.0,1234.0,1571.0,2016.0,2166.0,0.005166588738391675,0.005662242580847232,0.006964043620826781,0.0076321353065539116
10625,1381,Burleson,TX,Johnson County,Burleson,2009.888888888889,341836.1658062984,254600.0,4800199999,39700.0,846.0,851.0,1033.0,1245.0,1563.0,0.005879684743561609,0.007894300427686131,0.004572365818325012,0.006139041633935585
36428,1382,Tolleson,AZ,Maricopa County,Tolleson,2096.0539682539684,397668.7168661945,414700.0,0401399999,56100.0,1530.0,1679.0,1950.0,2624.0,2934.0,0.005270854556455437,0.00505438622680002,0.007378000520436253,0.007074993971545695
46907,1383,Orangeburg,SC,Orangeburg County,Orangeburg,1281.6666666666667,161140.2402999774,109700.0,4507599999,34000.0,787.0,792.0,949.0,1143.0,1258.0,0.007953734363810841,0.011683378912184747,0.007806864366455686,0.011467639015496809
42608,1384,Raeford,NC,Hoke County,Raeford,1756.8472222222224,283475.0838682645,196000.0,3700999999,38200.0,713.0,717.0,930.0,1228.0,1233.0,0.006197536652070126,0.008963506235827666,0.004349588624067557,0.006290816326530612
48310,1385,Walla Walla,WA,Walla Walla County,Walla Walla,1554.7698412698412,418282.862497187,375600.0,5307199999,48950.0,1020.0,1133.0,1487.0,2049.0,2497.0,0.0037170297439099533,0.004139429822337171,0.005969644524981687,0.0066480298189563365
22021,1386,Fairport,NY,Monroe County,Fairport,1679.4166666666667,396061.6069275541,197100.0,3600799999,47250.0,869.0,939.0,1188.0,1533.0,1752.0,0.004240291503371743,0.00852063250465077,0.004423554238420459,0.008888888888888889
37995,1387,Concord,NH,Merrimack County,Concord,2057.777777777778,451513.2784761774,330600.0,3301300660,61950.0,1120.0,1230.0,1614.0,2132.0,2140.0,0.004557513313279776,0.006224373193520199,0.00473961697698534,0.00647307924984876
48531,1388,Windsor Mill,MD,Baltimore County,Windsor Mill,1547.402777777778,324077.54581723805,330000.0,2451099999,65150.0,1407.0,1604.0,1965.0,2529.0,2826.0,0.00477479170571857,0.004689099326599328,0.008720135154299487,0.008563636363636364
26336,1389,Oswego,IL,Kendall County,Oswego,2376.3888888888887,416323.8004124414,298900.0,1704599999,43300.0,597.0,743.0,870.0,1187.0,1325.0,0.005708030351698992,0.007950447938738336,0.0031826189102985617,0.004432920709267313
25096,1390,Hephzibah,GA,Richmond County,Hephzibah,1508.4642857142856,214898.72830956965,163300.0,1303799999,38100.0,685.0,690.0,905.0,1195.0,1270.0,0.007019419321743432,0.0092373808065786,0.005909760425247922,0.007777097366809553
26200,1392,North Tonawanda,NY,Niagara County,North Tonawanda,1283.3333333333333,276028.1639921786,177400.0,3606399999,50500.0,968.0,1001.0,1176.0,1438.0,1625.0,0.004649284025124686,0.00723412251033446,0.005887080421424116,0.00916009019165727
5751,1393,Madison,MS,Madison County,Madison,2299.5634920634925,409310.8608684132,286300.0,2800199999,34550.0,807.0,843.0,933.0,1232.0,1237.0,0.005618134557154507,0.008032006608674442,0.0030221528873568674,0.004320642682500873
16087,1393,Xenia,OH,Greene County,Xenia,1388.0555555555557,248018.82637484907,238000.0,3905799999,46900.0,780.0,845.0,1077.0,1390.0,1537.0,0.005596573356321287,0.005832166199813259,0.006197110205162486,0.006457983193277311
47021,1395,Paso Robles,CA,San Luis Obispo County,Paso Robles,3235.015873015873,769984.1700819155,777200.0,0607999999,69500.0,1669.0,1855.0,2434.0,3250.0,3683.0,0.0042014056895113994,0.004162398189675596,0.004783215218058549,0.004738805970149254
36718,1396,Linden,NJ,Union County,Linden,2447.753968253968,551805.5339771995,488800.0,3400599999,59700.0,1372.0,1512.0,1802.0,2171.0,2468.0,0.004435899637706622,0.00500767996778635,0.004472590157281709,0.0050490998363338785
13650,1397,Saint Charles,IL,Kane County,Saint Charles,1895.6918414918407,459379.9940181977,303000.0,1700799999,43300.0,810.0,900.0,1181.0,1561.0,1603.0,0.004126631255554297,0.006256408717794854,0.003489485874163905,0.0052904290429042905
17654,1398,Cumberland,MD,Allegany County,Cumberland,1134.4444444444443,152409.8981120376,149200.0,2400199999,46400.0,655.0,747.0,933.0,1226.0,1388.0,0.0074433777497213876,0.0076035150431933264,0.00910702006361602,0.0093029490616622
21386,1400,Wooster,OH,Wayne County,Wooster,1447.1333333333332,263460.8828116341,204600.0,3904799999,42600.0,670.0,751.0,892.0,1147.0,1284.0,0.005492782525776269,0.0070729879439556855,0.004873588770739897,0.006275659824046921
37601,1401,Brookfield,WI,Waukesha County,Brookfield,2124.479365079365,510228.9379443053,373600.0,5500399999,46400.0,660.0,733.0,933.0,1307.0,1567.0,0.0041637767031380436,0.005686507936507936,0.003071170377582637,0.004194325481798715
26188,1403,North Lauderdale,FL,Broward County,North Lauderdale,2231.615364167996,353857.3753678177,380400.0,1200399999,45750.0,901.0,952.0,1129.0,1523.0,1896.0,0.006306539073400235,0.005866496751230274,0.005358090948448366,0.00498422712933754
26329,1404,Oro Valley,AZ,Pima County,Oro Valley,1946.724786565344,512282.9650992896,286900.0,0400799999,38200.0,966.0,1078.0,1409.0,1925.0,2004.0,0.0038000966637413637,0.006785377436616744,0.003911900524764841,0.006985012199372604
9255,1406,San Pablo,CA,Contra Costa County,San Pablo,2625.972222222222,568659.4474008243,830800.0,0601399999,79900.0,1937.0,2201.0,2682.0,3432.0,4077.0,0.0046178292372082656,0.003160775423955491,0.007169493127450485,0.004907318247472316
23848,1407,Brooksville,FL,Hernando County,Brooksville,1613.6761904761904,315249.49569829524,240700.0,1205199999,35600.0,839.0,843.0,965.0,1277.0,1571.0,0.005118727269973288,0.006704097176884879,0.004983354522170281,0.006526796842542584
397310,1409,Cutler Bay,FL,Miami-Dade County,Cutler Bay,2884.1558572146805,570138.9486387739,425400.0,1208699999,61950.0,1711.0,1898.0,2329.0,3008.0,3527.0,0.005058689402119783,0.0067798680235417975,0.006186211288354939,0.008291020216267042
43575,1410,Woonsocket,RI,Providence County,Woonsocket,1618.611111111111,389586.7860547809,339100.0,4400711800,57150.0,1233.0,1319.0,1614.0,1945.0,2359.0,0.0041546868863347785,0.00477325600445624,0.0060551335015461595,0.006956649955765261
25206,1411,Hudson,FL,Pasco County,Hudson,1988.190476190476,294840.69233276084,265800.0,1206399999,35600.0,640.0,711.0,933.0,1199.0,1237.0,0.006743270274058981,0.007480024364900211,0.004195486010472077,0.004653875094055681
23942,1412,Cape Girardeau,MO,Cape Girardeau County,Cape Girardeau,1048.361823361823,221514.2245667253,208300.0,2903199999,45250.0,747.0,794.0,985.0,1380.0,1654.0,0.004732706558291618,0.005032942022860408,0.007466789111332109,0.007940470475276044
39405,1414,Leominster,MA,Worcester County,Leominster,1846.388888888889,467786.7411063875,390700.0,2502701885,62350.0,1139.0,1332.0,1661.0,2165.0,2475.0,0.003947074011806952,0.0047258481927025565,0.005290872490627342,0.006334783721525467
5398,1415,Kent,OH,Portage County,Kent,1652.2148148148146,246166.94717313317,210500.0,3913399999,50150.0,799.0,880.0,1131.0,1398.0,1504.0,0.006711765465624373,0.007849001495557313,0.006109674825443615,0.007144893111638955
18320,1416,Gonzales,LA,Ascension Parish,Gonzales,1663.4380952380952,287517.15069892345,,2200599999,45850.0,1063.0,1081.0,1222.0,1528.0,2023.0,0.005785526502312836,,0.007036102003245035,
8201,1417,Avon,IN,Hendricks County,Avon,1834.5378787878788,352953.2549727531,281500.0,1806399999,55350.0,955.0,1097.0,1283.0,1669.0,2028.0,0.005197679446048739,0.00651700845040099,0.0057458033646879255,0.007204262877442274
25566,1418,Levittown,NY,Nassau County,Levittown,3500.0,711027.2052021297,658700.0,3605999999,82450.0,1848.0,2241.0,2586.0,3352.0,3591.0,0.004922455813775825,0.005313496280552604,0.005050439664933997,0.005451647183846971
10301,1419,Bear,DE,New Castle County,Bear,2328.164021164021,418671.87482630345,329800.0,1000399999,59700.0,1372.0,1512.0,1802.0,2171.0,2468.0,0.0055608321483976405,0.007059320864657432,0.005894831127655546,0.007483323226197695
33949,1419,Sewell,NJ,Gloucester County,Sewell,2574.305555555555,434745.0556312071,283500.0,3401599999,59700.0,1372.0,1512.0,1802.0,2171.0,2468.0,0.005921414222452551,0.009080442876739172,0.00567689032464488,0.008705467372134039
28510,1421,Hillsborough Township,NJ,Somerset County,Hillsborough Township,2755.555555555555,685657.4168635373,523900.0,3402199999,63450.0,1391.0,1605.0,2028.0,2443.0,2747.0,0.004018851816932914,0.0052596975673898745,0.004006373930243244,0.005243367054781447
32923,1422,Monrovia,CA,Los Angeles County,Monrovia,2814.2947940947943,978830.8805812672,783300.0,0603799999,75750.0,1856.0,2081.0,2625.0,3335.0,3698.0,0.002875159386495406,0.0035928696464889495,0.0037779764342988306,0.004721051959657858
46780,1423,North Brunswick,NJ,Middlesex County,North Brunswick,2734.325396825397,542279.1399946362,439300.0,3401399999,67650.0,1551.0,1768.0,2140.0,2695.0,3065.0,0.005042283936742326,0.006224278162589112,0.005652070629215641,0.006977008877760073
12798,1424,Monroe,GA,Walton County,Monroe,1927.302380952381,374633.2027545615,300500.0,1300399999,38100.0,728.0,733.0,905.0,1155.0,1300.0,0.005144504989898188,0.006413651850091118,0.0034700608233373446,0.004326123128119801
27398,1425,The Colony,TX,Denton County,The Colony,1975.3459116784545,416886.2192713351,403400.0,4800199999,39700.0,846.0,851.0,1033.0,1245.0,1563.0,0.0047383334357540335,0.004896742468216298,0.0037492244352234244,0.0038745661874070403
44750,1426,Coppell,TX,Dallas County,Coppell,2186.413647342996,624601.7937385648,277900.0,4805999999,43650.0,944.0,950.0,1207.0,1571.0,1899.0,0.003500492104347282,0.007867627374390054,0.003040337090025795,0.006833393306944944
16567,1427,Fitchburg,MA,Worcester County,Fitchburg,1672.7698412698412,402828.46301712905,390700.0,2502701885,62350.0,1139.0,1332.0,1661.0,2165.0,2475.0,0.00415256118880237,0.004281468751650476,0.006144054423221723,0.006334783721525467
46904,1428,Opelika,AL,Lee County,Opelika,1593.25,300050.1296319896,238700.0,0101399999,36100.0,600.0,684.0,809.0,975.0,1089.0,0.005309946047862454,0.006674696271470465,0.0036293935327928527,0.00456221198156682
13631,1429,Russellville,AR,Pope County,Russellville,1083.3333333333333,211740.14306793976,161700.0,0500999999,37500.0,581.0,646.0,848.0,1188.0,1314.0,0.005116334189807979,0.006699649556792414,0.006205719808068633,0.008126159554730982
17272,1430,Campbell,CA,Santa Clara County,Campbell,3293.7863980463976,1853771.233962471,1382800.0,0608399999,88250.0,2381.0,2688.0,3028.0,4011.0,4468.0,0.001776803058382704,0.0023819687576268423,0.002410221886143721,0.0032311252531096327
32703,1431,Marion,IA,Linn County,Marion,1212.2619047619048,271245.72424894007,204400.0,1904599999,46550.0,673.0,723.0,948.0,1158.0,1390.0,0.004469238761711621,0.005930831236604231,0.005124504741406745,0.006800391389432486
19100,1432,Los Gatos,CA,Santa Clara County,Los Gatos,4204.919047619048,2467606.225087241,1382800.0,0608399999,88250.0,2381.0,2688.0,3028.0,4011.0,4468.0,0.001704047835861812,0.003040872901084067,0.0018106616665882484,0.0032311252531096327
4976,1433,Greeneville,TN,Greene County,Greeneville,1325.0,247639.198470875,186400.0,4705799999,37450.0,681.0,685.0,899.0,1187.0,1192.0,0.005350526120992247,0.007108369098712446,0.0048134544424322705,0.006394849785407725
13691,1434,San Bruno,CA,San Mateo County,San Bruno,3214.7427572427573,1282888.4509713145,1494500.0,0600599999,54950.0,1253.0,1260.0,1493.0,2084.0,2507.0,0.0025058630427367058,0.0021510490178941167,0.0019541839339982155,0.0016774841083974574
53780,1435,Pahrump,NV,Nye County,Pahrump,1393.4166666666667,371510.66796487896,266000.0,3200799999,55150.0,988.0,1098.0,1441.0,1821.0,2420.0,0.0037506774012701955,0.005238408521303258,0.006513944843782458,0.009097744360902256
395772,1436,Milton,GA,Fulton County,Milton,2121.065774804905,928856.7144249156,431200.0,1304999999,38100.0,717.0,721.0,905.0,1107.0,1300.0,0.0022835231116546573,0.004918983707803582,0.0013995700088197897,0.0030148423005565863
33178,1437,Northbrook,IL,Cook County,Northbrook,3033.0,674528.5869064541,305200.0,1700799999,43300.0,810.0,900.0,1181.0,1561.0,1603.0,0.004496473624505742,0.009937745740498034,0.002376474520304222,0.005252293577981651
11325,1438,Enfield,CT,Hartford County,Enfield,1801.8333333333333,329356.6784478784,,,,,,,,,0.005470766045566853,,,
33821,1439,Salem,MA,Essex County,Salem,2713.147769252628,615645.5687302254,584000.0,2501700380,82700.0,2263.0,2394.0,2837.0,3418.0,3761.0,0.004406996341821351,0.004645800974747651,0.006109034468902451,0.0064400684931506845
52353,1440,Grovetown,GA,Columbia County,Grovetown,1914.821067821068,301509.5267323728,287400.0,1306199999,38100.0,710.0,715.0,905.0,1137.0,1300.0,0.00635078131219618,0.006662564606197175,0.004311638222807837,0.004523312456506611
39748,1442,Menlo Park,CA,San Mateo County,Menlo Park,4420.097481021395,2707768.634592897,1494500.0,0600599999,54950.0,1253.0,1260.0,1493.0,2084.0,2507.0,0.0016323763502364154,0.0029575760997132116,0.0009258545829846789,0.0016774841083974574
399250,1444,Beloit,WI,Rock County,Beloit,1160.3333333333333,199056.09435158828,215900.0,5500999999,53500.0,841.0,918.0,1147.0,1521.0,1554.0,0.005829177635143703,0.0053744017291956145,0.007806844623682834,0.007197776748494674
11340,1446,Essex,MD,Baltimore County,Essex,1908.25,293677.97677141085,330000.0,2451099999,65150.0,1407.0,1604.0,1965.0,2529.0,2826.0,0.0064977633698604445,0.005782575757575757,0.009622784898847435,0.008563636363636364
37757,1447,Carol Stream,IL,DuPage County,Carol Stream,1811.408169934641,379726.1329684593,374100.0,1704399999,59950.0,1458.0,1560.0,1761.0,2262.0,2657.0,0.004770301574385189,0.004842042688945846,0.006997148126807209,0.007102379043036621
24315,1450,Danville,IL,Vermilion County,Danville,821.2433862433863,73955.80140871734,92900.0,1706599999,43300.0,597.0,705.0,870.0,1177.0,1239.0,0.011104516083934757,0.008840079507463792,0.01675324959502036,0.013336921420882669
19911,1450,Perrysburg,OH,Wood County,Perrysburg,1666.9575757575758,335253.5753043108,214400.0,3903399999,42600.0,658.0,729.0,884.0,1168.0,1172.0,0.004972229078375891,0.007774988692899141,0.0034958613012140783,0.005466417910447761
40059,1452,North Miami Beach,FL,Miami-Dade County,North Miami Beach,2408.1559139784945,450537.1420901418,425400.0,1208699999,61950.0,1711.0,1898.0,2329.0,3008.0,3527.0,0.005345077439801133,0.005660921283447331,0.007828433375409326,0.008291020216267042
44170,1453,Billerica,MA,Middlesex County,Billerica,2944.7128427128428,700388.3519889163,687200.0,2501700380,82700.0,2263.0,2394.0,2837.0,3418.0,3761.0,0.004204400079399726,0.004285088537125789,0.005369877996000022,0.005472933643771828
24162,1454,Collegeville,PA,Montgomery County,Collegeville,2608.6011904761904,571645.5636851391,409900.0,4208999999,52200.0,1158.0,1183.0,1552.0,2043.0,2379.0,0.0045633192246953246,0.006363994121678923,0.00416166966234054,0.005803854598682606
30651,1455,Bullhead City,AZ,Mohave County,Bullhead City,1523.7912087912089,301646.0636278184,253200.0,0401599999,38550.0,1051.0,1051.0,1357.0,1883.0,2092.0,0.005051586586163168,0.006018132736142215,0.006935280291213028,0.008262243285939969
4375,1457,District Heights,MD,Prince Georges County,District Heights,1641.7744107744109,353368.33137771767,404300.0,2403399999,81950.0,2012.0,2056.0,2314.0,2893.0,3413.0,0.0046460711529339276,0.004060782613837277,0.009658477279764559,0.008441751174870145
16899,1459,Bartlesville,OK,Osage County,Bartlesville,1352.0333333333335,183008.2043656637,172300.0,4002999999,37100.0,678.0,694.0,910.0,1217.0,1467.0,0.007387829075858657,0.007846972335074484,0.008016034062980189,0.008514219384793964
5958,1460,Milledgeville,GA,Baldwin County,Milledgeville,1306.111111111111,240851.55562793117,164700.0,1300199999,38100.0,710.0,715.0,905.0,1246.0,1520.0,0.005422888416501652,0.007930243540443905,0.006310941177179293,0.00922890103217972
19728,1461,Oakley,CA,Contra Costa County,Oakley,3295.694444444445,673496.9179924952,830800.0,0601399999,79900.0,1937.0,2201.0,2682.0,3432.0,4077.0,0.004893406868539179,0.003966892687102124,0.006053479817179253,0.004907318247472316
11561,1462,Gaffney,SC,Cherokee County,Gaffney,1176.111111111111,182430.0531479968,135200.0,4501599999,55450.0,1583.0,1644.0,1820.0,2255.0,2653.0,0.006446915356413278,0.00869904667981591,0.014542560034490302,0.019622781065088756
18375,1463,Great Neck,NY,Nassau County,Great Neck,5348.194444444445,1425350.371165328,658700.0,3605999999,82450.0,1848.0,2241.0,2586.0,3352.0,3591.0,0.003752196338975873,0.008119317510922187,0.0025193805485623126,0.005451647183846971
52321,1464,Greenacres,FL,Palm Beach County,Greenacres,2122.386111111111,284586.46725153475,407300.0,1200199999,52000.0,1176.0,1308.0,1583.0,2016.0,2099.0,0.007457790005296413,0.00521086695583381,0.007375614238693848,0.005153449545789344
398269,1465,Fenton,MI,Livingston County,Fenton,1615.8333333333333,362817.6368366772,331100.0,2603799999,50400.0,870.0,905.0,1127.0,1465.0,1494.0,0.004453568871186663,0.004880197322057787,0.004117771156401986,0.004512231954092419
6008,1466,Moncks Corner,SC,Berkeley County,Moncks Corner,2339.391774891775,361667.6298297389,280300.0,4501599999,55450.0,1583.0,1644.0,1820.0,2255.0,2653.0,0.0064683471285309204,0.008346028451272833,0.007335464335718805,0.009464859079557617
23858,1468,Brownsburg,IN,Hendricks County,Brownsburg,2092.968253968254,359123.5174704613,281500.0,1806399999,55350.0,955.0,1097.0,1283.0,1669.0,2028.0,0.005827989959305311,0.007435055964363247,0.0056470821356521365,0.007204262877442274
39210,1469,Keller,TX,Tarrant County,Keller,1937.7058823529408,650850.569821231,294100.0,4800799999,39700.0,969.0,976.0,1280.0,1670.0,1914.0,0.0029771901142917803,0.0065885953157189415,0.002940767187967152,0.006507990479428766
51410,1469,Cibolo,TX,Guadalupe County,Cibolo,2153.3425925925926,344507.75096555456,285900.0,4818799999,48300.0,1116.0,1231.0,1501.0,1907.0,2243.0,0.006250490987669806,0.007531803401862863,0.006510738854825548,0.007845400489681707
5382,1471,Kearny,NJ,Hudson County,Kearny,2213.277777777778,573546.7160444484,508600.0,3401799999,67000.0,1999.0,2029.0,2299.0,2822.0,3218.0,0.0038589320030319105,0.004351706208764801,0.005610702511198082,0.006327172630751081
19212,1472,Marlborough,MA,Middlesex County,Marlborough,2593.523657628921,584712.9663350643,687200.0,2501700380,82700.0,2263.0,2394.0,2837.0,3418.0,3761.0,0.004435550102274842,0.0037740449034181036,0.006432215833306482,0.005472933643771828
28017,1473,Woodinville,WA,King County,Woodinville,2562.069607843137,1390548.8339803675,811200.0,5302199999,52800.0,1101.0,1236.0,1503.0,2003.0,2318.0,0.001842488048772338,0.0031583698321537685,0.0016669677060997966,0.0028574950690335305
26716,1475,Redmond,OR,Deschutes County,Redmond,2303.1111111111118,517986.9681298421,596000.0,4101799999,57150.0,1285.0,1318.0,1667.0,2336.0,2799.0,0.0044462723057036415,0.003864280387770322,0.005403610847789483,0.004696308724832215
25112,1476,Hicksville,NY,Nassau County,Hicksville,3963.8333333333335,764547.1901402236,658700.0,3605999999,82450.0,1848.0,2241.0,2586.0,3352.0,3591.0,0.005184550259881718,0.006017661049542027,0.004696897779902094,0.005451647183846971
21014,1477,Urbandale,IA,Polk County,Urbandale,1269.9356060606062,356117.32415986643,248400.0,1911199999,46000.0,632.0,702.0,921.0,1216.0,1221.0,0.0035660596098675418,0.00511246218220856,0.003428645328840769,0.004915458937198068
53154,1478,Maplewood,MN,Ramsey County,Maplewood,1586.8333333333333,346511.3903824815,304900.0,2710199999,50450.0,640.0,782.0,933.0,1307.0,1567.0,0.0045794550406605,0.0052044386137531425,0.0045222178649606155,0.005139389963922597
44042,1479,Bartlett,IL,DuPage County,Bartlett,2571.6666666666665,436103.2494599701,374100.0,1704399999,59950.0,1458.0,1560.0,1761.0,2262.0,2657.0,0.005896921588754911,0.006874276040274436,0.006092593905893118,0.007102379043036621
51302,1480,Casselberry,FL,Seminole County,Casselberry,2194.404761904762,352476.88698595046,357300.0,1208799999,65150.0,1565.0,1903.0,2274.0,3026.0,3344.0,0.0062256699458203895,0.006141631015686431,0.009487146883855933,0.009359082003918277
52133,1481,Friendswood,TX,Galveston County,Friendswood,2240.089285714286,458417.09398425656,284900.0,4800199999,39700.0,846.0,851.0,1033.0,1245.0,1563.0,0.004886574508478555,0.007862721255578398,0.0034095587195831713,0.0054861354861354865
47956,1482,Teaneck,NJ,Bergen County,Teaneck,3015.1666666666665,700522.5888593813,593200.0,3400399999,68550.0,1556.0,1807.0,2072.0,2550.0,3225.0,0.00430416765228953,0.005082883794111036,0.004603705935094932,0.005436614969656102
7045,1483,Shelton,CT,Fairfield County,Shelton,2671.766666666667,549692.9209904508,,,,,,,,,0.004860471300690228,,,
5586,1484,Lebanon,OH,Warren County,Lebanon,2058.6444444444446,401244.4655684971,319700.0,3900399999,46250.0,788.0,793.0,1040.0,1262.0,1431.0,0.005130648821604768,0.0064393007333263825,0.0035664043315152263,0.004476071316859556
32081,1485,Hopkinsville,KY,Christian County,Hopkinsville,1149.1666666666663,196292.3625880708,149200.0,2104799999,43850.0,916.0,976.0,1229.0,1722.0,2064.0,0.005854362602371083,0.007702189454870417,0.010514927696557434,0.013833780160857909
27376,1486,Taylors,SC,Greenville County,Taylors,1342.0787878787878,309554.3170939347,273900.0,4500199999,36200.0,705.0,711.0,933.0,1232.0,1269.0,0.00433551953168701,0.004899886045559649,0.00409944210086697,0.004633077765607886
39357,1487,Lanham Seabrook,MD,Prince Georges County,Lanham Seabrook,2155.8761904761905,455511.7387219344,404300.0,2403399999,81950.0,2012.0,2056.0,2314.0,2893.0,3413.0,0.00473286637250031,0.00533236752529357,0.007492671889370242,0.008441751174870145
57317,1488,Winchester,CA,Riverside County,Winchester,3215.333333333333,680800.0003078546,510300.0,0606599999,55950.0,1776.0,1852.0,2306.0,3079.0,3745.0,0.004722875046826343,0.006300868770004572,0.005500881313611234,0.007338820301783264
39839,1489,Montclair,NJ,Essex County,Montclair,2942.088112437957,1131597.68399482,494400.0,3401399999,67650.0,1551.0,1768.0,2140.0,2695.0,3065.0,0.002599941793846429,0.0059508254701414985,0.0027085598029679514,0.006199433656957929
5033,1491,Hallandale,FL,Broward County,Hallandale,2564.7227891156463,284685.4080887807,380400.0,1200399999,45750.0,901.0,952.0,1129.0,1523.0,1896.0,0.009008971714896688,0.00674217347296437,0.0066599830765078135,0.00498422712933754
25879,1492,Middle River,MD,Baltimore County,Middle River,1758.7684523809523,336466.4015252867,330000.0,2451099999,65150.0,1407.0,1604.0,1965.0,2529.0,2826.0,0.005227174078624234,0.005329601370851371,0.00839905555856107,0.008563636363636364
56207,1493,Marana,AZ,Pima County,Marana,2340.833333333333,440581.2320364138,286900.0,0400799999,38200.0,966.0,1078.0,1409.0,1925.0,2004.0,0.0053130573050371435,0.00815905658185198,0.0045485369195989046,0.006985012199372604
55142,1494,Westfield,MA,Hampden County,Westfield,1780.8611111111113,380436.4250072422,276300.0,2501300840,59800.0,1044.0,1205.0,1496.0,1823.0,2037.0,0.004681100425852256,0.0064453894719909924,0.005354376884288151,0.007372421281216069
20860,1495,Tupelo,MS,Lee County,Tupelo,1288.5555555555557,203405.40127730812,187800.0,2802399999,34550.0,833.0,870.0,963.0,1160.0,1277.0,0.00633491317076105,0.006861318187196782,0.006278102705144153,0.006799787007454739
38695,1496,Gillette,WY,Campbell County,Gillette,1247.6666666666667,357313.132454772,266400.0,5600599999,56400.0,791.0,876.0,979.0,1290.0,1644.0,0.0034918018772360513,0.004683433433433434,0.004601006374172643,0.0061711711711711715
56162,1497,Painesville,OH,Lake County,Painesville,1677.9777777777774,222961.47687395333,199900.0,3900399999,46250.0,788.0,793.0,1040.0,1262.0,1431.0,0.007525864114751929,0.008394085931854815,0.006418149090432273,0.007158579289644822
37063,1498,Aiea,HI,Honolulu County,Aiea,2741.7559523809523,823983.2224201163,873000.0,1500399999,76000.0,1887.0,2052.0,2687.0,3765.0,4512.0,0.0033274414791215736,0.0031406139202530955,0.005475839649681011,0.005168384879725086
39089,1500,Hyattsville,MD,Prince Georges County,Hyattsville,2073.910085470085,421221.2764843661,404300.0,2403399999,81950.0,2012.0,2056.0,2314.0,2893.0,3413.0,0.004923564409612769,0.005129631673188437,0.008102629640377806,0.008441751174870145
21355,1502,Woburn,MA,Middlesex County,Woburn,2848.6570347437223,758651.094748567,687200.0,2501700380,82700.0,2263.0,2394.0,2837.0,3418.0,3761.0,0.003754897415244392,0.004145310003992611,0.0049574831250279484,0.005472933643771828
17163,1503,Brighton,CO,Adams County,Brighton,2090.6828102453105,508373.651141196,458400.0,0800199999,70050.0,1639.0,1789.0,2140.0,2794.0,3127.0,0.00411249246602799,0.004560826374880695,0.006150987552129261,0.006821553228621291
396136,1506,Lutherville Timonium,MD,Baltimore County,Lutherville Timonium,2090.8611111111118,509276.9849096637,330000.0,2451099999,65150.0,1407.0,1604.0,1965.0,2529.0,2826.0,0.004105548008382888,0.006335942760942763,0.00554904321957781,0.008563636363636364
51617,1507,Culver City,CA,Los Angeles County,Culver City,3466.267543859649,1276254.6070189134,783300.0,0603799999,75750.0,1856.0,2081.0,2625.0,3335.0,3698.0,0.002715968682735012,0.0044252107032550095,0.002897540960606458,0.004721051959657858
12186,1508,Kerrville,TX,Kerr County,Kerrville,1812.9444444444443,354680.54832329304,285100.0,4802599999,40400.0,844.0,849.0,1114.0,1421.0,1513.0,0.005111485400073129,0.006358977356872832,0.004265810479747238,0.00530690985619081
23912,1509,Calhoun,GA,Gordon County,Calhoun,1790.8333333333333,274594.2964340463,205600.0,1308599999,57100.0,1591.0,1653.0,1830.0,2205.0,2653.0,0.006521742645748894,0.008710278858625162,0.009661526238718557,0.012903696498054475
25347,1511,Kailua Kona,HI,Hawaii County,Kailua Kona,3412.583333333333,900019.6051159132,486400.0,1500199999,60450.0,1575.0,1612.0,2075.0,2703.0,3023.0,0.0037916766634142683,0.007016001918859648,0.0033588157222538156,0.006215049342105263
47876,1512,Streamwood,IL,Cook County,Streamwood,2433.972222222222,327130.92853967706,305200.0,1700799999,43300.0,810.0,900.0,1181.0,1561.0,1603.0,0.007440361059981556,0.007975007281199941,0.004900178675112877,0.005252293577981651
15592,1513,Manalapan Township,NJ,Monmouth County,Manalapan Township,2377.083333333333,780763.3402190957,566500.0,3402599999,68400.0,1474.0,1654.0,2040.0,2717.0,3023.0,0.0030445631997351235,0.004196087084436599,0.0038718518714668314,0.005336275375110326
31298,1514,Eagle Mountain,UT,Utah County,Eagle Mountain,2260.3511904761904,515180.2704885845,489200.0,4900599999,51700.0,914.0,920.0,1169.0,1638.0,1963.0,0.004387495639793287,0.004620505295331542,0.003810316722995503,0.0040126737530662305
47502,1516,Sahuarita,AZ,Pima County,Sahuarita,1968.6342592592591,361515.2983022318,286900.0,0400799999,38200.0,966.0,1078.0,1409.0,1925.0,2004.0,0.005445507475076348,0.006861743671172043,0.005543333876633426,0.006985012199372604
53642,1518,Nottingham,MD,Baltimore County,Nottingham,1918.1598039215685,342159.44512011105,330000.0,2451099999,65150.0,1407.0,1604.0,1965.0,2529.0,2826.0,0.005606040783846317,0.0058126054664289955,0.008259307291686675,0.008563636363636364
11594,1520,Germantown,TN,Shelby County,Germantown,2468.693121693122,487784.0052784972,229700.0,4704199999,37450.0,710.0,714.0,937.0,1129.0,1573.0,0.005061037457108987,0.010747466790131137,0.003224787986030632,0.006848062690465825
33074,1521,New Hyde Park,NY,Nassau County,New Hyde Park,4116.111111111111,953921.2668827143,658700.0,3605999999,82450.0,1848.0,2241.0,2586.0,3352.0,3591.0,0.004314937987033254,0.006248840308351467,0.0037644616224302265,0.005451647183846971
11177,1522,Dunnellon,FL,Marion County,Dunnellon,1809.1666666666667,277719.291238182,220800.0,1204799999,35600.0,806.0,811.0,933.0,1242.0,1247.0,0.006514371610991405,0.00819368961352657,0.004490145407041703,0.005647644927536232
25165,1524,Holly Springs,NC,Wake County,Holly Springs,2100.901851851852,590493.4743589425,422800.0,3700999999,38200.0,713.0,717.0,930.0,1228.0,1233.0,0.0035578747997726044,0.004969020463225762,0.0020880840407907675,0.0029162724692526018
31277,1525,Duncanville,TX,Dallas County,Duncanville,1665.0333333333335,278692.1156988393,277900.0,4805999999,43650.0,944.0,950.0,1207.0,1571.0,1899.0,0.0059744543872658545,0.005991483747151254,0.006813971020450755,0.006833393306944944
39084,1526,Hurst,TX,Tarrant County,Hurst,1586.824074074074,335508.27699766884,294100.0,4800799999,39700.0,969.0,976.0,1280.0,1670.0,1914.0,0.004729612301293835,0.005395525583386854,0.0057047772923149035,0.006507990479428766
19223,1527,Martinez,GA,Columbia County,Martinez,1722.5935545935545,278147.6830648492,287400.0,1306199999,38100.0,710.0,715.0,905.0,1137.0,1300.0,0.0061930897126759015,0.0059937145253777125,0.00467377612380438,0.004523312456506611
33189,1528,Norwich,CT,New London County,Norwich,1752.5833333333333,291905.3233475523,,,,,,,,,0.006003944406476783,,,
55315,1529,Copperas Cove,TX,Coryell County,Copperas Cove,1275.7922222222223,223657.77436096672,177400.0,4802799999,41100.0,924.0,930.0,1172.0,1631.0,1968.0,0.005704215853293748,0.007191613428535639,0.008799157577343128,0.011093573844419391
45470,1530,Golden,CO,Jefferson County,Golden,2268.665869424693,867757.3070156494,604400.0,0805999999,70050.0,1639.0,1789.0,2140.0,2794.0,3127.0,0.0026144013436510067,0.003753583503349922,0.0036035421133522147,0.005173726009265387
33330,1532,Park Ridge,IL,Cook County,Park Ridge,2685.595238095238,563993.7016283075,305200.0,1700799999,43300.0,810.0,900.0,1181.0,1561.0,1603.0,0.0047617468605440985,0.00879946015103289,0.002842230321671989,0.005252293577981651
16997,1533,Bessemer,AL,Jefferson County,Bessemer,1478.5,132111.6939278011,224900.0,0107399999,47950.0,998.0,1144.0,1267.0,1583.0,1791.0,0.011191287887111634,0.006574032903512672,0.013556710588986767,0.007963539350822588
43646,1534,Indian Trail,NC,Union County,Indian Trail,2129.7361111111118,427285.9281814411,374400.0,3700799999,38200.0,834.0,927.0,1216.0,1465.0,1728.0,0.004984334775955338,0.005688397732668568,0.004044130372733054,0.004615384615384616
12087,1534,Jacksonville,AR,Pulaski County,Jacksonville,1097.0165242165242,166419.722096289,199600.0,0501999999,36500.0,699.0,721.0,848.0,1181.0,1334.0,0.006591866098549305,0.005496074770623869,0.008015876863609706,0.0066833667334669335
51370,1538,Chelsea,MA,Suffolk County,Chelsea,2697.126898604269,526912.8121321952,680700.0,2502102935,65700.0,1607.0,1652.0,2155.0,2730.0,2953.0,0.005118734706203342,0.003962284264146128,0.005604342752742047,0.004338181283972381
11828,1539,Harvey,LA,Jefferson Parish,Harvey,1355.512862616311,217871.00196509613,,2205399999,40300.0,657.0,690.0,903.0,1265.0,1516.0,0.0062216304620174735,,0.006958245871760711,
40554,1540,Reynoldsburg,OH,Franklin County,Reynoldsburg,2049.438095238096,304581.26731921034,265700.0,3904999999,54500.0,1104.0,1194.0,1445.0,1741.0,1939.0,0.006728706966374998,0.007713353764539316,0.006366117053311324,0.00729770417764396
15805,1542,Lincoln Park,MI,Wayne County,Lincoln Park,1397.9761904761906,154723.1215348083,170200.0,2601799999,41850.0,764.0,769.0,976.0,1305.0,1406.0,0.009035341173372628,0.008213726148508758,0.0090872003230861,0.00826086956521739
6456,1543,Pekin,IL,Tazewell County,Pekin,985.0,136381.07763651013,164500.0,1717999999,48800.0,718.0,790.0,1003.0,1300.0,1364.0,0.007222409567882083,0.005987841945288754,0.010001387462529099,0.008291793313069909
43999,1544,Aventura,FL,Miami-Dade County,Aventura,3207.83615136876,438926.87909583485,425400.0,1208699999,61950.0,1711.0,1898.0,2329.0,3008.0,3527.0,0.007308361151125503,0.007540752589019182,0.008035506978441204,0.008291020216267042
14606,1545,Wheeling,WV,Ohio County,Wheeling,975.9722222222224,148650.65849947816,165300.0,5400599999,37650.0,590.0,712.0,852.0,1175.0,1431.0,0.0065655425416473925,0.0059042481683135055,0.00962659711329179,0.008656987295825772
6819,1547,Rohnert Park,CA,Sonoma County,Rohnert Park,2649.048133153396,716874.0011502985,779000.0,0601999999,46950.0,1210.0,1217.0,1505.0,2109.0,2415.0,0.0036952771740957607,0.0034005752672059,0.0033687928368512214,0.0031001283697047496
5317,1548,Jamestown,NY,Chautauqua County,Jamestown,1000.0,124135.78549544612,119300.0,3601399999,44250.0,687.0,725.0,933.0,1212.0,1237.0,0.008055694786228139,0.008382229673093043,0.009964894450564208,0.010368818105616094
11491,1549,Fort Lee,NJ,Bergen County,Fort Lee,3681.871794871795,579307.7836104612,593200.0,3400399999,68550.0,1556.0,1807.0,2072.0,2550.0,3225.0,0.006355640126091528,0.006206796687241731,0.005566988898199508,0.005436614969656102
4592,1550,Englewood,CO,Arapahoe County,Englewood,1929.9095431931253,518964.9070484568,526000.0,0800599999,70050.0,1639.0,1789.0,2140.0,2794.0,3127.0,0.0037187669474015627,0.003669029549796816,0.006025455589635902,0.005944866920152091
4140,1551,Clover,SC,York County,Clover,2276.5666666666666,417243.1617669277,322700.0,4505199999,43400.0,1133.0,1199.0,1406.0,1771.0,2065.0,0.005456210850828415,0.007054746410494784,0.004949152410923178,0.0063991323210412145
5785,1552,Manor,TX,Travis County,Manor,2030.6311858076565,334004.35679751093,487600.0,4804199999,44250.0,1034.0,1089.0,1206.0,1690.0,1863.0,0.006079654784379714,0.004164543038982068,0.005577771553229882,0.003820754716981132
13613,1553,Roy,UT,Weber County,Roy,1780.6666666666667,434319.0193121629,389200.0,4900199999,50150.0,692.0,821.0,972.0,1245.0,1381.0,0.0040999048797971905,0.004575196985268928,0.0031796903625982325,0.0035483042137718396
54606,1554,Sulphur,LA,Calcasieu Parish,Sulphur,1349.5,199983.05307476723,,2200199999,34600.0,619.0,688.0,903.0,1088.0,1197.0,0.006748071795340905,,0.005985507179713274,
50721,1554,Amherst,MA,Hampshire County,Amherst,1976.5,540117.4771007434,363400.0,2501300840,59800.0,1044.0,1205.0,1496.0,1823.0,2037.0,0.0036593890844071695,0.005438910291689599,0.0037714017530672424,0.005605393505778756
38350,1556,Elizabeth City,NC,Pasquotank County,Elizabeth City,1681.2077922077922,263848.698944392,223300.0,3700799999,38200.0,834.0,927.0,1216.0,1465.0,1728.0,0.00637186311296581,0.0075289198038862165,0.006549207962417084,0.007738468428123601
37219,1557,Auburn,NY,Cayuga County,Auburn,1325.0,214885.17176014607,164200.0,3601199999,44250.0,820.0,826.0,1066.0,1363.0,1588.0,0.006166083909591303,0.008069427527405602,0.007389993395042255,0.009671132764920829
35356,1558,Hazleton,PA,Luzerne County,Hazleton,1475.0,214747.67323843116,163800.0,4204999999,42200.0,781.0,861.0,1118.0,1392.0,1512.0,0.006868526106740767,0.009004884004884004,0.007040821337892908,0.009230769230769232
5051,1559,Hampton,GA,Henry County,Hampton,2261.962962962963,327380.27936040005,277400.0,1309599999,38100.0,926.0,952.0,1080.0,1461.0,1756.0,0.0069092828907780885,0.008154156319260862,0.005363792844916259,0.006330209084354723
54053,1560,Rancho Palos Verdes,CA,Los Angeles County,Rancho Palos Verdes,4782.298941798942,1827902.9500591,783300.0,0603799999,75750.0,1856.0,2081.0,2625.0,3335.0,3698.0,0.002616276176831117,0.006105322279840344,0.0020230833370450197,0.004721051959657858
19328,1561,Merrillville,IN,Lake County,Merrillville,1534.9065656565656,242728.46059987307,214700.0,1800399999,45000.0,943.0,991.0,1199.0,1512.0,1632.0,0.00632355415538514,0.007149075759928112,0.006723562601463034,0.00760130414531905
42802,1563,Pickerington,OH,Fairfield County,Pickerington,2091.7404761904763,430089.36325297854,272200.0,3904599999,54500.0,1104.0,1194.0,1445.0,1741.0,1939.0,0.004863501994956603,0.007684571918407334,0.0045083653902397965,0.007123438648052902
50797,1564,Atwater,CA,Merced County,Atwater,1727.111111111111,422193.1256847188,368400.0,0603999999,46950.0,1099.0,1106.0,1433.0,2008.0,2293.0,0.004090808225051173,0.004688140909639281,0.005431163750667849,0.006224212812160695
24658,1565,Fairborn,OH,Greene County,Fairborn,1555.8264957264955,200772.82696726685,238000.0,3905799999,46900.0,780.0,845.0,1077.0,1390.0,1537.0,0.007749188569129182,0.00653708611649788,0.007655418430954235,0.006457983193277311
43755,1566,Villa Rica,GA,Carroll County,Villa Rica,1946.001253132832,315201.3338531275,227500.0,1301399999,57100.0,1591.0,1653.0,1830.0,2205.0,2653.0,0.006173835717457969,0.008553851662122339,0.00841684255446775,0.011661538461538461
39916,1567,Mundelein,IL,Lake County,Mundelein,2402.470238095238,377323.962655457,326600.0,1702399999,45900.0,635.0,747.0,926.0,1181.0,1228.0,0.006367128716627487,0.0073560019537514945,0.0032544977831723727,0.0037599510104102877
51882,1567,Ellenwood,GA,Dekalb County,Ellenwood,2140.805555555556,288374.80634694634,331400.0,1308999999,57100.0,1591.0,1653.0,1830.0,2205.0,2653.0,0.007423691350415451,0.006459883993830888,0.009199832792633597,0.008005431502715751
41621,1569,West Babylon,NY,Suffolk County,West Babylon,2856.6666666666665,643386.846347296,539500.0,3610399999,82450.0,1848.0,2241.0,2586.0,3352.0,3591.0,0.00444004518103663,0.00529502625888168,0.005581401019289104,0.006656163113994439
54320,1570,Saratoga Springs,NY,Saratoga County,Saratoga Springs,2088.538003663004,630097.6291359927,324800.0,3609199999,58050.0,1074.0,1230.0,1487.0,1792.0,1971.0,0.0033146260310911897,0.006430227843790037,0.003128086678730548,0.006068349753694581
41298,1571,Tucker,GA,Dekalb County,Tucker,1793.673611111111,392964.46257330896,331400.0,1308999999,57100.0,1591.0,1653.0,1830.0,2205.0,2653.0,0.004564467736765114,0.005412412827734191,0.006751246620691745,0.008005431502715751
3820,1572,Bristol,TN,Sullivan County,Bristol,1274.1666666666667,237307.5676941008,190800.0,4716399999,38350.0,738.0,824.0,1043.0,1343.0,1538.0,0.005369262679010388,0.006678022361984627,0.006481040680432683,0.008060796645702306
29211,1573,Odenton,MD,Anne Arundel County,Odenton,2532.1365740740744,473607.04033481766,450300.0,2400399999,65150.0,1407.0,1604.0,1965.0,2529.0,2826.0,0.005346492679424643,0.00562322135037547,0.00596697210835834,0.006275816122584943
28079,1574,Bettendorf,IA,Scott County,Bettendorf,1482.7083333333333,323160.76806203794,212500.0,1914399999,46000.0,646.0,676.0,877.0,1158.0,1163.0,0.004588144601292365,0.006977450980392157,0.0035988279362448358,0.005472941176470588
46091,1576,La Vergne,TN,Rutherford County,La Vergne,2136.739898989899,352561.5232536194,346400.0,4700399999,39250.0,811.0,915.0,1013.0,1350.0,1352.0,0.006060615688493067,0.006168417722257214,0.0038347916911722173,0.003903002309468822
3319,1577,Addison,IL,DuPage County,Addison,2107.833333333333,376448.4730184788,374100.0,1704399999,59950.0,1458.0,1560.0,1761.0,2262.0,2657.0,0.005599261212117775,0.005634411476432326,0.0070580708661011765,0.007102379043036621
51117,1578,Braintree,MA,Norfolk County,Braintree,2980.8545454545456,730442.0019298494,649400.0,2502102935,65700.0,1607.0,1652.0,2155.0,2730.0,2953.0,0.004080891484305448,0.004590167147296806,0.004042757662070481,0.004547274407145057
397380,1579,Groton,CT,New London County,Groton,2084.6666666666665,425454.3235638192,,,,,,,,,0.0048998601053209445,,,
47443,1580,Romeoville,IL,Will County,Romeoville,2110.654761904762,315762.64421495993,298000.0,1710399999,46000.0,605.0,786.0,883.0,1237.0,1319.0,0.00668430797807705,0.00708273410035155,0.0041771882271864685,0.004426174496644296
15007,1582,Buffalo Grove,IL,Lake County,Buffalo Grove,2533.3714896214897,443690.8630731225,326600.0,1702399999,45900.0,635.0,747.0,926.0,1181.0,1228.0,0.005709767093409758,0.007756801866569166,0.002767692783877813,0.0037599510104102877
18225,1583,Gadsden,AL,Etowah County,Gadsden,1243.75,105835.41484400176,160600.0,0105599999,36300.0,646.0,810.0,942.0,1139.0,1255.0,0.011751737372912937,0.00774439601494396,0.011858034494878983,0.007814445828144459
11959,1585,Holyoke,MA,Hampden County,Holyoke,1541.6666666666663,321513.34140262444,276300.0,2501300840,59800.0,1044.0,1205.0,1496.0,1823.0,2037.0,0.004795031708298752,0.005579683918446132,0.006335662436629985,0.007372421281216069
396716,1586,Plymouth,MI,Wayne County,Plymouth,2386.583333333333,475824.8639001784,170200.0,2601799999,41850.0,764.0,769.0,976.0,1305.0,1406.0,0.005015675964831476,0.014022228750489618,0.002954868706261974,0.00826086956521739
54414,1587,Shrewsbury,MA,Worcester County,Shrewsbury,2291.30402930403,700784.2612749379,390700.0,2502701885,62350.0,1139.0,1332.0,1661.0,2165.0,2475.0,0.003269628266387514,0.005864612309454901,0.003531757399199047,0.006334783721525467
36557,1588,Westfield,IN,Hamilton County,Westfield,1878.896109839817,469045.8959744239,379100.0,1802399999,44550.0,675.0,778.0,985.0,1266.0,1307.0,0.004005783071476377,0.004956201819677703,0.002786507698323978,0.0034476391453442364
51616,1589,Cullman,AL,Cullman County,Cullman,1575.5555555555554,258274.8716608965,180500.0,0102799999,36100.0,565.0,630.0,772.0,1058.0,1133.0,0.006100305250075549,0.008728839642967065,0.004386799198520478,0.006277008310249308
40718,1590,Salem,VA,Roanoke County,Salem,1547.9166666666667,301450.8412582529,267300.0,5103399999,54100.0,901.0,906.0,1119.0,1568.0,1859.0,0.005134889191901663,0.005790934031674772,0.006166842965972667,0.006954732510288066
13579,1593,Ronkonkoma,NY,Suffolk County,Ronkonkoma,2911.0444444444443,625534.6460842742,539500.0,3610399999,82450.0,1848.0,2241.0,2586.0,3352.0,3591.0,0.004653690187533207,0.005395819174132427,0.00574068922077932,0.006656163113994439
25974,1594,Moorpark,CA,Ventura County,Moorpark,3336.126984126984,937341.2546188952,768400.0,0611199999,74850.0,1871.0,2147.0,2569.0,3505.0,4080.0,0.0035591381129206658,0.004341654065756096,0.004352737042027291,0.005309734513274336
24505,1595,East Point,GA,Fulton County,East Point,1794.6761904761904,248113.54248830792,431200.0,1304999999,38100.0,717.0,721.0,905.0,1107.0,1300.0,0.007233285908046565,0.004162050534499514,0.005239536653108168,0.0030148423005565863
53267,1596,Menomonee Falls,WI,Waukesha County,Menomonee Falls,1295.0,426816.2319248232,373600.0,5500399999,46400.0,660.0,733.0,933.0,1307.0,1567.0,0.003034092668312796,0.0034662740899357603,0.0036713692750935533,0.004194325481798715
24872,1598,Glen Ellyn,IL,DuPage County,Glen Ellyn,2320.25,560681.7012076896,374100.0,1704399999,59950.0,1458.0,1560.0,1761.0,2262.0,2657.0,0.004138265962670548,0.006202218658112804,0.004738874113916882,0.007102379043036621
21469,1599,Cottage Grove,MN,Washington County,Cottage Grove,1907.9166666666667,395654.5005356981,400900.0,2711399999,53100.0,741.0,823.0,1080.0,1371.0,1559.0,0.0048221786030070045,0.004759083728278041,0.003940306499456433,0.0038887503117984537
32789,1600,McMinnville,OR,Yamhill County,McMinnville,2079.6111111111118,491611.7581705153,442700.0,4105999999,40700.0,779.0,866.0,1136.0,1592.0,1908.0,0.004230189934533258,0.0046975629345179844,0.0038811114020145367,0.004309916421956178
30733,1602,Canonsburg,PA,Washington County,Canonsburg,1660.8597883597884,364075.0128332933,220600.0,4203599999,41850.0,792.0,798.0,1003.0,1246.0,1661.0,0.004561861511545922,0.007528829502990881,0.00456224662899499,0.007529465095194923
53251,1603,Media,PA,Delaware County,Media,2107.1833333333334,632239.5028091184,302400.0,4204599999,59700.0,1372.0,1512.0,1802.0,2171.0,2468.0,0.003332887812246557,0.00696819885361552,0.0039035839884005515,0.008161375661375661
45991,1604,Kearney,NE,Buffalo County,Kearney,1557.0833333333333,314153.0286647089,236800.0,3101999999,52400.0,651.0,778.0,941.0,1254.0,1580.0,0.00495644858160889,0.006575520833333333,0.005029396045346779,0.006672297297297298
30450,1605,Beverly,MA,Essex County,Beverly,2605.324675324676,752464.8452547733,584000.0,2501700380,82700.0,2263.0,2394.0,2837.0,3418.0,3761.0,0.0034623872354362976,0.004461172389254582,0.004998240148649844,0.0064400684931506845
3340,1606,Alamogordo,NM,Otero County,Alamogordo,1547.9280423280425,225720.74181493872,149500.0,3500399999,34400.0,678.0,764.0,933.0,1273.0,1549.0,0.006857712897280568,0.010354033727946773,0.006862461941003082,0.010361204013377926
39769,1607,Miamisburg,OH,Montgomery County,Miamisburg,1357.0833333333333,258431.6458269404,167400.0,3911199999,42600.0,664.0,674.0,884.0,1168.0,1172.0,0.005251227375776218,0.008106829948227798,0.004535048315192922,0.007001194743130227
24961,1608,Greenville,TX,Hunt County,Greenville,1615.0708333333332,248550.7072215117,210900.0,4805399999,50000.0,864.0,869.0,1124.0,1507.0,1513.0,0.0064979530792240335,0.007657993519835624,0.006087289056279346,0.007174016121384542
33492,1610,Port Huron,MI,Saint Clair County,Port Huron,1133.0,170692.0521109196,213900.0,2614799999,50500.0,991.0,1090.0,1378.0,1688.0,1827.0,0.006637684566963614,0.005296867695184666,0.010703486058113436,0.008541374474053296
39088,1611,Hutto,TX,Williamson County,Hutto,1938.416835016835,353220.87981641566,414600.0,4813999999,58650.0,1531.0,1606.0,1884.0,2361.0,3033.0,0.0054878319651553865,0.004675390340127436,0.008586695105839674,0.007315484804630969
36121,1612,Midlothian,TX,Ellis County,Midlothian,2204.6111111111118,453623.7856919788,306400.0,4802799999,41100.0,924.0,930.0,1172.0,1631.0,1968.0,0.004859998925647374,0.0071952059762112,0.004338396843538355,0.006422976501305483
19956,1614,Pineville,LA,Rapides Parish,Pineville,937.5,192994.68384612023,,2207999999,37650.0,710.0,762.0,1000.0,1354.0,1513.0,0.004857646756464513,,0.007839594178699527,
55107,1616,West Fargo,ND,Cass County,West Fargo,1723.1746031746031,353390.31570807373,284700.0,3800199999,55850.0,753.0,758.0,928.0,1300.0,1558.0,0.004876122877679737,0.0060525978334197515,0.004408722963667805,0.005472427116262732
18883,1617,La Quinta,CA,Riverside County,La Quinta,3217.5277777777774,745149.5631137448,510300.0,0606599999,55950.0,1776.0,1852.0,2306.0,3079.0,3745.0,0.004317962375677635,0.006305169072658784,0.005025836671433889,0.007338820301783264
4621,1618,Eustis,FL,Lake County,Eustis,1662.1,340953.5722938527,287900.0,1200399999,45750.0,901.0,952.0,1129.0,1523.0,1896.0,0.004874857268154709,0.005773185133726988,0.0055608744241750375,0.006585620006946857
44014,1619,Baldwinsville,NY,Onondaga County,Baldwinsville,1909.3333333333333,317147.9114575098,185300.0,3606399999,50500.0,968.0,1001.0,1176.0,1438.0,1625.0,0.006020324474339596,0.010304011512862025,0.005123792215852921,0.008769562871019968
53969,1620,Portage,IN,Porter County,Portage,1458.8988095238094,273313.7106803521,261900.0,1807399999,51300.0,878.0,883.0,1159.0,1517.0,1537.0,0.005337817871969224,0.005570442189857997,0.005623574449207064,0.005868652157311951
19811,1621,Pacifica,CA,San Mateo County,Pacifica,3314.4074074074074,1260660.351012157,1494500.0,0600599999,54950.0,1253.0,1260.0,1493.0,2084.0,2507.0,0.002629104187139971,0.002217736639282307,0.0019886403169475297,0.0016774841083974574
43354,1623,Ramona,CA,San Diego County,Ramona,2767.194444444445,814707.2674628202,791600.0,0606999999,66800.0,1799.0,1999.0,2623.0,3655.0,4046.0,0.003396550583207763,0.0034956978833305266,0.004966200943070196,0.005111167256189995
19230,1624,Marysville,CA,Yuba County,Marysville,1845.6666666666667,397255.1815492844,380000.0,0611599999,48000.0,1195.0,1197.0,1522.0,2133.0,2556.0,0.0046460480627807475,0.004857017543859649,0.006434151443995443,0.006726315789473684
32619,1625,Mableton,GA,Cobb County,Mableton,2099.892592592593,356072.87887191976,373700.0,1300599999,38100.0,629.0,715.0,905.0,1268.0,1300.0,0.005897367413225339,0.00561919345087662,0.003650937988084212,0.0034787262510034785
32459,1626,Leavenworth,KS,Leavenworth County,Leavenworth,1368.7805506040802,257134.8615204225,260600.0,2005399999,45700.0,625.0,695.0,872.0,1051.0,1156.0,0.005323200994647577,0.005252419610913585,0.004495695345098846,0.004435917114351496
37362,1627,Belleville,NJ,Essex County,Belleville,2218.1111111111118,515764.8188451482,494400.0,3401399999,67650.0,1551.0,1768.0,2140.0,2695.0,3065.0,0.00430062507186453,0.004486470693994967,0.005942630997714924,0.006199433656957929
12446,1628,Lorton,VA,Fairfax County,Lorton,2672.995238095238,657198.7910944045,699700.0,5160099999,81950.0,2012.0,2056.0,2314.0,2893.0,3413.0,0.004067255257186361,0.003820201855216862,0.005193253618614361,0.0048778047734743465
23050,1629,Trumbull,CT,Fairfield County,Trumbull,2978.4666666666667,658429.6238398495,,,,,,,,,0.0045235915256922315,,,
33960,1630,Shawnee,OK,Pottawatomie County,Shawnee,1220.4761904761906,173570.85520416417,155700.0,4011599999,37100.0,640.0,694.0,910.0,1140.0,1229.0,0.007031573296338232,0.007838639630547145,0.007080681826187804,0.007893384714193962
30908,1631,Claremont,CA,Los Angeles County,Claremont,3352.107142857143,1015203.607191968,783300.0,0603799999,75750.0,1856.0,2081.0,2625.0,3335.0,3698.0,0.003301906257138902,0.0042794678192993015,0.0036426190508016326,0.004721051959657858
27181,1632,South Lyon,MI,Oakland County,South Lyon,1633.0,471265.83407428087,320400.0,2600599999,50350.0,846.0,851.0,1111.0,1416.0,1496.0,0.003465135560288902,0.005096754057428214,0.003174429147698835,0.00466916354556804
32927,1634,Montclair,CA,San Bernardino County,Montclair,2734.2619047619046,663196.8612924098,475000.0,0606999999,66800.0,1799.0,1999.0,2623.0,3655.0,4046.0,0.0041228510934649045,0.005756340852130325,0.006100752636427331,0.008517894736842105
54185,1635,Rock Island,IL,Rock Island County,Rock Island,1140.5555555555557,132102.26672876492,144700.0,1715999999,43300.0,597.0,745.0,870.0,1067.0,1429.0,0.008633883307221122,0.007882208400522154,0.010817376835282107,0.009875604699378024
10662,1636,Calexico,CA,Imperial County,Calexico,1100.0,380967.2422106082,279500.0,0602599999,46950.0,940.0,1056.0,1371.0,1873.0,2287.0,0.00288738736070093,0.003935599284436494,0.006003140812657297,0.008182468694096601
42925,1637,Powell,OH,Delaware County,Powell,2421.1111111111118,572034.1603256703,419500.0,3903799999,43950.0,664.0,747.0,884.0,1184.0,1224.0,0.004232458966668574,0.0057714210038405525,0.002139732353227214,0.0029177592371871274
33840,1638,San Juan Capistrano,CA,Orange County,San Juan Capistrano,3965.15873015873,1312038.955359294,915500.0,0600399999,57700.0,1003.0,1101.0,1445.0,2025.0,2396.0,0.0030221349099142374,0.004331140065711338,0.001826165290453491,0.002617149098853086
35469,1640,Elkridge,MD,Howard County,Elkridge,2344.0139682539684,495313.6658049387,576700.0,2402599999,65150.0,1407.0,1604.0,1965.0,2529.0,2826.0,0.004732382992996348,0.0040645291629165395,0.005705475530152074,0.0049002947806485175
6791,1641,Riviera Beach,FL,Palm Beach County,Riviera Beach,3005.944444444445,402797.99840637547,407300.0,1200199999,52000.0,1176.0,1308.0,1583.0,2016.0,2099.0,0.007462659835294918,0.007380172954688055,0.005211048734860786,0.005153449545789344
47144,1642,Placerville,CA,El Dorado County,Placerville,2282.777777777778,538500.952168026,640500.0,0601799999,64300.0,1679.0,1777.0,2206.0,2992.0,3455.0,0.004239134153035802,0.0035640558591378264,0.0064159589432294115,0.005394223263075722
6746,1643,Richfield,MN,Hennepin County,Richfield,1356.097953216374,349129.4504558947,376500.0,2705399999,66200.0,1220.0,1381.0,1685.0,2244.0,2513.0,0.003884226757283224,0.0036018537934033837,0.007197903232507352,0.006674634794156706
41014,1644,Spotsylvania,VA,Spotsylvania County,Spotsylvania,1884.2301587301588,442378.70564976864,375000.0,5114399999,39050.0,584.0,687.0,851.0,1165.0,1311.0,0.00425931477864105,0.005024613756613757,0.0029635242005475715,0.003496
10201,1645,Atlantic City,NJ,Atlantic County,Atlantic City,1747.2222222222224,220861.04789136947,272700.0,3400199999,50100.0,1240.0,1414.0,1719.0,2409.0,2654.0,0.007910956861354719,0.006407122193700853,0.012016605124980527,0.009732306563989733
18227,1646,Gainesville,VA,Prince William County,Gainesville,3021.1481481481483,760914.7242844064,500600.0,5110199999,56750.0,1488.0,1545.0,1711.0,2166.0,2677.0,0.003970416200040488,0.006035054231218834,0.0035181340491440144,0.005347582900519377
44411,1647,Camas,WA,Clark County,Camas,2393.81351981352,754828.113706865,487900.0,5300799999,48250.0,1020.0,1134.0,1488.0,2065.0,2444.0,0.003171335932438719,0.0049063609752275465,0.0032378232283874885,0.005009223201475712
26240,1648,Oak Harbor,WA,Island County,Oak Harbor,2051.565656565657,526544.788331897,535300.0,5300799999,48250.0,1020.0,1134.0,1488.0,2065.0,2444.0,0.003896279484723517,0.003832553066627418,0.00464158045841197,0.004565664113581169
18647,1649,Huber Heights,OH,Montgomery County,Huber Heights,1435.3902116402116,207575.6025536484,167400.0,3911199999,42600.0,664.0,674.0,884.0,1168.0,1172.0,0.00691502370211948,0.00857461297276112,0.0056461356035186925,0.007001194743130227
26213,1650,Northglenn,CO,Adams County,Northglenn,1738.7151675485009,469971.6489826496,458400.0,0800199999,70050.0,1639.0,1789.0,2140.0,2794.0,3127.0,0.003699617139272779,0.0037930086552105165,0.006653592842821552,0.006821553228621291
47334,1650,Reisterstown,MD,Baltimore County,Reisterstown,1537.6827094474154,418758.4416154557,330000.0,2451099999,65150.0,1407.0,1604.0,1965.0,2529.0,2826.0,0.003672004087882874,0.004659644574083077,0.00674852067243842,0.008563636363636364
6856,1652,Royal Palm Beach,FL,Palm Beach County,Royal Palm Beach,3159.0801790801797,479996.8806400455,407300.0,1200199999,52000.0,1176.0,1308.0,1583.0,2016.0,2099.0,0.006581459810463239,0.0077561506974715925,0.004372945084978711,0.005153449545789344
25261,1653,Irmo,SC,Richland County,Irmo,1831.5656565656568,281456.9436284855,224200.0,4502799999,35600.0,707.0,711.0,933.0,1244.0,1453.0,0.006507445270148557,0.008169338343290172,0.005162423713084568,0.0064808206958073145
21272,1655,Wheeling,IL,Cook County,Wheeling,2094.470872694557,307872.78293408634,305200.0,1700799999,43300.0,810.0,900.0,1181.0,1561.0,1603.0,0.006803040050289116,0.0068626175383176835,0.0052066960408877466,0.005252293577981651
16908,1656,Batavia,OH,Clermont County,Batavia,1860.6666666666667,327829.9308723224,245600.0,3901399999,41050.0,654.0,786.0,954.0,1228.0,1379.0,0.0056757071012876106,0.007576004343105321,0.004206449351133437,0.005614820846905537
26434,1658,Peachtree City,GA,Fayette County,Peachtree City,2219.551346801347,559062.1680310426,405600.0,1311399999,57100.0,1591.0,1653.0,1830.0,2205.0,2653.0,0.0039701333299271,0.005472266634125609,0.004745447200163058,0.006540927021696253
45645,1659,Hanover Park,IL,DuPage County,Hanover Park,2300.555555555555,326836.07476173947,374100.0,1704399999,59950.0,1458.0,1560.0,1761.0,2262.0,2657.0,0.007038866677225393,0.006149573791915411,0.008129457563510786,0.007102379043036621
4167,1661,College Park,MD,Prince Georges County,College Park,2066.7106722106723,449971.7094701754,404300.0,2403399999,81950.0,2012.0,2056.0,2314.0,2893.0,3413.0,0.004592979133386287,0.005111824566437478,0.007584921292093403,0.008441751174870145
27253,1662,Staunton,VA,Augusta County,Staunton,1411.111111111111,304570.1267403574,281400.0,5101599999,47200.0,1107.0,1114.0,1282.0,1796.0,2092.0,0.004633123826730609,0.005014609492221433,0.006868697276353064,0.007434257285003553
8713,1664,Flowery Branch,GA,Hall County,Flowery Branch,1906.0833333333333,430053.70089135104,313600.0,1301799999,38100.0,752.0,756.0,905.0,1118.0,1520.0,0.004432198419366438,0.006078071853741497,0.003534442319295407,0.004846938775510204
52952,1665,Lewiston,ME,Androscoggin County,Lewiston,1532.7777777777776,301070.8981320832,232000.0,2300102060,42700.0,898.0,994.0,1268.0,1663.0,1845.0,0.005091085811639392,0.006606800766283524,0.0061281246757718105,0.007952586206896551
9826,1666,Cabot,AR,Lonoke County,Cabot,1451.5873015873017,243271.67528912213,184100.0,0500999999,37500.0,581.0,646.0,848.0,1188.0,1314.0,0.005966939224889735,0.007884776217204245,0.00540136864860385,0.007137425312330256
18928,1667,Lake Wales,FL,Polk County,Lake Wales,1667.0952380952378,249669.86520498453,240000.0,1206999999,52700.0,1636.0,1727.0,1958.0,2486.0,2960.0,0.006677198454553238,0.006946230158730158,0.011855655858065906,0.012333333333333333
50889,1669,Battle Ground,WA,Clark County,Battle Ground,2357.75,614249.1110048359,487900.0,5300799999,48250.0,1020.0,1134.0,1488.0,2065.0,2444.0,0.0038384263937199866,0.004832445173191227,0.0039788417373562285,0.005009223201475712
4208,1671,Cordova,TN,Shelby County,Cordova,1861.016247281765,307200.4624741556,229700.0,4704199999,37450.0,710.0,714.0,937.0,1129.0,1573.0,0.006057986476626252,0.00810194273958104,0.00512043499977587,0.006848062690465825
6120,1672,Natick,MA,Middlesex County,Natick,2565.1060606060605,900029.6532331835,687200.0,2501700380,82700.0,2263.0,2394.0,2837.0,3418.0,3761.0,0.0028500239424239077,0.003732692172011147,0.00417875120724004,0.005472933643771828
7759,1674,Wappingers Falls,NY,Dutchess County,Wappingers Falls,2315.4166666666665,480280.3127368368,368100.0,3602799999,61500.0,1308.0,1492.0,1907.0,2433.0,2631.0,0.004820969349071296,0.006290183826858643,0.00547805090116534,0.007147514262428688
42335,1676,Ladson,SC,Charleston County,Ladson,1700.5651154401155,316550.8224722605,450800.0,4501799999,46350.0,1063.0,1172.0,1298.0,1656.0,1991.0,0.0053721708955254315,0.003772327230346308,0.006289669331610953,0.00441659272404614
397699,1678,Andover,MA,Essex County,Andover,2809.06013986014,999113.3864717894,584000.0,2501700380,82700.0,2263.0,2394.0,2837.0,3418.0,3761.0,0.002811552900697178,0.004810034486061884,0.0037643375125633893,0.0064400684931506845
37716,1680,Camp Hill,PA,Cumberland County,Camp Hill,1585.157142857143,328399.09417406475,261900.0,4202199999,42200.0,749.0,754.0,935.0,1261.0,1375.0,0.004826923006118117,0.006052528227785961,0.00418697866222248,0.005250095456281023
37844,1681,Chelmsford,MA,Middlesex County,Chelmsford,2672.6011904761904,689911.5950706583,687200.0,2501700380,82700.0,2263.0,2394.0,2837.0,3418.0,3761.0,0.0038738313858929594,0.003889116982648705,0.005451423090830662,0.005472933643771828
16684,1682,Adelanto,CA,San Bernardino County,Adelanto,2103.888888888889,398305.95678455615,475000.0,0606999999,66800.0,1799.0,1999.0,2623.0,3655.0,4046.0,0.005282092454436687,0.004429239766081872,0.010158020313486005,0.008517894736842105
15924,1684,Wildwood,MO,Saint Louis County,Wildwood,3795.0,572953.0092575281,260700.0,2918999999,55700.0,951.0,984.0,1215.0,1570.0,1806.0,0.006623579837581832,0.014556962025316455,0.0031520909582800497,0.006927502876869966
22337,1685,Marysville,OH,Union County,Marysville,1566.759829059829,375702.2715249101,306600.0,3902799999,44900.0,696.0,761.0,927.0,1193.0,1491.0,0.0041702165459384195,0.005110110336137733,0.0039685679672584635,0.004863013698630137
17546,1686,Commerce Township,MI,Oakland County,Commerce Township,2084.31746031746,399479.7964483814,320400.0,2600599999,50350.0,846.0,851.0,1111.0,1416.0,1496.0,0.005217579158816819,0.006505360363038264,0.003744870236994088,0.00466916354556804
16373,1687,Buda,TX,Hays County,Buda,1889.370681605976,366264.7559513985,371400.0,4806799999,39700.0,707.0,711.0,933.0,1238.0,1395.0,0.00515848344921477,0.005087158539596058,0.003808720269512116,0.0037560581583198707
18096,1688,Fernandina Beach,FL,Nassau County,Fernandina Beach,2445.720745920746,615675.6526880268,351100.0,1208999999,51250.0,1381.0,1454.0,1730.0,2163.0,2739.0,0.003972417514388918,0.006965880791571478,0.004448771017729196,0.007801196240387354
32431,1689,Laramie,WY,Albany County,Laramie,1189.454970760234,385596.6316109114,322100.0,5600199999,52050.0,712.0,808.0,990.0,1387.0,1662.0,0.003084713073843603,0.0036928127002801426,0.004310203626667183,0.005159888233467867
16807,1690,Arnold,MO,Jefferson County,Arnold,1865.0,272527.0435447725,218800.0,2909999999,55700.0,951.0,984.0,1215.0,1570.0,1806.0,0.006843357546252491,0.008523765996343692,0.006626865269990348,0.008254113345521024
54032,1691,Quakertown,PA,Bucks County,Quakertown,1821.111111111111,439373.08580702025,421700.0,4201199999,49900.0,928.0,1075.0,1353.0,1689.0,1794.0,0.004144794412625839,0.0043184991963744635,0.0040830903347319585,0.004254209153426607
48523,1692,Winchester,KY,Clark County,Winchester,1200.0,257323.02735911077,197900.0,2100799999,40250.0,670.0,710.0,931.0,1122.0,1283.0,0.004663399200279589,0.00606366851945427,0.004985950978298927,0.006483072258716523
33967,1693,Shelbyville,TN,Bedford County,Shelbyville,1924.5,314547.618457594,255300.0,4700399999,39250.0,811.0,915.0,1013.0,1350.0,1352.0,0.006118310510303396,0.007538190364277321,0.004298236326282251,0.005295730513121818
40645,1694,Roseville,MN,Ramsey County,Roseville,1553.5029304029304,374594.1282045382,304900.0,2710199999,50450.0,640.0,782.0,933.0,1307.0,1567.0,0.004147163058452099,0.005095122762882684,0.0041831942414868204,0.005139389963922597
38406,1695,Enterprise,AL,Coffee County,Enterprise,1352.9430830039526,201127.86936689247,180300.0,0101999999,36300.0,598.0,663.0,805.0,970.0,1211.0,0.00672678076520538,0.007503844054375776,0.00602104523759919,0.006716583471991126
6050,1696,Morrisville,NC,Wake County,Morrisville,1727.750058726803,499309.3678978553,422800.0,3700999999,38200.0,713.0,717.0,930.0,1228.0,1233.0,0.0034602796779095325,0.00408644763180417,0.0024694109088941375,0.0029162724692526018
29105,1697,Mebane,NC,Alamance County,Mebane,1916.428571428572,358149.96219727723,221200.0,3700199999,42500.0,869.0,1099.0,1217.0,1532.0,1806.0,0.005350910997368636,0.0086637819684836,0.005042580456856823,0.008164556962025317
14192,1698,Troy,OH,Miami County,Troy,1448.7202380952378,279851.25025306345,209200.0,3909799999,54500.0,1104.0,1194.0,1445.0,1741.0,1939.0,0.005176750994627294,0.00692504893926978,0.006928680855442326,0.009268642447418738
46783,1701,North Canton,OH,Stark County,North Canton,1679.2666666666669,288218.8059774958,177700.0,3902399999,43250.0,728.0,809.0,1061.0,1292.0,1477.0,0.005826360500562841,0.009450009379103359,0.005124578859421563,0.00831176139561058
7540,1702,Upper Arlington,OH,Franklin County,Upper Arlington,1897.978787878788,630254.3058903036,265700.0,3904999999,54500.0,1104.0,1194.0,1445.0,1741.0,1939.0,0.0030114491406729605,0.0071433149713164765,0.003076535902854244,0.00729770417764396
3731,1703,Boardman,OH,Mahoning County,Boardman,1005.5555555555557,199431.05880167917,141100.0,3907399999,42600.0,703.0,707.0,928.0,1261.0,1265.0,0.005042121129966588,0.007126545397275376,0.0063430440955436025,0.008965272856130404
52951,1705,Lewiston,ID,Nez Perce County,Lewiston,1691.6666666666667,384617.1384469572,291300.0,1606999999,43550.0,915.0,921.0,1208.0,1693.0,2029.0,0.004398313277191535,0.005807300606476714,0.005275375944485689,0.00696532784071404
124275,1707,Egypt Lake-Leto,FL,Hillsborough County,Egypt Lake-Leto,1708.0239057239055,339959.2862097382,333300.0,1205799999,52150.0,1566.0,1686.0,1978.0,2533.0,3082.0,0.005024201352953009,0.0051245841755892755,0.009065791478625936,0.009246924692469247
11015,1708,Cumberland,RI,Providence County,Cumberland,2264.1666666666665,514459.0644447287,339100.0,4400711800,57150.0,1233.0,1319.0,1614.0,1945.0,2359.0,0.004401062831132055,0.006676988105770176,0.00458539884518536,0.006956649955765261
13750,1709,Searcy,AR,White County,Searcy,1225.0,215698.26686636015,159600.0,0501799999,33550.0,618.0,701.0,848.0,1188.0,1424.0,0.005679229684116893,0.007675438596491228,0.0066018147511693525,0.008922305764411028
118914,1710,Westmont,CA,Los Angeles County,Westmont,2103.333333333333,693696.773659426,783300.0,0603799999,75750.0,1856.0,2081.0,2625.0,3335.0,3698.0,0.0030320644598615006,0.002685220647687135,0.005330859448130505,0.004721051959657858
53562,1711,Newburgh,IN,Warrick County,Newburgh,1799.722222222222,313116.5533062849,228900.0,1801999999,48300.0,1003.0,1094.0,1330.0,1714.0,1989.0,0.005747770928168612,0.007862482403766807,0.006352267163768875,0.008689384010484929
45340,1712,Franklin,WI,Milwaukee County,Franklin,1575.9722222222224,432438.6321692683,216500.0,5506199999,53500.0,841.0,918.0,1147.0,1521.0,1554.0,0.003644383514758098,0.007279317423659226,0.0035935734793271705,0.007177829099307159
53109,1713,Magnolia,TX,Montgomery County,Magnolia,1953.6851851851848,350369.0397590154,317500.0,4833799999,42750.0,830.0,835.0,1096.0,1433.0,1639.0,0.00557607825888079,0.00615333916593759,0.004677924742229816,0.005162204724409449
31912,1714,Halethorpe,MD,Baltimore County,Halethorpe,1829.3333333333333,313761.28298257897,330000.0,2451099999,65150.0,1407.0,1604.0,1965.0,2529.0,2826.0,0.0058303348199749165,0.005543434343434343,0.009006847413219268,0.008563636363636364
24739,1715,Foley,AL,Baldwin County,Foley,1767.0833333333333,314596.0692633207,287000.0,0100399999,46500.0,972.0,1043.0,1244.0,1550.0,1975.0,0.005616991138736267,0.006157084785133565,0.006277891534451758,0.006881533101045296
47746,1716,Sonoma,CA,Sonoma County,Sonoma,3399.6666666666665,964927.0455078526,779000.0,0601999999,46950.0,1210.0,1217.0,1505.0,2109.0,2415.0,0.003523236997546671,0.004364142062473256,0.0025027798850108473,0.0031001283697047496
30187,1717,Altadena,CA,Los Angeles County,Altadena,3637.0222222222224,1189261.6093965408,783300.0,0603799999,75750.0,1856.0,2081.0,2625.0,3335.0,3698.0,0.0030582188086166616,0.004643204675376257,0.0031094924537894164,0.004721051959657858
46218,1719,Lemoore,CA,Kings County,Lemoore,1946.777777777778,375357.2807179194,305700.0,0602799999,48000.0,978.0,1254.0,1426.0,1734.0,2365.0,0.005186466009276051,0.006368262276014976,0.006300663718249001,0.007736342819757933
6177,1720,New Smyrna Beach,FL,Volusia County,New Smyrna Beach,2387.7062937062938,453229.0912195903,278000.0,1202399999,38300.0,815.0,820.0,1076.0,1305.0,1427.0,0.005268210580395965,0.008588871560094581,0.003148518106285053,0.005133093525179856
48424,1721,West Hollywood,CA,Los Angeles County,West Hollywood,3231.0381310418907,1019329.075712086,783300.0,0603799999,75750.0,1856.0,2081.0,2625.0,3335.0,3698.0,0.003169769417972054,0.004124905056864408,0.003627876500448729,0.004721051959657858
56396,1722,Plainfield,IN,Hendricks County,Plainfield,1795.4840714840714,331029.2688692012,281500.0,1806399999,55350.0,955.0,1097.0,1283.0,1669.0,2028.0,0.005423943561297345,0.006378273788575742,0.006126346491739734,0.007204262877442274
57132,1723,Wildomar,CA,Riverside County,Wildomar,2577.8857142857146,659576.1191197598,510300.0,0606599999,55950.0,1776.0,1852.0,2306.0,3079.0,3745.0,0.0039083975898430694,0.005051706279219507,0.005677889013019311,0.007338820301783264
12868,1724,Mount Vernon,VA,Fairfax County,Mount Vernon,2778.75,590553.1903701412,699700.0,5160099999,81950.0,2012.0,2056.0,2314.0,2893.0,3413.0,0.004705333990759346,0.00397134486208375,0.005779327003315033,0.0048778047734743465
124550,1726,Golden Glades,FL,Miami-Dade County,Golden Glades,2096.190476190476,473459.46783584304,425400.0,1208699999,61950.0,1711.0,1898.0,2329.0,3008.0,3527.0,0.004427391611307398,0.004927575167349497,0.0074494233183713095,0.008291020216267042
13062,1726,Oak Creek,WI,Milwaukee County,Oak Creek,1716.1742424242425,398712.8947405513,216500.0,5506199999,53500.0,841.0,918.0,1147.0,1521.0,1554.0,0.004304285778218895,0.007926901812583107,0.0038975413649744435,0.007177829099307159
53924,1728,Pleasant Grove,UT,Utah County,Pleasant Grove,1831.536507936508,544729.508953495,489200.0,4900599999,51700.0,914.0,920.0,1169.0,1638.0,1963.0,0.003362286194950513,0.0037439421666731563,0.0036036233905727085,0.0040126737530662305
398068,1730,De Pere,WI,Brown County,De Pere,1646.1666666666667,397371.06103406753,245900.0,5500599999,46400.0,679.0,746.0,979.0,1211.0,1494.0,0.004142643559354558,0.00669445574081605,0.0037597101210948927,0.006075640504270029
22489,1731,Midvale,UT,Salt Lake County,Midvale,1675.3896514161222,490680.6641426827,484500.0,4903599999,61350.0,1243.0,1453.0,1748.0,2348.0,2670.0,0.003414419547881234,0.0034579765767102626,0.00544142085701507,0.005510835913312693
13776,1733,Seneca,SC,Oconee County,Seneca,1724.5,301431.1762461942,217200.0,4502199999,36100.0,713.0,718.0,942.0,1172.0,1354.0,0.0057210406085915705,0.007939686924493554,0.0044919043108338575,0.006233885819521179
27445,1734,Torrington,CT,Litchfield County,Torrington,1508.3333333333333,292578.5399116047,,,,,,,,,0.00515531089118511,,,
44500,1736,Cedar Falls,IA,Black Hawk County,Cedar Falls,1298.2491582491582,265325.1272523881,182400.0,1901399999,46000.0,684.0,760.0,997.0,1301.0,1674.0,0.004893050167141579,0.0071175940693484555,0.006309240354787893,0.009177631578947368
396832,1737,Greater Carrollwood,FL,Hillsborough County,Greater Carrollwood,1961.817821067821,409521.5482901016,333300.0,1205799999,52150.0,1566.0,1686.0,1978.0,2533.0,3082.0,0.004790511828398553,0.0058860420674102035,0.007525855508381546,0.009246924692469247
16040,1738,Sykesville,MD,Carroll County,Sykesville,2226.222222222222,564419.1982536279,406400.0,2401199999,46400.0,981.0,987.0,1295.0,1688.0,2153.0,0.003944270905579376,0.005477909011373578,0.003814540693622059,0.005297736220472441
55153,1739,Westwego,LA,Jefferson Parish,Westwego,1591.111111111111,173785.75295676512,,2205399999,40300.0,657.0,690.0,903.0,1265.0,1516.0,0.009155590052925409,,0.008723384824169992,
51567,1740,Coventry,RI,Kent County,Coventry,2641.404761904762,452418.5170514327,333900.0,4400318640,57150.0,1233.0,1319.0,1614.0,1945.0,2359.0,0.0058384099287529315,0.007910765983542263,0.005214198603926328,0.007064989517819706
14657,1741,Willis,TX,Montgomery County,Willis,1788.1714285714286,287464.33475510805,317500.0,4833799999,42750.0,830.0,835.0,1096.0,1433.0,1639.0,0.0062204983797199695,0.005632035995500563,0.005701576863078581,0.005162204724409449
56265,1743,Pearl City,HI,Honolulu County,Pearl City,2335.31746031746,919706.7615862804,873000.0,1500399999,76000.0,1887.0,2052.0,2687.0,3765.0,4512.0,0.0025391978811698415,0.0026750486372479495,0.004905911523601119,0.005168384879725086
20074,1744,Pullman,WA,Whitman County,Pullman,1396.388888888889,435984.32020634256,323300.0,5304599999,50100.0,955.0,961.0,1261.0,1767.0,1917.0,0.003202841992638649,0.004319173797986047,0.004396947117485148,0.005929477265697494
41579,1745,Watertown,MA,Middlesex County,Watertown,3096.6029206850776,843206.0005101006,687200.0,2501700380,82700.0,2263.0,2394.0,2837.0,3418.0,3761.0,0.0036724156597697077,0.004506116007981778,0.004460357252824065,0.005472933643771828
53925,1746,Pleasant Hill,CA,Contra Costa County,Pleasant Hill,2854.338888888889,993110.8407965596,830800.0,0601399999,79900.0,1937.0,2201.0,2682.0,3432.0,4077.0,0.002874139292044648,0.003435651045846039,0.0041052819408656325,0.004907318247472316
12817,1747,Montrose,CO,Montrose County,Montrose,1751.0416666666667,465838.1378062669,357900.0,0802199999,51000.0,727.0,825.0,933.0,1256.0,1261.0,0.0037589057755397673,0.00489254447238521,0.002706948825483296,0.003523330539256776
26256,1749,Oakville,MO,Saint Louis County,Oakville,1954.1666666666667,358716.08166732563,260700.0,2918999999,55700.0,951.0,984.0,1215.0,1570.0,1806.0,0.005447669526227059,0.007495844521160977,0.0050346223442385,0.006927502876869966
56072,1750,Kearns,UT,Salt Lake County,Kearns,2317.777777777778,442923.8016635703,484500.0,4903599999,61350.0,1243.0,1453.0,1748.0,2348.0,2670.0,0.005232904100146513,0.004783855062492834,0.00602812490539409,0.005510835913312693
13034,1751,North Ridgeville,OH,Lorain County,North Ridgeville,2067.333333333333,328643.9451805214,207200.0,3904999999,54500.0,1104.0,1194.0,1445.0,1741.0,1939.0,0.006290495728432678,0.009977477477477476,0.005900002201272636,0.009358108108108108
20335,1752,San Juan,TX,Hidalgo County,San Juan,1616.6666666666667,178906.3772057992,124000.0,4813199999,39700.0,732.0,752.0,933.0,1307.0,1395.0,0.00903638367684896,0.013037634408602151,0.007797374368579979,0.01125
396536,1753,Security-Widefield,CO,El Paso County,Security-Widefield,2286.9120915032686,385409.146753133,431000.0,0802999999,51000.0,810.0,816.0,1039.0,1421.0,1745.0,0.005933725524599731,0.005306060537130553,0.004527655907237015,0.004048723897911833
8509,1754,Glastonbury,CT,Hartford County,Glastonbury,2518.2539682539687,548666.5362413713,,,,,,,,,0.004589771385558185,,,
50027,1756,Shelton,WA,Mason County,Shelton,1697.1944444444443,431904.2174601811,377400.0,5300399999,43550.0,915.0,921.0,1208.0,1693.0,2029.0,0.00392956210158081,0.004497070600011776,0.0046978008502245325,0.0053762586115527295
55043,1757,Warsaw,IN,Kosciusko County,Warsaw,1589.111111111111,269640.3304053901,200300.0,1808599999,48900.0,866.0,871.0,1076.0,1324.0,1510.0,0.005893447425768859,0.007933655072946137,0.005600052476310922,0.007538691962056914
54058,1757,Randolph,MA,Norfolk County,Randolph,2664.333333333333,585131.6193198612,649400.0,2502102935,65700.0,1607.0,1652.0,2155.0,2730.0,2953.0,0.004553391485543495,0.00410276152345755,0.005046727783113952,0.004547274407145057
43697,1759,Fair Lawn,NJ,Bergen County,Fair Lawn,2850.0,696986.9807668949,593200.0,3400399999,68550.0,1556.0,1807.0,2072.0,2550.0,3225.0,0.004089029033030351,0.004804450438300742,0.004627059168955397,0.005436614969656102
5019,1760,Gurnee,IL,Lake County,Gurnee,1956.91452991453,368232.0250470116,326600.0,1702399999,45900.0,635.0,747.0,926.0,1181.0,1228.0,0.005314351813003482,0.00599177749514553,0.0033348538868753284,0.0037599510104102877
12251,1761,Lafayette,CO,Boulder County,Lafayette,2374.940303657695,684273.2879454363,713900.0,0801399999,75300.0,1466.0,1702.0,2059.0,2704.0,3092.0,0.0034707482310007576,0.0033267128500598054,0.0045186624327889224,0.004331138814960079
4660,1762,Fairhope,AL,Baldwin County,Fairhope,2140.083333333333,484432.3941112859,287000.0,0100399999,46500.0,972.0,1043.0,1244.0,1550.0,1975.0,0.004417713099594458,0.0074567363530778155,0.004076936274303519,0.006881533101045296
14160,1763,Tooele,UT,Tooele County,Tooele,1749.1666666666667,437274.1908118271,391300.0,4900399999,50050.0,694.0,870.0,1012.0,1418.0,1699.0,0.004000159861754541,0.0044701422608399355,0.0038854339810124616,0.004341937132634807
7304,1764,Barstow,CA,San Bernardino County,Barstow,1508.4444444444443,270850.60033976106,475000.0,0606999999,66800.0,1799.0,1999.0,2623.0,3655.0,4046.0,0.0055692859552543645,0.0031756725146198828,0.014938124541443169,0.008517894736842105
50716,1765,Ambler,PA,Montgomery County,Ambler,2483.477777777778,670855.8067278265,409900.0,4208999999,52200.0,1158.0,1183.0,1552.0,2043.0,2379.0,0.003701954656830379,0.006058740614241957,0.0035462166029445823,0.005803854598682606
32440,1766,Lauderdale Lakes,FL,Broward County,Lauderdale Lakes,1904.6666666666667,150879.3105532586,380400.0,1200399999,45750.0,901.0,952.0,1129.0,1523.0,1896.0,0.01262377631288514,0.005007010164738872,0.012566335258608797,0.00498422712933754
29215,1767,Porter,TX,Montgomery County,Porter,2019.6064814814813,311580.7523675325,317500.0,4833799999,42750.0,830.0,835.0,1096.0,1433.0,1639.0,0.006481807576801811,0.006360965296004666,0.005260273580913234,0.005162204724409449
56956,1768,Hope Mills,NC,Cumberland County,Hope Mills,1639.5238095238094,255474.458292103,183700.0,3704599999,38300.0,705.0,709.0,930.0,1303.0,1397.0,0.006417564481726857,0.008925007128599942,0.0054682570200528845,0.007604790419161677
19770,1769,Orange,TX,Orange County,Orange,1173.3333333333333,176987.17061333198,163400.0,4800599999,39700.0,855.0,900.0,1038.0,1330.0,1434.0,0.006629482404104544,0.007180742554059567,0.008102282188198225,0.008776009791921665
43969,1770,Athens,OH,Athens County,Athens,960.030303030303,242333.34240325293,173800.0,3900399999,46250.0,788.0,793.0,1040.0,1262.0,1431.0,0.003961610455703499,0.005523764689472399,0.0059050891875157465,0.008233601841196777
11179,1771,Durango,CO,La Plata County,Durango,2074.646929824561,752119.9443147556,549100.0,0800399999,51000.0,787.0,792.0,972.0,1315.0,1613.0,0.0027583990366253862,0.0037782679472310346,0.0021446047431564635,0.002937534146785649
11278,1772,El Mirage,AZ,Maricopa County,El Mirage,1967.5214285714285,348015.7841879001,414700.0,0401399999,56100.0,1530.0,1679.0,1950.0,2624.0,2934.0,0.005653540781670775,0.004744445209962451,0.008430652094836824,0.007074993971545695
32156,1773,Inver Grove Heights,MN,Dakota County,Inver Grove Heights,1930.8,379566.9992155163,362100.0,2700399999,66200.0,1220.0,1381.0,1685.0,2244.0,2513.0,0.005086848972620249,0.005332228666114333,0.006620702024132321,0.006940071803369235
44906,1773,Denison,TX,Grayson County,Denison,1567.4161616161616,234746.4995813039,228300.0,4800199999,39700.0,846.0,851.0,1033.0,1245.0,1563.0,0.006677058718284703,0.006865598605414637,0.006658246247708833,0.006846254927726675
40446,1775,Prior Lake,MN,Scott County,Prior Lake,2238.472222222222,535122.6708520581,393500.0,2703199999,47600.0,640.0,843.0,933.0,1240.0,1347.0,0.004183101079716875,0.0056886206409713395,0.002517179841876661,0.003423125794155019
10669,1776,Calumet City,IL,Cook County,Calumet City,1653.611111111111,163272.2640767515,305200.0,1700799999,43300.0,810.0,900.0,1181.0,1561.0,1603.0,0.010127936428527608,0.005418122906655017,0.009817956583528829,0.005252293577981651
14111,1778,Temple City,CA,Los Angeles County,Temple City,3040.047619047619,1085893.2833087512,783300.0,0603799999,75750.0,1856.0,2081.0,2625.0,3335.0,3698.0,0.0027995823031380187,0.003881077006316378,0.0034054911811702867,0.004721051959657858
55100,1779,West Chicago,IL,DuPage County,West Chicago,1833.75,386328.0370241376,374100.0,1704399999,59950.0,1458.0,1560.0,1761.0,2262.0,2657.0,0.004746613821055468,0.004901764234161989,0.006877574872553171,0.007102379043036621
7279,1780,Stow,OH,Summit County,Stow,1480.5,287298.8042053464,195700.0,3910999999,46900.0,780.0,845.0,1077.0,1390.0,1537.0,0.0051531714658367145,0.007565150740929995,0.005349830829443451,0.007853857945835463
54801,1781,University City,MO,Saint Louis County,University City,1577.2781855825333,267558.1461164027,260700.0,2918999999,55700.0,951.0,984.0,1215.0,1570.0,1806.0,0.0058950856420433165,0.006050165652407109,0.006749934644913743,0.006927502876869966
30294,1782,Auburndale,FL,Polk County,Auburndale,2044.690476190476,310300.3951748241,240000.0,1206999999,52700.0,1636.0,1727.0,1958.0,2486.0,2960.0,0.0065893905002553784,0.008519543650793649,0.009539143507478705,0.012333333333333333
48099,1784,University Place,WA,Pierce County,University Place,2061.1452991452998,664421.3025860545,484400.0,5305399999,60400.0,1479.0,1673.0,2057.0,2882.0,3292.0,0.003102166187512244,0.004255048098978736,0.0049546876164068,0.006796036333608588
47555,1785,Sand Springs,OK,Osage County,Sand Springs,1275.4761904761906,231462.6541973141,172300.0,4002999999,37100.0,678.0,694.0,910.0,1217.0,1467.0,0.00551050533356837,0.007402647652212366,0.006337955490432733,0.008514219384793964
11523,1786,Franklin,IN,Johnson County,Franklin,1836.922558922559,279002.3843617135,260400.0,1801199999,55350.0,955.0,1097.0,1283.0,1669.0,2028.0,0.006583895557469771,0.00705423409724485,0.007268755084798104,0.007788018433179724
14382,1787,Vestavia Hills,AL,Jefferson County,Vestavia Hills,1857.1944444444443,549295.5014064288,224900.0,0107399999,47950.0,998.0,1144.0,1267.0,1583.0,1791.0,0.003381047978163377,0.008257867694283879,0.003260540083460146,0.007963539350822588
32525,1788,Litchfield Park,AZ,Maricopa County,Litchfield Park,2183.911111111111,524495.6369448832,414700.0,0401399999,56100.0,1530.0,1679.0,1950.0,2624.0,2934.0,0.004163830844870513,0.005266243335208852,0.005593945484637693,0.007074993971545695
11922,1789,Hilton Head Island,SC,Beaufort County,Hilton Head Island,3153.3023088023087,768523.7072230205,407600.0,4501399999,55100.0,1584.0,1646.0,1822.0,2195.0,2803.0,0.004103064458735352,0.007736266704618029,0.003647252483763117,0.006876840039254171
46194,1790,Leawood,KS,Johnson County,Leawood,1905.4166666666667,756402.5889615348,366000.0,2000399999,42550.0,625.0,711.0,872.0,1051.0,1251.0,0.002519050958409084,0.005206056466302368,0.0016538811715564037,0.003418032786885246
41184,1792,Tarpon Springs,FL,Pinellas County,Tarpon Springs,2102.714814814815,398212.4536382188,319000.0,1210399999,52150.0,1566.0,1686.0,1978.0,2533.0,3082.0,0.00528038436669577,0.006591582491582492,0.007739587177250958,0.009661442006269592
6871,1793,Ruston,LA,Lincoln Parish,Ruston,1255.2813852813852,224282.78641684089,,2200399999,33000.0,666.0,783.0,903.0,1119.0,1318.0,0.00559686904793657,,0.005876509834109295,
51211,1794,Butte,MT,Silver Bow County,Butte,1459.2063492063492,277829.9523058,223500.0,3009399999,43650.0,945.0,1077.0,1370.0,1920.0,2191.0,0.005252156353539016,0.006528887468484784,0.007886118763712074,0.009803131991051454
20425,1795,Severn,MD,Anne Arundel County,Severn,2300.14595959596,517424.9017262706,450300.0,2400399999,65150.0,1407.0,1604.0,1965.0,2529.0,2826.0,0.004445371592905648,0.00510803011236056,0.00546166214763088,0.006275816122584943
39511,1796,Los Altos,CA,Santa Clara County,Los Altos,6284.214285714285,4338596.74613654,1382800.0,0608399999,88250.0,2381.0,2688.0,3028.0,4011.0,4468.0,0.001448443967812932,0.004544557626348196,0.0010298260616128227,0.0032311252531096327
8375,1797,Alliance,OH,Stark County,Alliance,938.3333333333334,160814.97185127874,177700.0,3902399999,43250.0,728.0,809.0,1061.0,1292.0,1477.0,0.005834863026317609,0.005280435190395798,0.0091844682307685,0.00831176139561058
40258,1798,Parkland,FL,Broward County,Parkland,5469.925925925926,1061461.1853327511,380400.0,1200399999,45750.0,901.0,952.0,1129.0,1523.0,1896.0,0.005153203905624859,0.014379405693811582,0.001786216986733843,0.00498422712933754
829619,1799,Huntington,NY,Suffolk County,Huntington,3233.333333333333,896315.1687165815,539500.0,3610399999,82450.0,1848.0,2241.0,2586.0,3352.0,3591.0,0.003607362059891375,0.005993203583565029,0.0040064032444546175,0.006656163113994439
34268,1800,Thomasville,GA,Thomas County,Thomasville,1535.8333333333333,221467.48305020644,185300.0,1310199999,38500.0,877.0,882.0,1145.0,1529.0,1773.0,0.006934802853135607,0.008288361216046052,0.00800568993506854,0.009568267674042093
395669,1801,Derry,NH,Rockingham County,Derry,2224.277777777778,496862.5823841815,461400.0,3301502340,70650.0,1346.0,1498.0,1963.0,2365.0,2603.0,0.004476645770153675,0.0048207147329384,0.005238873065284119,0.005641525791070655
54387,1802,Shelby,NC,Cleveland County,Shelby,1264.5555555555557,212637.25824256788,180200.0,3704599999,38300.0,705.0,709.0,930.0,1303.0,1397.0,0.005947008374764701,0.0070175114070785555,0.006569874026528124,0.007752497225305216
19005,1803,Lexington,MA,Middlesex County,Lexington,4167.708333333333,1596448.6506497453,687200.0,2501700380,82700.0,2263.0,2394.0,2837.0,3418.0,3761.0,0.0026106122058088747,0.006064767656189367,0.0023558540379418373,0.005472933643771828
7765,1804,Warrenton,VA,Fauquier County,Warrenton,2273.333333333333,679389.1647535631,543700.0,5105999999,81950.0,2012.0,2056.0,2314.0,2893.0,3413.0,0.0033461430521311685,0.004181227392557169,0.00502363030949722,0.0062773588375942616
30241,1805,Arcadia,FL,De Soto County,Arcadia,2200.0,240793.3384710464,151500.0,1202799999,35600.0,831.0,835.0,973.0,1285.0,1290.0,0.009136465377195365,0.014521452145214522,0.005357291062082737,0.008514851485148515
37145,1806,Angleton,TX,Brazoria County,Angleton,1658.75,247193.060240059,276800.0,4801999999,48300.0,1116.0,1231.0,1501.0,1907.0,2243.0,0.006710342104220571,0.005992593930635838,0.009073879330680778,0.008103323699421966
37836,1807,Chatsworth,GA,Murray County,Chatsworth,900.0,249770.1463578936,173300.0,1313199999,38100.0,691.0,695.0,912.0,1228.0,1374.0,0.0036033129384101708,0.0051933064050779,0.005501057752639527,0.007928447778418926
26082,1808,Neptune Township,NJ,Monmouth County,Neptune Township,2712.4301587301584,590506.8222832534,566500.0,3402599999,68400.0,1474.0,1654.0,2040.0,2717.0,3023.0,0.004593393431497162,0.004788049706496308,0.00511933120147752,0.005336275375110326
50849,1809,Banning,CA,Riverside County,Banning,2097.5,414873.14248010487,510300.0,0606599999,55950.0,1776.0,1852.0,2306.0,3079.0,3745.0,0.005055762316792018,0.0041103272584754064,0.009026855721757382,0.007338820301783264
19177,1814,Manhattan Beach,CA,Los Angeles County,Manhattan Beach,5912.097587719298,3067528.30300509,783300.0,0603799999,75750.0,1856.0,2081.0,2625.0,3335.0,3698.0,0.0019273163940908185,0.007547679800484231,0.0012055308491782362,0.004721051959657858
55145,1816,Westlake,OH,Cuyahoga County,Westlake,2289.3444444444444,418749.6389610283,183200.0,3903599999,49700.0,881.0,995.0,1208.0,1553.0,1667.0,0.005467095924248681,0.012496421639980592,0.003980898954649946,0.00909934497816594
40176,1817,Orion,MI,Oakland County,Orion,2282.833333333333,401157.1248496704,320400.0,2600599999,50350.0,846.0,851.0,1111.0,1416.0,1496.0,0.005690621434653072,0.007124947981689554,0.0037292120900522733,0.00466916354556804
48506,1818,Williston,ND,Williams County,Williston,1343.158183990442,363003.7635792377,267800.0,3800799999,57900.0,753.0,758.0,928.0,1300.0,1558.0,0.0037001219236594855,0.005015527199366848,0.004291966520231173,0.0058177744585511575
11246,1819,Eastpointe,MI,Macomb County,Eastpointe,1365.5,158187.8367332134,231400.0,2600199999,40950.0,654.0,813.0,933.0,1294.0,1385.0,0.008632142825892107,0.005901037165082109,0.008755413997700892,0.005985306828003458
40069,1820,North Providence,RI,Providence County,North Providence,1824.1666666666667,413259.5552482626,339100.0,4400711800,57150.0,1233.0,1319.0,1614.0,1945.0,2359.0,0.004414094347003815,0.005379435761329009,0.005708276965508634,0.006956649955765261
19716,1822,Oakdale,CA,Stanislaus County,Oakdale,2350.0,555742.3336796948,426600.0,0609999999,49250.0,1130.0,1209.0,1566.0,2194.0,2549.0,0.004228578349322648,0.005508673230192217,0.004586657962733374,0.005975152367557431
19848,1823,Paris,TX,Lamar County,Paris,1261.25,172320.43936878673,175500.0,4806199999,39700.0,666.0,757.0,948.0,1264.0,1310.0,0.0073192130000363535,0.007186609686609687,0.007602116178432208,0.0074643874643874645
18226,1824,Gahanna,OH,Franklin County,Gahanna,2019.9666666666665,376425.2488471996,265700.0,3904999999,54500.0,1104.0,1194.0,1445.0,1741.0,1939.0,0.005366182722473596,0.007602433822606949,0.005151089109825065,0.00729770417764396
44051,1825,Bastrop,TX,Bastrop County,Bastrop,1903.157407407408,364790.9071634264,269500.0,4801199999,47850.0,813.0,952.0,1158.0,1592.0,1848.0,0.005217118546638535,0.007061808561808564,0.005065915744363923,0.006857142857142857
11011,1827,Culpeper,VA,Culpeper County,Culpeper,2133.333333333333,449247.37970563344,386400.0,5104799999,57550.0,1148.0,1148.0,1421.0,1882.0,2036.0,0.004748682863172594,0.005521048999309868,0.004532024207540345,0.005269151138716356
53581,1828,Niles,IL,Cook County,Niles,2228.333333333333,400119.8904288231,305200.0,1700799999,43300.0,810.0,900.0,1181.0,1561.0,1603.0,0.005569164109650102,0.007301223241590213,0.004006299207674995,0.005252293577981651
53338,1830,Millville,NJ,Cumberland County,Millville,1716.6666666666663,255210.4225462838,205600.0,3401199999,46350.0,1208.0,1275.0,1591.0,2163.0,2186.0,0.006726475547272523,0.008349546044098571,0.008565480900779266,0.010632295719844358
6568,1834,Port Angeles,WA,Clallam County,Port Angeles,1957.5,462150.3585970204,385600.0,5300199999,47400.0,753.0,821.0,1077.0,1509.0,1809.0,0.004235634493376807,0.0050765041493775935,0.003914310497327531,0.004691390041493776
14825,1835,Cottonwood Heights,UT,Salt Lake County,Cottonwood Heights,2017.3203703703705,763784.1613265859,484500.0,4903599999,61350.0,1243.0,1453.0,1748.0,2348.0,2670.0,0.002641217862997536,0.004163715934716967,0.0034957519875282368,0.005510835913312693
12105,1837,Jasper,AL,Walker County,Jasper,998.75,161828.60097773751,131100.0,0101399999,36100.0,600.0,684.0,809.0,975.0,1089.0,0.006171653180993614,0.007618230358504958,0.006729341991591535,0.008306636155606407
51873,1838,Elizabethton,TN,Carter County,Elizabethton,1000.0,233566.3093468296,157200.0,4701799999,39500.0,719.0,741.0,899.0,1130.0,1321.0,0.0042814394027824885,0.006361323155216285,0.005655781451075667,0.008403307888040713
24831,1839,Galt,CA,Sacramento County,Galt,2723.833333333333,543784.4434051982,498900.0,0606799999,64300.0,1679.0,1777.0,2206.0,2992.0,3455.0,0.0050090313659519,0.00545967795817465,0.006353620523538083,0.006925235518139908
37663,1840,Burlington Township,NJ,Burlington County,Burlington Township,2170.833333333333,395426.6014918249,326700.0,3400599999,59700.0,1372.0,1512.0,1802.0,2171.0,2468.0,0.0054898515303306245,0.006644730129578613,0.006241360572831931,0.007554331190694827
31623,1843,Foster City,CA,San Mateo County,Foster City,4053.494949494949,1846915.870532069,1494500.0,0600599999,54950.0,1253.0,1260.0,1493.0,2084.0,2507.0,0.0021947371908863384,0.0027122749745700564,0.0013573980493641925,0.0016774841083974574
53733,1844,Orange,NJ,Essex County,Orange,1899.0277777777776,473205.4962601105,494400.0,3401399999,67650.0,1551.0,1768.0,2140.0,2695.0,3065.0,0.004013114371634273,0.00384107560230133,0.006477101437374763,0.006199433656957929
52735,1845,Keizer,OR,Marion County,Keizer,2019.4166666666667,452366.9642601949,383300.0,4102599999,40700.0,640.0,711.0,933.0,1307.0,1567.0,0.004464111719495784,0.0052685016088355515,0.00346400184762096,0.004088181581007044
33836,1846,San Dimas,CA,Los Angeles County,San Dimas,2673.9666666666667,912254.7038614424,783300.0,0603799999,75750.0,1856.0,2081.0,2625.0,3335.0,3698.0,0.0029311623775116224,0.0034137197327545853,0.0040536924439489325,0.004721051959657858
7518,1847,Ukiah,CA,Mendocino County,Ukiah,1776.388888888889,489784.9889178546,486000.0,0604599999,46950.0,1173.0,1220.0,1601.0,2243.0,2688.0,0.0036268749126299174,0.0036551211705532693,0.0054881224635711,0.005530864197530864
12729,1848,Milford,OH,Clermont County,Milford,1696.4722222222224,330819.9000373036,245600.0,3901399999,41050.0,654.0,786.0,954.0,1228.0,1379.0,0.005128083957557953,0.006907460188201231,0.004168431221472779,0.005614820846905537
8878,1849,Ozark,MO,Christian County,Ozark,1434.5555555555557,313354.9154982642,249700.0,2900599999,38550.0,615.0,628.0,824.0,993.0,1190.0,0.004578053461438368,0.00574511636185645,0.0037976107638451645,0.0047657188626351625
38541,1850,Florence,AZ,Pinal County,Florence,1865.9166666666667,338749.7462851848,312100.0,0400799999,38200.0,966.0,1078.0,1409.0,1925.0,2004.0,0.005508245207941201,0.005978585923315177,0.005915871589503371,0.006421018904197373
18686,1851,Indiana,PA,Indiana County,Indiana,775.0,196555.23665137743,145400.0,4206399999,41850.0,720.0,799.0,908.0,1228.0,1391.0,0.003942911993612198,0.005330123796423659,0.007076891074986539,0.009566712517193947
20468,1852,Sherwood,AR,Pulaski County,Sherwood,1491.9444444444443,230572.9080098525,199600.0,0501999999,36500.0,699.0,721.0,848.0,1181.0,1334.0,0.006470597336529636,0.007474671565352927,0.0057855886518246,0.0066833667334669335
17527,1853,Collinsville,IL,Madison County,Collinsville,1111.1111111111113,192078.94822170812,167900.0,1700199999,46550.0,669.0,749.0,975.0,1261.0,1319.0,0.005784658451110454,0.006617695718350872,0.0068669680473132195,0.007855866587254318
7668,1855,Van Buren,AR,Crawford County,Van Buren,1141.25,198901.4486714216,170000.0,0503399999,36300.0,689.0,694.0,910.0,1236.0,1496.0,0.005737766153153093,0.0067132352941176475,0.007521312740518753,0.0088
25219,1856,Huntington Station,NY,Suffolk County,Huntington Station,3652.5,641502.8764281141,539500.0,3610399999,82450.0,1848.0,2241.0,2586.0,3352.0,3591.0,0.005693661142000029,0.006770157553290084,0.005597792514968406,0.006656163113994439
43815,1856,Abingdon,MD,Harford County,Abingdon,2091.742328042328,379446.4254739766,367300.0,2402599999,65150.0,1407.0,1604.0,1965.0,2529.0,2826.0,0.005512615714931238,0.005694915132159892,0.007447691716874045,0.007693983120065342
4790,1859,Fountain,CO,El Paso County,Fountain,2072.991923436041,397368.8043572409,431000.0,0802999999,51000.0,810.0,816.0,1039.0,1421.0,1745.0,0.00521679583476409,0.0048097260404548516,0.004391386492511922,0.004048723897911833
24568,1860,Elk Grove Village,IL,Cook County,Elk Grove Village,1877.7619047619048,383306.95764251193,305200.0,1700799999,43300.0,810.0,900.0,1181.0,1561.0,1603.0,0.004898846387529401,0.006152561942208076,0.0041820268796034345,0.005252293577981651
37609,1861,Brooklyn Center,MN,Hennepin County,Brooklyn Center,1699.0833333333333,301057.6568656753,376500.0,2705399999,66200.0,1220.0,1381.0,1685.0,2244.0,2513.0,0.005643714068004666,0.004512837538733953,0.008347238287054231,0.006674634794156706
42657,1863,Navarre,FL,Santa Rosa County,Navarre,2324.060869565217,416714.0681264536,302100.0,1211399999,49050.0,1219.0,1361.0,1605.0,2147.0,2644.0,0.005577111615199829,0.007693018436164241,0.006344878184428531,0.008752068851373718
32956,1864,Morrisville,PA,Bucks County,Morrisville,2638.333333333333,556244.6433311523,421700.0,4201199999,49900.0,928.0,1075.0,1353.0,1689.0,1794.0,0.0047431168371047825,0.006256422417200221,0.0032251995978898225,0.004254209153426607
22819,1865,Waxhaw,NC,Union County,Waxhaw,2657.6680264180263,625712.5641209454,374400.0,3700799999,38200.0,834.0,927.0,1216.0,1465.0,1728.0,0.004247426340482304,0.00709847229278319,0.0027616514340376755,0.004615384615384616
24444,1866,Dumfries,VA,Prince William County,Dumfries,3363.180555555555,597614.0389144869,500600.0,5110199999,56750.0,1488.0,1545.0,1711.0,2166.0,2677.0,0.005627679968269279,0.006718299152128556,0.0044794797740403385,0.005347582900519377
126604,1867,West Little River,FL,Miami-Dade County,West Little River,2516.388888888889,438956.455785214,425400.0,1208699999,61950.0,1711.0,1898.0,2329.0,3008.0,3527.0,0.0057326617611478635,0.005915347646659354,0.008034965549580157,0.008291020216267042
10115,1868,American Fork,UT,Utah County,American Fork,1776.178787878788,522207.67558033625,489200.0,4900599999,51700.0,914.0,920.0,1169.0,1638.0,1963.0,0.0034012881674037004,0.003630782477266533,0.003759040879317778,0.0040126737530662305
39308,1869,La Verne,CA,Los Angeles County,La Verne,2756.6428571428573,934894.2288752436,783300.0,0603799999,75750.0,1856.0,2081.0,2625.0,3335.0,3698.0,0.0029486146903049456,0.003519268297131185,0.003955527679798607,0.004721051959657858
24464,1870,Eagle,ID,Ada County,Eagle,2258.4194139194137,796099.2491278636,476000.0,1600199999,53500.0,1300.0,1534.0,1838.0,2575.0,3080.0,0.002836856605999239,0.004744578600671037,0.003868864344959724,0.006470588235294118
36906,1873,Palmer,AK,Matanuska Susitna Borough,Palmer,2208.333333333333,418413.6675007874,,0217099999,56850.0,1019.0,1055.0,1384.0,1939.0,2324.0,0.005277870932189798,,0.0055543118700720415,
4439,1874,Dunedin,FL,Pinellas County,Dunedin,2095.0458089668614,409161.12443544896,319000.0,1210399999,52150.0,1566.0,1686.0,1978.0,2533.0,3082.0,0.005120344245454787,0.006567541720899252,0.007532484920830326,0.009661442006269592
36921,1875,Franklin,MA,Norfolk County,Franklin,2496.152777777778,699818.1877440481,649400.0,2502102935,65700.0,1607.0,1652.0,2155.0,2730.0,2953.0,0.003566858966361592,0.003843783150258358,0.00421966741035892,0.004547274407145057
25253,1876,Inman,SC,Spartanburg County,Inman,1639.9047619047622,301295.1161397686,216000.0,4507599999,34000.0,787.0,792.0,949.0,1143.0,1258.0,0.005442852120921941,0.00759215167548501,0.004175308302761944,0.005824074074074074
31537,1878,Farmingdale,NY,Suffolk County,Farmingdale,3113.333333333333,703297.1111179587,539500.0,3610399999,82450.0,1848.0,2241.0,2586.0,3352.0,3591.0,0.004426768266379466,0.0057707754093296254,0.005105950164208351,0.006656163113994439
17686,1879,Dana Point,CA,Orange County,Dana Point,4095.760756056809,1662381.346894306,915500.0,0600399999,57700.0,1003.0,1101.0,1445.0,2025.0,2396.0,0.002463791333864875,0.004473796565873085,0.001441305873935758,0.002617149098853086
46405,1881,Maple Valley,WA,King County,Maple Valley,3126.0181818181823,807688.199897443,811200.0,5302199999,52800.0,1101.0,1236.0,1503.0,2003.0,2318.0,0.003870327908981599,0.0038535727093419406,0.0028699193578590482,0.0028574950690335305
19445,1883,Montgomery Village,MD,Montgomery County,Montgomery Village,2464.866666666667,396655.5740912676,615200.0,2403199999,81950.0,2012.0,2056.0,2314.0,2893.0,3413.0,0.006214123354534074,0.004006610316428262,0.008604442299390688,0.00554778933680104
20172,1884,Ridgecrest,CA,Kern County,Ridgecrest,1301.7328042328045,270001.2747663196,310600.0,0602199999,46950.0,841.0,935.0,1227.0,1631.0,2060.0,0.00482120984561805,0.0041910264141429635,0.007629593607596433,0.006632324533161623
10389,1885,Beverly Hills,CA,Los Angeles County,Beverly Hills,4408.1900966183575,3435255.823059538,783300.0,0603799999,75750.0,1856.0,2081.0,2625.0,3335.0,3698.0,0.0012832203258423694,0.005627716196372217,0.0010764846027410135,0.004721051959657858
832069,1886,Pittsford,NY,Monroe County,Pittsford,1935.0,502017.8152590219,197100.0,3600799999,47250.0,869.0,939.0,1188.0,1533.0,1752.0,0.0038544448845936165,0.009817351598173516,0.0034899159885312743,0.008888888888888889
44318,1888,Bristow,VA,Prince William County,Bristow,3078.555555555556,738718.0943130533,500600.0,5110199999,56750.0,1488.0,1545.0,1711.0,2166.0,2677.0,0.00416742946904307,0.006149731433391043,0.003623845172615392,0.005347582900519377
395586,1890,Sun Prairie,WI,Dane County,Sun Prairie,1652.7234848484848,433839.0569967952,366100.0,5500199999,46400.0,676.0,729.0,933.0,1165.0,1237.0,0.003809531341620756,0.004514404492893976,0.002851287776077611,0.003378858235454794
54364,1891,Sedalia,MO,Pettis County,Sedalia,1137.5,179708.3998630892,161500.0,2911199999,38800.0,576.0,628.0,824.0,1088.0,1092.0,0.006329698560927614,0.007043343653250774,0.00607651061849051,0.006761609907120743
31937,1892,Happy Valley,OR,Clackamas County,Happy Valley,1957.386446886447,694814.3316683808,577900.0,4100599999,62050.0,1628.0,1750.0,1997.0,2739.0,3217.0,0.0028171359709670803,0.0033870677398969494,0.004630013880507292,0.005566707042740959
19933,1893,Piedmont,SC,Greenville County,Piedmont,1469.0833333333333,297894.71242078545,273900.0,4500199999,36200.0,705.0,711.0,933.0,1232.0,1269.0,0.004931552229964417,0.005363575514177924,0.004259894342157703,0.004633077765607886
53260,1894,Melrose Park,IL,Cook County,Melrose Park,1375.0,308690.9482931663,305200.0,1700799999,43300.0,810.0,900.0,1181.0,1561.0,1603.0,0.004454293226292309,0.00450524246395806,0.005192896030361143,0.005252293577981651
38225,1895,Dover,NH,Strafford County,Dover,2251.6997354497357,539563.8025724014,332400.0,3301703460,70250.0,1475.0,1517.0,1961.0,2429.0,2749.0,0.004173185311384174,0.006774066592809072,0.005094856228112384,0.008270156438026473
26438,1896,Pearl,MS,Rankin County,Pearl,1380.8388888888887,198966.8834921564,223400.0,2803799999,34550.0,807.0,843.0,933.0,1238.0,1242.0,0.006940043813589329,0.006181015617228687,0.006242244830904042,0.005559534467323187
34254,1897,Terrell,TX,Kaufman County,Terrell,1837.5,279364.2052615486,290800.0,4819799999,39700.0,726.0,731.0,933.0,1259.0,1395.0,0.006577435352820814,0.006318775790921596,0.004993481533161924,0.004797111416781293
44045,1898,Bartow,FL,Polk County,Bartow,1662.2222222222224,275060.04630066146,240000.0,1206999999,52700.0,1636.0,1727.0,1958.0,2486.0,2960.0,0.006043124927003349,0.0069259259259259265,0.010761286634717192,0.012333333333333333
49509,1901,Murrells Inlet,SC,Georgetown County,Murrells Inlet,1881.4333333333332,397154.2972850648,262300.0,4504399999,41450.0,902.0,908.0,1191.0,1438.0,1722.0,0.004737285599563586,0.0071728300927690935,0.00433584632414037,0.006565001906214258
43098,1902,Sylvania,OH,Lucas County,Sylvania,1926.0833333333333,322503.78148373857,155200.0,3908599999,49700.0,881.0,995.0,1208.0,1553.0,1667.0,0.005972281393018181,0.012410330756013745,0.005168931639593982,0.010740979381443298
5840,1904,Matawan,NJ,Middlesex County,Matawan,2530.722222222222,639363.763341934,439300.0,3401399999,67650.0,1551.0,1768.0,2140.0,2695.0,3065.0,0.003958188385582283,0.00576080633330804,0.004793828139366772,0.006977008877760073
42710,1905,Richmond Hill,GA,Bryan County,Richmond Hill,2381.6499582289057,428726.5961229503,317100.0,1300599999,38100.0,629.0,715.0,905.0,1268.0,1300.0,0.0055551719435336724,0.007510722037934108,0.003032235489368114,0.004099653106275623
21960,1906,Estero,FL,Lee County,Estero,2814.7291666666665,507378.8328592154,326300.0,1201999999,51250.0,1381.0,1454.0,1730.0,2163.0,2739.0,0.0055475888712284566,0.008626200326897537,0.005398333203151189,0.008394115844315047
50547,1907,Wheat Ridge,CO,Jefferson County,Wheat Ridge,2110.173814165042,616504.3111012238,604400.0,0805999999,70050.0,1639.0,1789.0,2140.0,2794.0,3127.0,0.003422804636022363,0.0034913531008686997,0.005072146201888567,0.005173726009265387
31264,1907,Dracut,MA,Middlesex County,Dracut,2263.5,577082.009579274,687200.0,2501700380,82700.0,2263.0,2394.0,2837.0,3418.0,3761.0,0.0039223194666044466,0.003293800931315483,0.006517271267461596,0.005472933643771828
26310,1912,Orangevale,CA,Sacramento County,Orangevale,2157.6309523809523,562107.501398877,498900.0,0606799999,64300.0,1679.0,1777.0,2206.0,2992.0,3455.0,0.0038384667470393284,0.004324776412870219,0.006146511105797,0.006925235518139908
17469,1913,Clemmons,NC,Forsyth County,Clemmons,2100.9761904761904,383152.96550815646,227800.0,3701399999,39100.0,759.0,763.0,930.0,1245.0,1562.0,0.005483387523021704,0.009222898114469668,0.004076700797365351,0.0068568920105355575
25458,1914,Laguna Hills,CA,Orange County,Laguna Hills,2990.226107226108,1212081.495306108,915500.0,0600399999,57700.0,1003.0,1101.0,1445.0,2025.0,2396.0,0.0024670173736716728,0.0032662218538788727,0.001976764771410768,0.002617149098853086
52806,1915,Knightdale,NC,Wake County,Knightdale,1967.9433551198256,376431.555789257,422800.0,3700999999,38200.0,713.0,717.0,930.0,1228.0,1233.0,0.005227891564493512,0.004654549089687383,0.0032754958531964517,0.0029162724692526018
18359,1916,Granite City,IL,Madison County,Granite City,1010.6666666666666,114128.90135170677,167900.0,1700199999,46550.0,669.0,749.0,975.0,1261.0,1319.0,0.00885548405966104,0.0060194560254119515,0.011557107659656576,0.007855866587254318
38060,1918,Cranberry Township,PA,Butler County,Cranberry Township,1962.7200854700857,468312.5894331576,275600.0,4200799999,53650.0,998.0,1068.0,1280.0,1632.0,1759.0,0.004191047026614742,0.007121625854390732,0.003756038252418287,0.006382438316400581
42213,1920,Garfield,NJ,Bergen County,Garfield,2273.333333333333,583674.0311845728,593200.0,3400399999,68550.0,1556.0,1807.0,2072.0,2550.0,3225.0,0.0038948680459872063,0.0038323218700831644,0.00552534433210062,0.005436614969656102
27011,1921,Seaside,CA,Monterey County,Seaside,2790.972222222222,800305.069851305,723100.0,0604799999,46950.0,1071.0,1227.0,1509.0,2081.0,2534.0,0.0034873854075931055,0.0038597320180088815,0.003166292574493889,0.0035043562439496614
23492,1922,Anniston,AL,Calhoun County,Anniston,897.9166666666667,142904.34638586384,149500.0,0100999999,47950.0,998.0,1144.0,1267.0,1583.0,1791.0,0.006283340495761779,0.006006131549609811,0.012532858833866557,0.011979933110367894
397018,1923,Grand Haven,MI,Ottawa County,Grand Haven,1475.0,391448.2951122728,291200.0,2612799999,40950.0,657.0,711.0,933.0,1129.0,1444.0,0.0037680583065943605,0.005065247252747253,0.003688865216760852,0.004958791208791209
33874,1924,Saratoga,CA,Santa Clara County,Saratoga,6689.515873015873,3931821.8805469177,1382800.0,0608399999,88250.0,2381.0,2688.0,3028.0,4011.0,4468.0,0.0017013781590953859,0.004837659728822587,0.001136368873194861,0.0032311252531096327
8653,1926,Farmers Branch,TX,Dallas County,Farmers Branch,1712.4819324819323,377856.2063297021,277900.0,4805999999,43650.0,944.0,950.0,1207.0,1571.0,1899.0,0.004532099523033081,0.006162223578560389,0.005025721341051652,0.006833393306944944
3521,1927,Ballston Spa,NY,Saratoga County,Ballston Spa,2218.0333333333333,421460.7644750287,324800.0,3609199999,58050.0,1074.0,1230.0,1487.0,1792.0,1971.0,0.005262727922244706,0.006828920361247947,0.004676591906378465,0.006068349753694581
33547,1928,Prosper,TX,Collin County,Prosper,2359.04970760234,819344.8325489034,447600.0,4805999999,43650.0,944.0,950.0,1207.0,1571.0,1899.0,0.002879190316320861,0.005270441705992716,0.0023177054697378057,0.004242627345844504
17235,1929,Burlingame,CA,San Mateo County,Burlingame,3391.4300974658872,2614939.395726932,1494500.0,0600599999,54950.0,1253.0,1260.0,1493.0,2084.0,2507.0,0.0012969440527026428,0.0022692740699002257,0.0009587220277826263,0.0016774841083974574
46178,1932,Lawndale,CA,Los Angeles County,Lawndale,2614.9603174603176,779597.2449789568,783300.0,0603799999,75750.0,1856.0,2081.0,2625.0,3335.0,3698.0,0.0033542452007137374,0.0033383892728971244,0.004743474946605049,0.004721051959657858
26158,1933,Nixa,MO,Christian County,Nixa,1611.952380952381,318060.38732752536,249700.0,2900599999,38550.0,615.0,628.0,824.0,993.0,1190.0,0.005068070231872225,0.006455556191239011,0.00374142787789096,0.0047657188626351625
46803,1934,North Olmsted,OH,Cuyahoga County,North Olmsted,1866.9444444444443,273778.91812359844,183200.0,3903599999,49700.0,881.0,995.0,1208.0,1553.0,1667.0,0.006819168025207864,0.010190744784085395,0.006088854508685826,0.00909934497816594
33039,1935,Needham,MA,Norfolk County,Needham,3349.277777777778,1525965.756009318,649400.0,2502102935,65700.0,1607.0,1652.0,2155.0,2730.0,2953.0,0.0021948577578416685,0.005157495808096362,0.0019351679343857886,0.004547274407145057
3528,1936,Bangor,ME,Penobscot County,Bangor,1495.8618233618236,289351.5443630496,193800.0,2301901115,42500.0,839.0,880.0,1155.0,1455.0,1723.0,0.005169703955286185,0.007718585259864931,0.005954694327942313,0.008890608875128998
54056,1938,Randallstown,MD,Baltimore County,Randallstown,1461.221212121212,376910.1830870493,330000.0,2451099999,65150.0,1407.0,1604.0,1965.0,2529.0,2826.0,0.00387684195781926,0.004427943067033976,0.007497807506430043,0.008563636363636364
4324,1939,Deer Park,TX,Harris County,Deer Park,1803.492063492064,278393.57469586417,255000.0,4800999999,44450.0,823.0,896.0,1102.0,1506.0,1709.0,0.006478210086070844,0.00707251789604731,0.006138791104884609,0.006701960784313726
55490,1940,Chillum,MD,Prince Georges County,Chillum,1863.214177978884,415886.1541917183,404300.0,2403399999,81950.0,2012.0,2056.0,2314.0,2893.0,3413.0,0.00448010629639756,0.004608494133017275,0.00820657279786874,0.008441751174870145
29443,1941,Woodburn,OR,Marion County,Woodburn,1996.555555555556,427523.912991124,383300.0,4102599999,40700.0,640.0,711.0,933.0,1307.0,1567.0,0.004670044165686254,0.005208858741339828,0.0036652920512367532,0.004088181581007044
23523,1942,Arroyo Grande,CA,San Luis Obispo County,Arroyo Grande,3151.944444444445,1043452.9119966376,777200.0,0607999999,69500.0,1669.0,1855.0,2434.0,3250.0,3683.0,0.003020686806473354,0.004055512666552297,0.0035296274107401867,0.004738805970149254
45094,1945,Edwardsville,IL,Madison County,Edwardsville,1521.9444444444446,324318.2877952299,167900.0,1700199999,46550.0,669.0,749.0,975.0,1261.0,1319.0,0.004692749381451407,0.009064588710211105,0.004066992364096343,0.007855866587254318
115107,1946,Florin,CA,Sacramento County,Florin,2062.0,424180.4313200984,498900.0,0606799999,64300.0,1679.0,1777.0,2206.0,2992.0,3455.0,0.004861138911059188,0.004133092804169172,0.008145118786474052,0.006925235518139908
17818,1947,Drexel Hill,PA,Delaware County,Drexel Hill,1637.0833333333333,320850.04589189106,302400.0,4204599999,59700.0,1372.0,1512.0,1802.0,2171.0,2468.0,0.005102331616573747,0.005413635361552028,0.007692066844308887,0.008161375661375661
9655,1948,Jonesborough,TN,Washington County,Jonesborough,1637.5,333378.8087234784,231700.0,4717999999,42400.0,890.0,895.0,1119.0,1389.0,1562.0,0.0049118298978572065,0.007067328441950798,0.004685360794169744,0.006741476046611999
32157,1949,Inverness,FL,Citrus County,Inverness,1665.8015873015872,242759.8350404816,223200.0,1201799999,36300.0,945.0,951.0,1198.0,1679.0,2012.0,0.0068619324404459465,0.0074632687603117705,0.008288026722643338,0.009014336917562723
20404,1950,Seatac,WA,King County,Seatac,2122.562433862434,589407.2922911459,811200.0,5302199999,52800.0,1101.0,1236.0,1503.0,2003.0,2318.0,0.0036011811554139453,0.0026165710476607914,0.003932764372475717,0.0028574950690335305
4204,1951,Cooper City,FL,Broward County,Cooper City,3661.121693121693,671191.464418331,380400.0,1200399999,45750.0,901.0,952.0,1129.0,1523.0,1896.0,0.005454660685076649,0.00962439982418952,0.0028248273413952222,0.00498422712933754
55253,1952,Woodridge,IL,DuPage County,Woodridge,1641.6426282051282,405966.6792274237,374100.0,1704399999,59950.0,1458.0,1560.0,1761.0,2262.0,2657.0,0.004043786626353823,0.004388245464328063,0.006544872118707903,0.007102379043036621
54600,1953,Sugar Hill,GA,Gwinnett County,Sugar Hill,2312.014285714286,474953.739654239,345700.0,1313599999,57100.0,1591.0,1653.0,1830.0,2205.0,2653.0,0.004867872579332477,0.006687920988470599,0.005585807160780236,0.007674284061324848
11805,1954,Harker Heights,TX,Bell County,Harker Heights,1653.5555555555557,298560.44594603684,221100.0,4802599999,40400.0,844.0,849.0,1114.0,1421.0,1513.0,0.005538428073805955,0.007478767777275241,0.005067650522847445,0.006843057440072365
49559,1955,Marquette,MI,Marquette County,Marquette,1517.0,329217.8821821298,202000.0,2610399999,43600.0,723.0,893.0,1054.0,1270.0,1670.0,0.004607890646598492,0.00750990099009901,0.005072628463954833,0.008267326732673268
397752,1956,West Bend,WI,Washington County,West Bend,1083.611111111111,345614.01864270406,316200.0,5513199999,55350.0,939.0,1056.0,1257.0,1558.0,1701.0,0.0031353216381866406,0.003426980111040832,0.0049216753610868275,0.005379506641366224
25157,1957,Holladay,UT,Salt Lake County,Holladay,2306.1666666666665,812407.2693681117,484500.0,4903599999,61350.0,1243.0,1453.0,1748.0,2348.0,2670.0,0.0028386829532684966,0.004759889920880633,0.003286528937729372,0.005510835913312693
47440,1958,Rolla,MO,Phelps County,Rolla,742.098544973545,232647.0547771332,194900.0,2909199999,38550.0,615.0,634.0,824.0,1155.0,1384.0,0.0031898041678818864,0.0038075861722603643,0.0059489255143411034,0.007101077475628528
46887,1959,Olivehurst,CA,Yuba County,Olivehurst,2174.888888888889,449321.8981668432,380000.0,0611599999,48000.0,1195.0,1197.0,1522.0,2133.0,2556.0,0.0048403803548459695,0.0057233918128654976,0.005688572069218181,0.006726315789473684
38268,1960,Eagle River,AK,Anchorage Borough,Eagle River,2551.7878787878785,472009.8085548617,,,,,,,,,0.005406217905938462,,,
37206,1961,Atascadero,CA,San Luis Obispo County,Atascadero,2519.1666666666665,775181.7721509594,777200.0,0607999999,69500.0,1669.0,1855.0,2434.0,3250.0,3683.0,0.0032497754167729355,0.003241336421341568,0.004751143708888411,0.004738805970149254
33480,1962,Ponchatoula,LA,Tangipahoa Parish,Ponchatoula,1630.972222222222,247081.33326786623,,2210599999,40200.0,846.0,851.0,1099.0,1364.0,1457.0,0.0066009528144080785,,0.005896843685963256,
43775,1963,Willingboro Township,NJ,Burlington County,Willingboro Township,2933.333333333333,360131.50584268663,326700.0,3400599999,59700.0,1372.0,1512.0,1802.0,2171.0,2468.0,0.008145172765347217,0.008978675645342311,0.00685305217666259,0.007554331190694827
36164,1966,Port Chester,NY,Westchester County,Port Chester,2636.0,717073.1238013288,638400.0,3611999999,85000.0,2406.0,2511.0,2780.0,3465.0,3738.0,0.003676054662355922,0.004129072681704261,0.005212857484023686,0.005855263157894737
14495,1967,Watertown,WI,Dodge County,Watertown,1139.1666666666667,315283.8204681908,218400.0,5502599999,64900.0,1080.0,1282.0,1472.0,1935.0,2161.0,0.003613146608585955,0.0052159645909645915,0.006854141759608703,0.009894688644688645
10581,1968,Brownstown,MI,Wayne County,Brownstown,1919.9777777777776,302150.1089155264,170200.0,2601799999,41850.0,764.0,769.0,976.0,1305.0,1406.0,0.006354383867902411,0.011280715498106803,0.004653316211092554,0.00826086956521739
48463,1969,Wetumpka,AL,Elmore County,Wetumpka,1406.25,271035.83511638874,213600.0,0102599999,37500.0,578.0,600.0,772.0,1080.0,1309.0,0.005188428310212653,0.006583567415730337,0.004829619667959724,0.006128277153558052
43839,1970,Alabaster,AL,Shelby County,Alabaster,1917.0,299559.1583923682,298700.0,0104999999,36100.0,578.0,587.0,772.0,1044.0,1280.0,0.00639940374478245,0.006417810512219619,0.004272945640751975,0.004285236022765316
189314,1971,Lawrence Township,NJ,Mercer County,Lawrence Township,2461.7079365079367,463560.8906217663,351000.0,3400399999,68550.0,1556.0,1807.0,2072.0,2550.0,3225.0,0.005310430595657218,0.0070134129245240364,0.0069570148501405344,0.009188034188034188
7116,1972,Socorro,TX,El Paso County,Socorro,1335.8333333333337,204871.899280982,167300.0,4811999999,43300.0,732.0,786.0,933.0,1274.0,1284.0,0.00652033459943297,0.007984658298465832,0.006267330973678302,0.00767483562462642
21536,1973,Channelview,TX,Harris County,Channelview,1792.2777777777776,214138.41470108292,255000.0,4800999999,44450.0,823.0,896.0,1102.0,1506.0,1709.0,0.008369716289716764,0.007028540305010892,0.007980819333072972,0.006701960784313726
35891,1974,Naugatuck,CT,New Haven County,Naugatuck,1928.1666666666667,352243.88842047966,,,,,,,,,0.005473953502253474,,,
38352,1977,Elizabethtown,PA,Lancaster County,Elizabethtown,1505.9722222222224,354840.2344062118,279400.0,4202999999,59700.0,1372.0,1512.0,1802.0,2171.0,2468.0,0.004244085298676206,0.005390022269943531,0.006955242840851858,0.008833214030064424
53015,1978,Locust Grove,GA,Henry County,Locust Grove,2216.342857142857,331187.4785967516,277400.0,1309599999,38100.0,926.0,952.0,1080.0,1461.0,1756.0,0.006692109455748597,0.007989700278092492,0.005302132820480441,0.006330209084354723
13005,1979,North Andover,MA,Essex County,North Andover,2683.355555555556,811968.2176697701,584000.0,2501700380,82700.0,2263.0,2394.0,2837.0,3418.0,3761.0,0.003304754419152505,0.004594786910197869,0.0046319546974307926,0.0064400684931506845
18881,1980,La Porte,TX,Harris County,La Porte,1607.7865800865802,253624.29831511088,255000.0,4800999999,44450.0,823.0,896.0,1102.0,1506.0,1709.0,0.006339245059592102,0.006305045412104236,0.006738313368842461,0.006701960784313726
21547,1981,Ashland,OH,Ashland County,Ashland,859.4444444444445,226961.7359237029,175900.0,3900399999,46250.0,788.0,793.0,1040.0,1262.0,1431.0,0.003786737182576721,0.004885983197523845,0.0063050275597163015,0.008135304150085275
6256,1982,Norwood,MA,Norfolk County,Norwood,2657.111111111111,733153.9773634248,649400.0,2502102935,65700.0,1607.0,1652.0,2155.0,2730.0,2953.0,0.0036242197316676077,0.00409164014645998,0.004027803287134315,0.004547274407145057
4977,1983,Greenfield,IN,Hancock County,Greenfield,1679.7449494949497,285000.7232506351,258100.0,1805999999,55350.0,955.0,1097.0,1283.0,1669.0,2028.0,0.005893826971160876,0.0065081168132311105,0.00711577141583791,0.00785741960480434
56428,1984,Livingston,NJ,Essex County,Livingston,4656.666666666667,1051178.3989662975,494400.0,3401399999,67650.0,1551.0,1768.0,2140.0,2695.0,3065.0,0.00442994897083684,0.009418824163969795,0.0029157752889652643,0.006199433656957929
23440,1985,Aliquippa,PA,Beaver County,Aliquippa,1520.8333333333333,195900.023892568,185500.0,4200799999,53650.0,998.0,1068.0,1280.0,1632.0,1759.0,0.007763313669463163,0.008198562443845462,0.008979069859453613,0.009482479784366577
28072,1987,Zionsville,IN,Boone County,Zionsville,1713.5944444444442,653029.0262630307,341800.0,1800799999,45300.0,831.0,971.0,1161.0,1399.0,1750.0,0.0026240708690247914,0.005013441908848578,0.002679819624579942,0.005119953188999415
31439,1988,Endicott,NY,Broome County,Endicott,1473.3333333333333,192924.3540773673,145100.0,3600599999,81000.0,2406.0,2511.0,2780.0,3465.0,3738.0,0.007636844712422835,0.010153916838961635,0.01937546982016056,0.025761543762922123
36979,1989,Waynesboro,PA,Franklin County,Waynesboro,1151.6666666666667,270256.08355533204,236300.0,4205599999,47750.0,946.0,979.0,1193.0,1591.0,1803.0,0.004261390350648204,0.00487374806037523,0.006671450190059663,0.007630131189166314
40761,1991,Sapulpa,OK,Creek County,Sapulpa,1353.4444444444443,211106.27647554775,170900.0,4001999999,40800.0,786.0,792.0,1039.0,1292.0,1466.0,0.0064111994538505,0.007919511085104998,0.006944369558665422,0.008578115857226449
47677,1992,Shingle Springs,CA,El Dorado County,Shingle Springs,2337.1666666666665,670416.8423175245,640500.0,0601799999,64300.0,1679.0,1777.0,2206.0,2992.0,3455.0,0.003486139546535634,0.003648972157168878,0.0051535101475920775,0.005394223263075722
14948,1994,Daphne,AL,Baldwin County,Daphne,1654.0166666666669,335628.8604113331,287000.0,0100399999,46500.0,972.0,1043.0,1244.0,1550.0,1975.0,0.004928112155312184,0.005763124274099885,0.005884476077472957,0.006881533101045296
237555,1995,Schertz,TX,Bexar County,Schertz,1794.4305555555557,323117.5735394189,244100.0,4801999999,48300.0,1116.0,1231.0,1501.0,1907.0,2243.0,0.005553491058686237,0.007351210797032182,0.006941745617331345,0.009188857025809094
10849,1996,Clearfield,UT,Davis County,Clearfield,1709.111111111111,423546.614553856,470500.0,4901199999,60250.0,1158.0,1237.0,1532.0,2055.0,2488.0,0.004035237332522201,0.0036325422127760068,0.005874205847733529,0.005287991498405951
31123,1997,Crowley,TX,Tarrant County,Crowley,2183.0975783475783,320396.2972905309,294100.0,4800799999,39700.0,969.0,976.0,1280.0,1670.0,1914.0,0.0068137415969198156,0.007422977145010467,0.005973851808482079,0.006507990479428766
34222,1998,Syracuse,UT,Davis County,Syracuse,2439.924603174603,582598.8224924981,470500.0,4901199999,60250.0,1158.0,1237.0,1532.0,2055.0,2488.0,0.004188001260860806,0.0051858121215188156,0.004270520131427208,0.005287991498405951
4730,1999,Flemington,NJ,Hunterdon County,Flemington,2958.0,641918.0382557764,498800.0,3401799999,67000.0,1999.0,2029.0,2299.0,2822.0,3218.0,0.004608064929967532,0.005930232558139535,0.005013101063095172,0.006451483560545309
16269,2001,Waynesboro,VA,Augusta County,Waynesboro,1391.063492063492,306976.4199580008,281400.0,5101599999,47200.0,1107.0,1114.0,1282.0,1796.0,2092.0,0.004531499495152792,0.0049433670649022465,0.006814855682681485,0.007434257285003553
22544,2002,Poulsbo,WA,Kitsap County,Poulsbo,2599.729797979798,669435.2712362941,505700.0,5302999999,55700.0,1178.0,1317.0,1600.0,2242.0,2615.0,0.003883467020162668,0.005140853861933554,0.0039062775930086445,0.0051710500296618545
47783,2003,Southlake,TX,Tarrant County,Southlake,5793.75,1274601.4167945664,294100.0,4800799999,39700.0,969.0,976.0,1280.0,1670.0,1914.0,0.004545538647344691,0.019699931995919757,0.0015016459065402784,0.006507990479428766
21935,2005,Glenside,PA,Montgomery County,Glenside,1808.75,473433.76580241,409900.0,4208999999,52200.0,1158.0,1183.0,1552.0,2043.0,2379.0,0.0038204921800083246,0.004412661624786533,0.005024990129227258,0.005803854598682606
21281,2007,White Lake,MI,Oakland County,White Lake,1978.5277777777776,392863.6827905003,320400.0,2600599999,50350.0,846.0,851.0,1111.0,1416.0,1496.0,0.005036168687633195,0.006175180330142876,0.0038079366088867054,0.00466916354556804
12306,2008,Langhorne,PA,Bucks County,Langhorne,2256.833333333333,576962.1630318036,421700.0,4201199999,49900.0,928.0,1075.0,1353.0,1689.0,1794.0,0.0039115794378511625,0.005351750849735198,0.003109389341188237,0.004254209153426607
35486,2010,Hopewell,VA,Prince George County,Hopewell,1327.736111111111,230649.0740619536,268300.0,5109999999,67100.0,1072.0,1079.0,1337.0,1873.0,2245.0,0.005756520447831817,0.004948699631424193,0.009733401311626253,0.00836749906820723
30411,2011,Beltsville,MD,Prince Georges County,Beltsville,1561.808225108225,467176.1751066802,404300.0,2403399999,81950.0,2012.0,2056.0,2314.0,2893.0,3413.0,0.0033430819214006033,0.0038629933838937053,0.0073055951520229765,0.008441751174870145
29459,2012,Tewksbury,MA,Middlesex County,Tewksbury,2587.9333333333334,679640.8158465653,687200.0,2501700380,82700.0,2263.0,2394.0,2837.0,3418.0,3761.0,0.0038077956370377577,0.003765909972836632,0.005533805375292643,0.005472933643771828
32463,2013,Lebanon,OR,Linn County,Lebanon,1651.4285714285716,396143.22747486015,344600.0,4103999999,45850.0,1060.0,1140.0,1495.0,2095.0,2510.0,0.004168766387741347,0.004792305778956969,0.006336092165451165,0.007283807312826465
35860,2014,Muscatine,IA,Muscatine County,Muscatine,850.0,185746.90996880992,172400.0,1912599999,52300.0,669.0,769.0,976.0,1176.0,1294.0,0.00457611919435284,0.004930394431554524,0.006966468514697147,0.007505800464037123
24325,2015,Dawsonville,GA,Dawson County,Dawsonville,2290.944444444445,443441.01203983935,351900.0,1300399999,38100.0,728.0,733.0,905.0,1155.0,1300.0,0.005166289049147811,0.006510214391714819,0.002931618782890578,0.003694231315714692
6916,2017,San Carlos,CA,San Mateo County,San Carlos,4184.437037037037,2356970.4089340623,1494500.0,0600599999,54950.0,1253.0,1260.0,1493.0,2084.0,2507.0,0.001775345596693106,0.0027998909582047757,0.0010636535743076166,0.0016774841083974574
40516,2018,Red Bluff,CA,Tehama County,Red Bluff,1515.0,312908.2487929373,315600.0,0600599999,54950.0,1253.0,1260.0,1493.0,2084.0,2507.0,0.0048416748546713136,0.004800380228136882,0.008011933241360385,0.007943599493029151
4560,2020,Ellensburg,WA,Kittitas County,Ellensburg,1857.190476190476,460465.6561871424,459900.0,5303599999,62150.0,1411.0,1568.0,2057.0,2685.0,3090.0,0.0040332877191511475,0.0040382484805185385,0.006710598192244249,0.006718851924331377
30798,2021,Cedar City,UT,Iron County,Cedar City,1527.832167832168,401336.833711454,342900.0,4900799999,50000.0,640.0,767.0,933.0,1161.0,1526.0,0.00380685758070893,0.0044556202036517,0.003802292418286073,0.004450277048702245
18915,2022,Lake Jackson,TX,Brazoria County,Lake Jackson,1578.0,274600.7628747853,276800.0,4801999999,48300.0,1116.0,1231.0,1501.0,1907.0,2243.0,0.0057465244578346255,0.005700867052023121,0.008168222027200928,0.008103323699421966
29386,2023,Woodway,TX,McLennan County,Woodway,1804.119047619048,371134.166887261,219200.0,4807799999,44450.0,823.0,896.0,1102.0,1506.0,1709.0,0.004861096629152668,0.008230470107751131,0.0046048037407430105,0.007796532846715328
21122,2024,Voorhees Township,NJ,Camden County,Voorhees Township,1810.0,524896.1893893047,262200.0,3400799999,59700.0,1372.0,1512.0,1802.0,2171.0,2468.0,0.003448300895660647,0.006903127383676583,0.0047018821052433575,0.009412662090007629
23431,2026,Aldie,VA,Loudoun County,Aldie,3280.833333333333,1089706.636218008,701000.0,5106399999,44100.0,691.0,695.0,912.0,1149.0,1209.0,0.0030107491542126995,0.004680218735140276,0.0011094729166705067,0.001724679029957204
34749,2027,West Linn,OR,Clackamas County,West Linn,2537.117424242424,777232.3822191117,577900.0,4100599999,62050.0,1628.0,1750.0,1997.0,2739.0,3217.0,0.00326429711664687,0.004390236068943457,0.004139045250295666,0.005566707042740959
55428,2028,Chaska,MN,Carver County,Chaska,1979.7142857142856,472692.5403145322,426900.0,2700599999,48750.0,669.0,750.0,976.0,1305.0,1419.0,0.004188164857429256,0.004637419268480407,0.003001951329834378,0.003323963457484188
37968,2030,Colonial Heights,VA,Chesterfield County,Colonial Heights,1930.5833333333333,294016.2855148551,336700.0,5104199999,56750.0,1488.0,1545.0,1711.0,2166.0,2677.0,0.006566246253851782,0.005733838233838233,0.009104937827890302,0.00795069795069795
21128,2031,Wailuku,HI,Maui County,Wailuku,3177.7777777777774,941220.0497195928,858600.0,1500799999,66450.0,1597.0,1625.0,2135.0,2810.0,3324.0,0.003376232559776534,0.003701115511038641,0.003531586477562056,0.0038714185883997206
47550,2032,San Lorenzo,CA,Alameda County,San Lorenzo,2911.1111111111118,831256.1798277845,1057400.0,0600199999,79900.0,1937.0,2201.0,2682.0,3432.0,4077.0,0.0035020625190590716,0.002753084084652082,0.004904625191291393,0.0038556837526007187
3964,2034,Canyon Lake,TX,Comal County,Canyon Lake,1715.873015873016,407860.2215553468,398800.0,4805799999,45800.0,732.0,843.0,933.0,1307.0,1378.0,0.004207012415502675,0.0043025903106143825,0.003378608472150317,0.0034553660982948845
4931,2035,Goleta,CA,Santa Barbara County,Goleta,4052.428571428571,1355705.9566828643,735700.0,0608399999,88250.0,2381.0,2688.0,3028.0,4011.0,4468.0,0.002989164834345079,0.005508262296355268,0.003295699910423263,0.0060731276335462825
29344,2036,Saratoga Springs,UT,Utah County,Saratoga Springs,2421.857692307692,567489.6073580923,489200.0,4900599999,51700.0,914.0,920.0,1169.0,1638.0,1963.0,0.004267668801165327,0.004950649411912698,0.003459094183484007,0.0040126737530662305
54666,2038,Tehachapi,CA,Kern County,Tehachapi,2248.6111111111118,427489.935524346,310600.0,0602199999,46950.0,841.0,935.0,1227.0,1631.0,2060.0,0.0052600328668627825,0.007239572154253419,0.004818826898166075,0.006632324533161623
40869,2040,Shelbyville,KY,Shelby County,Shelbyville,1725.0,298010.59153064963,277500.0,2104599999,35450.0,624.0,783.0,867.0,1084.0,1298.0,0.005788384872967135,0.006216216216216216,0.004355549892818169,0.004677477477477478
27896,2041,Westfield,NJ,Union County,Westfield,2717.5,1231286.471275909,488800.0,3400599999,59700.0,1372.0,1512.0,1802.0,2171.0,2468.0,0.002207041223464444,0.005559533551554828,0.0020044076318344976,0.0050490998363338785
14972,2042,Derby,KS,Sedgwick County,Derby,1367.611111111111,282195.7933832052,190700.0,2017399999,46900.0,690.0,760.0,995.0,1305.0,1594.0,0.004846319977753801,0.007171531783487735,0.005648560458289477,0.008358678552700578
4826,2043,Front Royal,VA,Warren County,Front Royal,1946.25,377688.1521418258,315800.0,5104399999,81950.0,2012.0,2056.0,2314.0,2893.0,3413.0,0.005153060769746262,0.006162919569347688,0.00903655563629749,0.010807473084230525
32970,2044,Mount Airy,MD,Frederick County,Mount Airy,1950.0,642004.7442547341,437700.0,2402199999,81950.0,2012.0,2056.0,2314.0,2893.0,3413.0,0.0030373607320669277,0.004455106237148732,0.005316160091561243,0.0077975782499428836
19434,2045,Monterey,CA,Monterey County,Monterey,2739.1388888888887,1175142.9540927785,723100.0,0604799999,46950.0,1071.0,1227.0,1509.0,2081.0,2534.0,0.0023308984488644873,0.0037880499085726576,0.0021563333985661955,0.0035043562439496614
17049,2047,Blacklick,OH,Franklin County,Blacklick,1927.777777777778,356679.6201720259,265700.0,3904999999,54500.0,1104.0,1194.0,1445.0,1741.0,1939.0,0.00540478813128716,0.007255467737214069,0.00543625116306007,0.00729770417764396
22400,2049,Newington,CT,Hartford County,Newington,2818.75,368532.9192946074,,,,,,,,,0.007648570459852663,,,
18548,2053,Hernando,MS,DeSoto County,Hernando,2161.6666666666665,344403.510375771,248700.0,2800999999,34550.0,807.0,843.0,933.0,1242.0,1242.0,0.006276552362396424,0.008691864361345664,0.0036062350196282306,0.004993968636911942
26168,2055,North Attleboro,MA,Bristol County,North Attleboro,2540.6666666666665,605360.9012014754,421800.0,2500500520,59800.0,1081.0,1177.0,1448.0,1745.0,2088.0,0.004196945428130789,0.006023391812865497,0.0034491821256640337,0.0049502133712660025
55131,2056,West Warwick,RI,Kent County,West Warwick,1828.25,393789.5142051315,333900.0,4400318640,57150.0,1233.0,1319.0,1614.0,1945.0,2359.0,0.004642708690936941,0.005475441749026655,0.005990509942250919,0.007064989517819706
4818,2057,Fremont,NE,Dodge County,Fremont,1305.4,252903.56736943836,188100.0,3101599999,47250.0,622.0,691.0,907.0,1129.0,1204.0,0.0051616511921047286,0.0069399255715045195,0.00476070785605492,0.006400850611376927
26365,2058,Palm City,FL,Martin County,Palm City,2737.9166666666665,618542.1493355074,386500.0,1207999999,35600.0,731.0,811.0,933.0,1152.0,1336.0,0.004426402743302099,0.007083872358775334,0.002159917479245754,0.003456662354463131
23805,2060,Brainerd,MN,Crow Wing County,Brainerd,1341.0,309160.8572034352,274400.0,2701599999,48300.0,640.0,711.0,933.0,1140.0,1567.0,0.004337547812909543,0.004887026239067055,0.005068558853713091,0.00571064139941691
19837,2061,Paragould,AR,Greene County,Paragould,1082.5,189436.71900860115,162200.0,0505399999,45450.0,704.0,708.0,848.0,1094.0,1338.0,0.005714309272590655,0.0066738594327990135,0.007063044625151314,0.008249075215782983
53676,2062,Ocean Springs,MS,Jackson County,Ocean Springs,2043.2539682539684,272224.1689752386,181700.0,2800399999,35050.0,780.0,784.0,933.0,1286.0,1291.0,0.007505777227443101,0.011245206209432958,0.004742415064980615,0.007105118326912493
28517,2063,Lansing,IL,Cook County,Lansing,1781.25,203475.9312630172,305200.0,1700799999,43300.0,810.0,900.0,1181.0,1561.0,1603.0,0.00875410663533231,0.005836336828309305,0.007878081648526424,0.005252293577981651
53876,2064,Phillipsburg,NJ,Warren County,Phillipsburg,1856.5,337018.6434169119,323100.0,3400399999,68550.0,1556.0,1807.0,2072.0,2550.0,3225.0,0.005508597332116729,0.005745899102445063,0.009569203552963345,0.009981429897864439
396851,2065,Dania Beach,FL,Broward County,Dania Beach,2369.30303030303,336996.28520145296,380400.0,1200399999,45750.0,901.0,952.0,1129.0,1523.0,1896.0,0.0070306502900668024,0.006228451709524264,0.0056261747777622845,0.00498422712933754
13058,2066,O Fallon,IL,Saint Clair County,O Fallon,1811.3743386243384,313129.2449638825,168800.0,1716399999,55700.0,951.0,984.0,1215.0,1570.0,1806.0,0.005784749804615884,0.010730890631660772,0.005767586480810219,0.010699052132701422
46734,2067,Newberg,OR,Yamhill County,Newberg,2276.0,535852.8875111394,442700.0,4105999999,40700.0,779.0,866.0,1136.0,1592.0,1908.0,0.004247434422853019,0.005141179128077705,0.0035606787692458526,0.004309916421956178
32492,2068,Libertyville,IL,Lake County,Libertyville,2441.277777777778,605034.4422198747,326600.0,1702399999,45900.0,635.0,747.0,926.0,1181.0,1228.0,0.004034940174348945,0.007474824794175682,0.002029636520351571,0.0037599510104102877
49547,2069,Parkville,MD,Baltimore County,Parkville,1649.2089947089946,288219.3816883967,330000.0,2451099999,65150.0,1407.0,1604.0,1965.0,2529.0,2826.0,0.0057220613861839725,0.004997603014269681,0.009805031096261529,0.008563636363636364
23690,2070,Bethel Park,PA,Allegheny County,Bethel Park,1727.9166666666667,304603.1440585163,216700.0,4200399999,53650.0,998.0,1068.0,1280.0,1632.0,1759.0,0.005672681652736724,0.007973773265651438,0.005774726999082072,0.008117212736502077
57124,2071,Coram,NY,Suffolk County,Coram,3137.777777777778,556034.4725222422,539500.0,3610399999,82450.0,1848.0,2241.0,2586.0,3352.0,3591.0,0.005643135332139433,0.00581608485222943,0.006458232677033085,0.006656163113994439
40109,2072,Oak Ridge,TN,Anderson County,Oak Ridge,1793.0,322952.2147573558,215800.0,4700199999,49700.0,1256.0,1264.0,1548.0,1989.0,2335.0,0.005551904950852056,0.008308619091751622,0.007230171812738176,0.010820203892493049
24877,2073,Glendale Heights,IL,DuPage County,Glendale Heights,1880.107142857143,320685.0336066456,374100.0,1704399999,59950.0,1458.0,1560.0,1761.0,2262.0,2657.0,0.005862784183322053,0.005025680681254058,0.00828538822070223,0.007102379043036621
6528,2074,Plainview,NY,Nassau County,Plainview,5325.0,946471.5590635496,658700.0,3605999999,82450.0,1848.0,2241.0,2586.0,3352.0,3591.0,0.005626159549124349,0.008084105055412176,0.0037940918198883637,0.005451647183846971
18679,2075,Independence,KY,Kenton County,Independence,2118.75,316698.3033081684,227500.0,2105399999,35450.0,624.0,661.0,867.0,1045.0,1194.0,0.006690121095907217,0.009313186813186812,0.0037701496582953236,0.0052483516483516485
18263,2076,Geneva,IL,Kane County,Geneva,2072.6666666666665,525496.5940291198,303000.0,1700799999,43300.0,810.0,900.0,1181.0,1561.0,1603.0,0.003944205709831512,0.00684048404840484,0.0030504479347989296,0.0052904290429042905
12614,2077,Matthews,NC,Mecklenburg County,Matthews,1743.98691626409,503074.1143820682,371200.0,3711999999,56100.0,1586.0,1647.0,1824.0,2250.0,2852.0,0.0034666600137163673,0.004698240614935587,0.005669144800867254,0.007683189655172414
22918,2078,Salem,NH,Rockingham County,Salem,2635.738888888889,602961.9263157024,461400.0,3301502340,70650.0,1346.0,1498.0,1963.0,2365.0,2603.0,0.004371318940474615,0.005712481336993691,0.004317022164077912,0.005641525791070655
37738,2079,Cantonment,FL,Escambia County,Cantonment,1688.7648148148146,327956.08400131256,234200.0,1202399999,38300.0,815.0,820.0,1076.0,1305.0,1427.0,0.005149362665301418,0.0072107805927191055,0.004351192338283588,0.006093082835183603
13974,2082,Springville,UT,Utah County,Springville,1622.0269841269844,510702.0811376241,489200.0,4900599999,51700.0,914.0,920.0,1169.0,1638.0,1963.0,0.0031760727908408115,0.0033156724941271146,0.003843728217490875,0.0040126737530662305
24926,2084,Granger,IN,Saint Joseph County,Granger,1949.8333333333333,408433.7868577601,179800.0,1814199999,44000.0,751.0,936.0,1095.0,1350.0,1452.0,0.004773927613418466,0.010844456803856137,0.0035550437958886813,0.008075639599555061
5875,2085,McKeesport,PA,Allegheny County,McKeesport,1043.3333333333333,96763.86300508556,216700.0,4200399999,53650.0,998.0,1068.0,1280.0,1632.0,1759.0,0.010782262106242073,0.0048146439009383165,0.018178273844932723,0.008117212736502077
11441,2086,Fitchburg,WI,Dane County,Fitchburg,1790.6498316498316,509811.4881768073,366100.0,5500199999,46400.0,676.0,729.0,933.0,1165.0,1237.0,0.0035123763845604393,0.004891149499180092,0.0024263870640180572,0.003378858235454794
30354,2087,Batavia,IL,Kane County,Batavia,1748.3333333333333,450110.76118420856,303000.0,1700799999,43300.0,810.0,900.0,1181.0,1561.0,1603.0,0.0038842291366987004,0.00577007700770077,0.0035613456469750335,0.0052904290429042905
117041,2088,Oildale,CA,Kern County,Oildale,1504.148148148148,286131.3895095397,310600.0,0602199999,46950.0,841.0,935.0,1227.0,1631.0,2060.0,0.005256844244619304,0.004842717798287662,0.007199489729285081,0.006632324533161623
13056,2089,Nutley,NJ,Essex County,Nutley,2704.1666666666665,657296.8876626344,494400.0,3401399999,67650.0,1551.0,1768.0,2140.0,2695.0,3065.0,0.004114071917003527,0.005469592772384034,0.00466303744552819,0.006199433656957929
397497,2090,Milford,MA,Worcester County,Milford,2660.1111111111118,557602.3285266343,390700.0,2502701885,62350.0,1139.0,1332.0,1661.0,2165.0,2475.0,0.004770624107937257,0.006808577197622502,0.0044386471744832035,0.006334783721525467
25145,2091,Hobart,IN,Lake County,Hobart,1498.3333333333333,243141.69375090697,214700.0,1800399999,45000.0,943.0,991.0,1199.0,1512.0,1632.0,0.0061623874960266625,0.006978730010867878,0.006712135524037051,0.00760130414531905
397855,2093,Mount Pleasant,WI,Racine County,Mount Pleasant,1608.2777777777776,333489.1239612806,239400.0,5502599999,64900.0,1080.0,1282.0,1472.0,1935.0,2161.0,0.004822579395316367,0.006717952288127726,0.006479971443539192,0.009026733500417711
34545,2094,Vernon Rockville,CT,Tolland County,Vernon Rockville,1731.9444444444443,343848.93902231706,,,,,,,,,0.0050369340948643575,,,
16309,2096,Southgate,MI,Wayne County,Southgate,1882.9166666666667,196417.5534774156,170200.0,2601799999,41850.0,764.0,769.0,976.0,1305.0,1406.0,0.009586295284363,0.011062965139052095,0.007158219696294425,0.00826086956521739
18879,2097,La Place,LA,Saint John the Baptist Parish,La Place,1846.861111111111,210843.76601682036,,2209599999,44900.0,1071.0,1236.0,1478.0,1889.0,2217.0,0.008759382105533892,,0.010514894710347451,
36693,2098,Kuna,ID,Ada County,Kuna,2129.472222222222,455867.1941049777,476000.0,1600199999,53500.0,1300.0,1534.0,1838.0,2575.0,3080.0,0.004671255685338578,0.004473681139122315,0.006756353692103437,0.006470588235294118
39923,2099,Murray,KY,Calloway County,Murray,1240.7777777777776,178374.1810818779,181200.0,2100799999,40250.0,670.0,710.0,931.0,1122.0,1283.0,0.006956039098552227,0.00684755948000981,0.007192745005013215,0.0070805739514348785
5926,2099,Miami Lakes,FL,Miami-Dade County,Miami Lakes,2543.7460570618464,650412.1745122111,425400.0,1208699999,61950.0,1711.0,1898.0,2329.0,3008.0,3527.0,0.003910975465626203,0.00597965692774294,0.005422715223073953,0.008291020216267042
24372,2101,Des Moines,WA,King County,Des Moines,2215.928571428571,608949.612462503,811200.0,5302199999,52800.0,1101.0,1236.0,1503.0,2003.0,2318.0,0.003638935843094933,0.0027316673710904476,0.0038065546845926176,0.0028574950690335305
33774,2102,Ruskin,FL,Hillsborough County,Ruskin,2393.8863636363635,325644.86970824585,333300.0,1205799999,52150.0,1566.0,1686.0,1978.0,2533.0,3082.0,0.007351217802943163,0.007182377328641955,0.009464297726419728,0.009246924692469247
5027,2103,Hackettstown,NJ,Warren County,Hackettstown,2802.7777777777774,493699.6649592076,323100.0,3400399999,68550.0,1556.0,1807.0,2072.0,2550.0,3225.0,0.005677090702521257,0.008674644932769352,0.006532311502108207,0.009981429897864439
51338,2104,Centralia,WA,Lewis County,Centralia,1631.5277777777776,399837.8283066673,341500.0,5304199999,47400.0,868.0,974.0,1257.0,1679.0,1791.0,0.004080473787803864,0.004777533756303887,0.004479316045670247,0.005244509516837481
27227,2105,Springfield,TN,Robertson County,Springfield,1653.9833333333331,329529.3990489855,296700.0,4700199999,49700.0,1256.0,1264.0,1548.0,1989.0,2335.0,0.005019228445494369,0.005574598359734861,0.007085862465500067,0.00786990225817324
50554,2106,Savage,MN,Scott County,Savage,2071.180952380952,432948.7863434167,393500.0,2703199999,47600.0,640.0,843.0,933.0,1240.0,1347.0,0.00478389365604569,0.00526348399588552,0.0031112224874827437,0.003423125794155019
26241,2107,Oak Park,MI,Oakland County,Oak Park,1542.6555555555558,234140.49879418252,320400.0,2600599999,50350.0,846.0,851.0,1111.0,1416.0,1496.0,0.0065885891740224,0.004814780135941186,0.006389326099945807,0.00466916354556804
47895,2109,Summerfield,FL,Marion County,Summerfield,1917.9444444444443,296905.102280043,220800.0,1204799999,35600.0,806.0,811.0,933.0,1242.0,1247.0,0.006459789440180875,0.008686342592592593,0.0041999951850737165,0.005647644927536232
11449,2112,Fleming Island,FL,Clay County,Fleming Island,1966.1120857699805,450123.5953590337,281500.0,1200599999,47050.0,1367.0,1375.0,1609.0,2137.0,2702.0,0.004367938286376086,0.006984412382841849,0.006002795738456666,0.009598579040852576
40979,2113,South Lake Tahoe,CA,El Dorado County,South Lake Tahoe,2473.818514818515,657964.2918295653,640500.0,0601799999,64300.0,1679.0,1777.0,2206.0,2992.0,3455.0,0.003759806642302279,0.003862323988787689,0.005251044840735765,0.005394223263075722
5082,2115,Hartsville,SC,Darlington County,Hartsville,947.5,167006.61297935597,141400.0,4501999999,55450.0,1583.0,1644.0,1820.0,2255.0,2653.0,0.005673428034356475,0.006700848656294201,0.01588559849619813,0.01876237623762376
10769,2116,Central Point,OR,Jackson County,Central Point,2151.25,419676.4009764384,400200.0,4102999999,46200.0,998.0,1137.0,1456.0,2040.0,2404.0,0.005125973237939524,0.005375437281359321,0.005728222969904296,0.0060069965017491254
25637,2117,Long Branch,NJ,Monmouth County,Long Branch,2638.3611111111118,786169.4950137249,566500.0,3402599999,68400.0,1474.0,1654.0,2040.0,2717.0,3023.0,0.003355969835824082,0.004657301167009906,0.0038452267852840368,0.005336275375110326
4498,2118,East Windsor Township,NJ,Mercer County,East Windsor Township,2663.333333333333,485638.0878035018,351000.0,3400399999,68550.0,1556.0,1807.0,2072.0,2550.0,3225.0,0.005484193682952988,0.00758784425451092,0.006640747669908656,0.009188034188034188
12995,2120,Norfolk,NE,Madison County,Norfolk,978.3333333333334,259146.31686378556,196000.0,3100199999,46200.0,662.0,756.0,907.0,1192.0,1203.0,0.003775216044639262,0.004991496598639456,0.004642165146542793,0.006137755102040817
31704,2121,Garfield Heights,OH,Cuyahoga County,Garfield Heights,1423.588095238095,135920.83839852852,183200.0,3903599999,49700.0,881.0,995.0,1208.0,1553.0,1667.0,0.01047365593099157,0.0077706773757537945,0.012264491741231395,0.00909934497816594
16859,2122,Azle,TX,Parker County,Azle,1866.8452380952376,335103.83034626226,343600.0,4800999999,44450.0,823.0,896.0,1102.0,1506.0,1709.0,0.005570945686195915,0.005433193358833637,0.005099911863836629,0.004973806752037253
45549,2123,Green Cove Springs,FL,Clay County,Green Cove Springs,2130.3888888888887,345258.1384519459,281500.0,1200599999,47050.0,1367.0,1375.0,1609.0,2137.0,2702.0,0.006170423377826915,0.007567988948095519,0.007826028409106053,0.009598579040852576
14751,2124,Zebulon,NC,Wake County,Zebulon,2023.111111111111,347369.17681669054,422800.0,3700999999,38200.0,713.0,717.0,930.0,1228.0,1233.0,0.00582409507271488,0.004785031010196573,0.003549537731871541,0.0029162724692526018
18758,2125,Johnston,RI,Providence County,Johnston,2000.0,448735.5089061062,339100.0,4400711800,57150.0,1233.0,1319.0,1614.0,1945.0,2359.0,0.004456968437544536,0.005897965202005308,0.005256994272083779,0.006956649955765261
19379,2126,Mill Valley,CA,Marin County,Mill Valley,6244.074074074074,1985520.7856648937,1390000.0,0600399999,57700.0,1003.0,1101.0,1445.0,2025.0,2396.0,0.003144804183947696,0.004492139621636025,0.001206736296743249,0.0017237410071942445
33479,2127,Ponca City,OK,Kay County,Ponca City,877.7777777777778,130395.0947928478,116800.0,4000599999,37100.0,678.0,701.0,910.0,1139.0,1206.0,0.006731677899174503,0.0075152207001522075,0.00924881416678988,0.010325342465753425
40406,2128,Port Washington,NY,Nassau County,Port Washington,4123.333333333333,1220345.9262371948,658700.0,3605999999,82450.0,1848.0,2241.0,2586.0,3352.0,3591.0,0.003378823368589583,0.006259804665755781,0.002942608257867064,0.005451647183846971
4593,2129,Englewood,FL,Sarasota County,Englewood,1918.5833333333333,336515.7150856671,373100.0,1211599999,53800.0,1266.0,1580.0,1846.0,2425.0,2903.0,0.0057013186823828355,0.005142276422764228,0.00862664021280843,0.0077807558295363176
37385,2131,Benton Harbor,MI,Berrien County,Benton Harbor,2550.0,151855.68688658669,211400.0,2601599999,51800.0,728.0,793.0,1040.0,1412.0,1520.0,0.0167922588365391,0.012062440870387891,0.010009503306486051,0.0071901608325449385
52922,2132,Leesburg,GA,Lee County,Leesburg,1675.0,260030.0676783028,226900.0,1302399999,38100.0,685.0,690.0,905.0,1222.0,1477.0,0.00644156275832006,0.007382106654914059,0.0056801123546499875,0.006509475539885412
46384,2133,Malvern,PA,Chester County,Malvern,2298.733974358974,794000.7668262366,461800.0,4202799999,54050.0,1226.0,1234.0,1431.0,1743.0,1897.0,0.002895128154028649,0.004977769541704145,0.002389166458343169,0.004107838891294933
15560,2135,Magna,UT,Salt Lake County,Magna,1942.2222222222224,444867.1027031013,484500.0,4903599999,61350.0,1243.0,1453.0,1748.0,2348.0,2670.0,0.004365848160992109,0.0040087145969498915,0.006001792408961119,0.005510835913312693
831687,2136,Amsterdam,NY,Montgomery County,Amsterdam,1233.3333333333333,236470.6483729173,141600.0,3605599999,51950.0,1022.0,1149.0,1427.0,1720.0,1892.0,0.005215587396658001,0.008709981167608285,0.008000992990116437,0.013361581920903955
31666,2138,Fridley,MN,Anoka County,Fridley,1406.6891025641023,326551.3654749939,325800.0,2700399999,66200.0,1220.0,1381.0,1685.0,2244.0,2513.0,0.004307711592379857,0.004317646109773181,0.007695573394233553,0.007713321055862492
16172,2139,Trussville,AL,Jefferson County,Trussville,2119.1666666666665,390538.08844555984,224900.0,0107399999,47950.0,998.0,1144.0,1267.0,1583.0,1791.0,0.005426273977786609,0.009422706388024307,0.00458598035118324,0.007963539350822588
8854,2141,Rahway,NJ,Union County,Rahway,2557.1111111111118,538038.9461990339,488800.0,3400599999,59700.0,1372.0,1512.0,1802.0,2171.0,2468.0,0.004752650582594021,0.005231405710129116,0.004587028536568106,0.0050490998363338785
23555,2142,Austin,MN,Mower County,Austin,1070.0,186812.47290580225,172000.0,2709399999,51700.0,640.0,785.0,933.0,1307.0,1422.0,0.0057276689471346676,0.00622093023255814,0.007611911441892988,0.008267441860465116
15449,2143,Forest Grove,OR,Washington County,Forest Grove,1929.388888888889,538059.0398925947,558500.0,4106599999,45650.0,1297.0,1305.0,1599.0,2241.0,2684.0,0.0035858311929375377,0.003454590669451905,0.004988300169690988,0.00480572963294539
23017,2144,Melrose,MA,Middlesex County,Melrose,3128.4736842105262,902282.045652014,687200.0,2501700380,82700.0,2263.0,2394.0,2837.0,3418.0,3761.0,0.003467290188568259,0.004552493719747564,0.004168319671353094,0.005472933643771828
27300,2145,Stroudsburg,PA,Monroe County,Stroudsburg,1743.4444444444443,350922.7918494148,241200.0,4202799999,54050.0,1226.0,1234.0,1431.0,1743.0,1897.0,0.004968171019204068,0.007228210797862539,0.005405747486512718,0.007864842454394692
13453,2147,Raytown,MO,Jackson County,Raytown,1520.2129629629628,206621.63650635895,213300.0,2900599999,38550.0,615.0,628.0,824.0,993.0,1190.0,0.007357472279608902,0.007127111875119376,0.005759319401980328,0.005578996718237224
11940,2148,Holiday,FL,Pasco County,Holiday,1782.4448942869994,224526.4022956764,265800.0,1206399999,35600.0,640.0,711.0,933.0,1199.0,1237.0,0.007938687281595138,0.006705962732456733,0.0055093743424036515,0.004653875094055681
20369,2149,Saugus,MA,Essex County,Saugus,3079.5,689104.5167329325,584000.0,2501700380,82700.0,2263.0,2394.0,2837.0,3418.0,3761.0,0.004468843151108647,0.005273116438356164,0.005457807790654205,0.0064400684931506845
19441,2151,Montgomery,IL,Kendall County,Montgomery,2535.888888888889,323622.75960601843,298900.0,1704599999,43300.0,597.0,743.0,870.0,1187.0,1325.0,0.007835941118529813,0.008484071224118064,0.00409427322606441,0.004432920709267313
6030,2153,Monument,CO,El Paso County,Monument,2635.7566137566137,766980.2272339525,431000.0,0802999999,51000.0,810.0,816.0,1039.0,1421.0,1745.0,0.0034365378925898006,0.0061154445794817025,0.0022751564356400565,0.004048723897911833
7053,2154,Sherwood,OR,Washington County,Sherwood,2812.222222222222,645355.3334089176,558500.0,4106599999,45650.0,1297.0,1305.0,1599.0,2241.0,2684.0,0.004357633812937451,0.00503531284193773,0.004158949126247218,0.00480572963294539
12364,2155,Lenoir City,TN,Loudon County,Lenoir City,1819.111111111111,404528.05325559824,292600.0,4700999999,49700.0,1256.0,1264.0,1548.0,1989.0,2335.0,0.004496872581446702,0.006217057796005164,0.005772158398430397,0.007980177717019822
47764,2156,South Kingstown,RI,Washington County,South Kingstown,2854.992063492064,685418.0118483921,469800.0,4400914500,57150.0,1233.0,1319.0,1614.0,1945.0,2359.0,0.004165329790200438,0.006077037172184044,0.003441695373073721,0.005021285653469562
32522,2157,Lisle,IL,DuPage County,Lisle,1857.0805205949653,428335.6364330728,374100.0,1704399999,59950.0,1458.0,1560.0,1761.0,2262.0,2657.0,0.004335573234250691,0.004964128630299293,0.006203079487212255,0.007102379043036621
20011,2158,Ponte Vedra Beach,FL,Saint Johns County,Ponte Vedra Beach,2810.2160256410257,803400.979151829,457600.0,1211399999,49050.0,1219.0,1361.0,1605.0,2147.0,2644.0,0.0034978996772045794,0.006141206349740004,0.003291009182975279,0.005777972027972028
20764,2160,Temple Hills,MD,Prince Georges County,Temple Hills,1547.5293650793649,341329.38583353,404300.0,2403399999,81950.0,2012.0,2056.0,2314.0,2893.0,3413.0,0.004533829870230135,0.003827675896807729,0.009999139076951777,0.008441751174870145
21825,2161,King of Prussia,PA,Montgomery County,King of Prussia,2143.5245726495727,492618.2576967768,409900.0,4208999999,52200.0,1158.0,1183.0,1552.0,2043.0,2379.0,0.004351289338465779,0.005229384173333918,0.004829297255694398,0.005803854598682606
54377,2164,Shaker Heights,OH,Cuyahoga County,Shaker Heights,1834.7222222222224,350394.1616595749,183200.0,3903599999,49700.0,881.0,995.0,1208.0,1553.0,1667.0,0.005236166645963539,0.010014859291606018,0.004757499360447599,0.00909934497816594
54552,2165,Stephenville,TX,Erath County,Stephenville,1178.5,320165.7423429351,251900.0,4801999999,48300.0,1116.0,1231.0,1501.0,1907.0,2243.0,0.003680905993801448,0.004678443826915442,0.007005746409925031,0.0089043271139341
19342,2166,Michigan City,IN,La Porte County,Michigan City,1417.5,188044.6444283535,180700.0,1803999999,44750.0,853.0,869.0,1055.0,1374.0,1399.0,0.007538103540832713,0.007844493635860542,0.00743972264805994,0.007742114001106807
13038,2168,Northampton,MA,Hampshire County,Northampton,2521.016666666667,488915.3275094413,363400.0,2501300840,59800.0,1044.0,1205.0,1496.0,1823.0,2037.0,0.005156346149974168,0.006937305081636398,0.004166365596220061,0.005605393505778756
41610,2169,Wellesley,MA,Norfolk County,Wellesley,5042.423280423281,1999355.4459643892,649400.0,2502102935,65700.0,1607.0,1652.0,2155.0,2730.0,2953.0,0.0025220244307240063,0.0077647417314802595,0.001476975995419174,0.004547274407145057
37272,2170,Bardstown,KY,Nelson County,Bardstown,1118.75,253402.0441708909,224100.0,2100599999,46400.0,718.0,901.0,998.0,1372.0,1375.0,0.004414920975323823,0.00499219098616689,0.0054261598579398935,0.006135653726015172
6147,2171,New Castle,IN,Henry County,New Castle,830.0,166777.78914516323,140200.0,1806399999,55350.0,955.0,1097.0,1283.0,1669.0,2028.0,0.004976681872653731,0.005920114122681883,0.012159892575592489,0.014465049928673325
34249,2172,Temple Terrace,FL,Hillsborough County,Temple Terrace,1873.6089743589744,328464.95246621687,333300.0,1205799999,52150.0,1566.0,1686.0,1978.0,2533.0,3082.0,0.005704136652301369,0.005621389061983122,0.009383040646679004,0.009246924692469247
17382,2173,Chamblee,GA,Dekalb County,Chamblee,1948.6370833333333,481444.11114296224,331400.0,1308999999,57100.0,1591.0,1653.0,1830.0,2205.0,2653.0,0.004047483473641858,0.0058800153389660026,0.005510504622648102,0.008005431502715751
51269,2174,Carbondale,IL,Jackson County,Carbondale,674.0542328042328,135137.95139493988,125000.0,1707799999,43300.0,670.0,770.0,977.0,1276.0,1297.0,0.00498789737336119,0.0053924338624338625,0.009597599982920601,0.010376
11326,2176,Englewood,NJ,Bergen County,Englewood,3037.954545454545,630334.428437021,593200.0,3400399999,68550.0,1556.0,1807.0,2072.0,2550.0,3225.0,0.004819591645957632,0.005121298964016428,0.005116331671739268,0.005436614969656102
25415,2177,Kingsville,TX,Kleberg County,Kingsville,1591.6666666666667,145602.53686839796,152200.0,4802999999,48300.0,1116.0,1231.0,1501.0,1907.0,2243.0,0.010931586089775933,0.010457731055628559,0.015404951371330316,0.014737187910643889
18345,2178,Graham,WA,Pierce County,Graham,2819.1666666666665,604215.4309831555,484400.0,5305399999,60400.0,1479.0,1673.0,2057.0,2882.0,3292.0,0.004665830301750867,0.0058199146710707405,0.005448387828565364,0.006796036333608588
24701,2179,Festus,MO,Jefferson County,Festus,1375.0,297457.39336761326,218800.0,2909999999,55700.0,951.0,984.0,1215.0,1570.0,1806.0,0.004622510755013252,0.0062842778793418645,0.006071457762584679,0.008254113345521024
14882,2180,Bourbonnais,IL,Kankakee County,Bourbonnais,1343.0555555555557,296827.49022759864,185700.0,1708999999,59950.0,1458.0,1560.0,1761.0,2262.0,2657.0,0.004524700709242732,0.007232393944833364,0.008951327243856996,0.014308023694130317
14959,2181,Balch Springs,TX,Dallas County,Balch Springs,1838.75,226976.94968692004,277900.0,4805999999,43650.0,944.0,950.0,1207.0,1571.0,1899.0,0.008101042870371966,0.006616588700971572,0.008366488326763488,0.006833393306944944
398275,2182,Neenah,WI,Winnebago County,Neenah,1248.7,304594.3519046963,208600.0,5513999999,51800.0,791.0,812.0,1055.0,1411.0,1582.0,0.004099550737535351,0.005986097794822627,0.005193792958101165,0.007583892617449664
33910,2184,Sebastopol,CA,Sonoma County,Sebastopol,3152.222222222222,1096101.9385486494,779000.0,0601999999,46950.0,1210.0,1217.0,1505.0,2109.0,2415.0,0.002875847684747356,0.004046498359720439,0.002203262228691709,0.0031001283697047496
50946,2187,Bella Vista,AR,Benton County,Bella Vista,1886.6666666666667,353473.3702401069,285100.0,0500799999,50900.0,853.0,925.0,1111.0,1557.0,1798.0,0.005337507222637718,0.006617561089676137,0.005086663243623295,0.006306559102069449
15043,2188,Agawam,MA,Hampden County,Agawam,1795.0,359561.3767131074,276300.0,2501300840,59800.0,1044.0,1205.0,1496.0,1823.0,2037.0,0.0049921935898922295,0.006496561708288093,0.005665235845465444,0.007372421281216069
10074,2189,Algonquin,IL,McHenry County,Algonquin,2285.0,407420.30981357367,286900.0,1707399999,48850.0,707.0,831.0,1025.0,1336.0,1578.0,0.005608458746314254,0.007964447542697805,0.003873150066382447,0.005500174276751481
20679,2190,Stoughton,MA,Norfolk County,Stoughton,2602.6666666666665,605714.8737329319,649400.0,2502102935,65700.0,1607.0,1652.0,2155.0,2730.0,2953.0,0.00429685117459113,0.0040078020737090644,0.004875231116252923,0.004547274407145057
10985,2191,Crawfordville,FL,Wakulla County,Crawfordville,1401.6666666666663,295505.79077449755,216300.0,1212999999,46350.0,916.0,1017.0,1130.0,1491.0,1581.0,0.004743279862614562,0.006480197256896285,0.0053501489627540725,0.007309292649098474
54391,2192,Shelbyville,IN,Shelby County,Shelbyville,1000.0,226683.08121508008,188300.0,1803399999,45300.0,652.0,707.0,928.0,1163.0,1230.0,0.004411445241699296,0.0053106744556558685,0.0054260776472901335,0.006532129580456718
5498,2193,Lake in the Hills,IL,McHenry County,Lake in the Hills,2296.944444444444,374173.88750678656,286900.0,1707399999,48850.0,707.0,831.0,1025.0,1336.0,1578.0,0.006138708555398012,0.008006080322218348,0.004217290550429923,0.005500174276751481
14832,2194,Blythewood,SC,Richland County,Blythewood,2056.066666666667,343995.0794680261,224200.0,4502799999,35600.0,707.0,711.0,933.0,1244.0,1453.0,0.005977023479075013,0.00917068093963723,0.004223897627393401,0.0064808206958073145
8778,2195,Ooltewah,TN,Hamilton County,Ooltewah,2142.345238095238,454810.8081850451,282100.0,4706399999,37800.0,820.0,825.0,1069.0,1402.0,1751.0,0.004710409690227942,0.007594275923769011,0.0038499524824123907,0.006207018787663949
49094,2197,Elgin,SC,Kershaw County,Elgin,1801.2989417989418,298299.6337437392,191900.0,4505599999,42200.0,795.0,800.0,987.0,1189.0,1342.0,0.0060385556602673765,0.009386654204267545,0.004498832208265044,0.006993225638353309
43440,2200,Beaver Falls,PA,Beaver County,Beaver Falls,916.6666666666666,188028.09739266173,185500.0,4200799999,53650.0,998.0,1068.0,1280.0,1632.0,1759.0,0.0048751579119177,0.004941599281221922,0.009354984836796256,0.009482479784366577
46582,2203,Monroeville,PA,Allegheny County,Monroeville,1456.5555555555557,232511.32201391584,216700.0,4200399999,53650.0,998.0,1068.0,1280.0,1632.0,1759.0,0.006264450018775346,0.006721530021022408,0.007565222995440728,0.008117212736502077
49477,2204,Madison Heights,MI,Oakland County,Madison Heights,1640.4734848484848,223554.129802885,320400.0,2600599999,50350.0,846.0,851.0,1111.0,1416.0,1496.0,0.007338148869336227,0.005120079540725608,0.006691891584910877,0.00466916354556804
8587,2205,Huntley,IL,McHenry County,Huntley,2494.833333333333,419408.5096444871,286900.0,1707399999,48850.0,707.0,831.0,1025.0,1336.0,1578.0,0.005948456638250106,0.008695828976414546,0.003762441542584809,0.005500174276751481
25455,2207,Lafayette,CA,Contra Costa County,Lafayette,4267.051851851852,1910776.9443913328,830800.0,0601399999,79900.0,1937.0,2201.0,2682.0,3432.0,4077.0,0.0022331501666779307,0.00513607589293675,0.002133687038650503,0.004907318247472316
52291,2211,Grandville,MI,Kent County,Grandville,1693.6111111111113,353003.407496138,265700.0,2604199999,40950.0,640.0,711.0,933.0,1231.0,1567.0,0.004797718875078111,0.006374147952996279,0.004439050634425232,0.005897628904779827
40831,2212,Sequim,WA,Clallam County,Sequim,2283.333333333333,578542.7339203891,385600.0,5300199999,47400.0,753.0,821.0,1077.0,1509.0,1809.0,0.003946697796826074,0.005921507607192253,0.0031268217435584094,0.004691390041493776
35927,2214,Patterson,CA,Stanislaus County,Patterson,2678.75,518698.1185635021,426600.0,0609999999,49250.0,1130.0,1209.0,1566.0,2194.0,2549.0,0.0051643719229570555,0.006279301453352086,0.004914226423375655,0.005975152367557431
32437,2215,Latrobe,PA,Westmoreland County,Latrobe,950.0,210955.09074764265,193100.0,4212999999,53650.0,998.0,1068.0,1280.0,1632.0,1759.0,0.004503328156875095,0.004919730709476955,0.00833826760836136,0.009109269808389435
4366,2217,Dickinson,ND,Stark County,Dickinson,1155.7,324475.2252994931,260400.0,3803199999,60850.0,807.0,838.0,928.0,1300.0,1558.0,0.0035617511288674815,0.004438172043010753,0.0048015992548027485,0.00598310291858679
41594,2218,Wayne,PA,Chester County,Wayne,2283.703703703704,923427.3222364156,461800.0,4202799999,54050.0,1226.0,1234.0,1431.0,1743.0,1897.0,0.002473073569203999,0.004945222398665448,0.0020543035215870847,0.004107838891294933
16724,2221,Allen Park,MI,Wayne County,Allen Park,1431.25,212651.8130742907,170200.0,2601799999,41850.0,764.0,769.0,976.0,1305.0,1406.0,0.006730485761247601,0.008409224441833138,0.006611747060481486,0.00826086956521739
34636,2222,Walnut,CA,Los Angeles County,Walnut,3543.583333333333,1163025.4498723552,783300.0,0603799999,75750.0,1856.0,2081.0,2625.0,3335.0,3698.0,0.0030468665442551146,0.004523915911315375,0.0031796380727574483,0.004721051959657858
782240,2223,Lakewood Ranch,FL,Manatee County,Lakewood Ranch,2378.874475643916,609255.755564283,359800.0,1208199999,53800.0,1266.0,1580.0,1846.0,2425.0,2903.0,0.003904558067638836,0.006611657797787426,0.004764829832934918,0.008068371317398555
52990,2225,Lithia Springs,GA,Douglas County,Lithia Springs,1572.6504629629628,280311.29634276207,262200.0,1309199999,38100.0,685.0,690.0,905.0,1090.0,1200.0,0.005610371338870127,0.005997904130293527,0.004280954837198751,0.004576659038901602
6057,2228,Moscow,ID,Latah County,Moscow,1285.5555555555554,476086.7505416959,342500.0,1600199999,53500.0,1300.0,1534.0,1838.0,2575.0,3080.0,0.0027002548466069226,0.0037534468775344684,0.006469409191697831,0.008992700729927007
398661,2229,New Milford,CT,Litchfield County,New Milford,2500.0,463842.21377053024,,,,,,,,,0.005389763858872896,,,
46285,2230,Lockport,IL,Will County,Lockport,1941.9238095238093,362163.5963507167,298000.0,1710399999,46000.0,605.0,786.0,883.0,1237.0,1319.0,0.005362007195342913,0.006516522850751038,0.0036420005027857343,0.004426174496644296
29334,2231,Zachary,LA,East Baton Rouge Parish,Zachary,1634.5555555555554,268386.8463303385,,2203399999,45850.0,1063.0,1081.0,1222.0,1528.0,2023.0,0.0060902968156036075,,0.007537627226000604,
13752,2234,Sebastian,FL,Indian River County,Sebastian,2181.3888888888887,346278.849962598,314700.0,1206199999,46500.0,1239.0,1246.0,1567.0,1948.0,2601.0,0.006299515229198962,0.006931645659005049,0.007511287507974966,0.008265014299332699
55741,2237,Highland Park,IL,Lake County,Highland Park,3175.0,749323.7947321008,326600.0,1702399999,45900.0,635.0,747.0,926.0,1181.0,1228.0,0.004237153580762947,0.009721371708511941,0.0016388108967486294,0.0037599510104102877
49616,2238,Perkasie,PA,Bucks County,Perkasie,2537.916666666667,512293.19443257217,421700.0,4201199999,49900.0,928.0,1075.0,1353.0,1689.0,1794.0,0.004954031586302298,0.006018298948699708,0.003501900902640481,0.004254209153426607
397326,2241,Menasha,WI,Winnebago County,Menasha,1326.3333333333333,305651.9735937128,208600.0,5513999999,51800.0,791.0,812.0,1055.0,1411.0,1582.0,0.004339357988561065,0.006358261425375519,0.005175821315333203,0.007583892617449664
397539,2243,Bridgewater,MA,Plymouth County,Bridgewater,2280.425,627755.9954800479,513000.0,2502300170,65700.0,1607.0,1652.0,2155.0,2730.0,2953.0,0.0036326614423748335,0.004445272904483431,0.004704057024165619,0.005756335282651072
40018,2245,Niceville,FL,Okaloosa County,Niceville,2342.335409035409,434701.5095068808,324800.0,1209199999,51000.0,1218.0,1398.0,1571.0,2184.0,2638.0,0.005388376524600803,0.007211623796291284,0.006068531951942172,0.00812192118226601
20262,2246,Royse City,TX,Rockwall County,Royse City,2257.340740740741,326986.55196017964,386000.0,4819199999,39700.0,707.0,711.0,933.0,1307.0,1395.0,0.006903466601940374,0.0058480330071003644,0.00426623049675108,0.0036139896373056993
42638,2248,Mandan,ND,Morton County,Mandan,1380.7380952380954,340113.12776377145,249600.0,3802999999,52200.0,703.0,707.0,928.0,1118.0,1558.0,0.004059643637740144,0.005531803266178267,0.004580828767897846,0.0062419871794871795
17443,2251,Christiansburg,VA,Montgomery County,Christiansburg,1805.3666666666668,302489.27791189245,283600.0,5112199999,54800.0,925.0,968.0,1231.0,1647.0,2067.0,0.005968365818217612,0.006365890926187118,0.006833300057009179,0.007288434414668548
13556,2252,Rock Springs,WY,Sweetwater County,Rock Springs,1351.2888888888888,302988.1403504049,242900.0,5603799999,53750.0,816.0,821.0,1003.0,1248.0,1631.0,0.004459873866106202,0.00556314898678011,0.005383048980444427,0.0067146974063400575
6067,2253,Mount Dora,FL,Lake County,Mount Dora,2128.5333333333333,395045.3072396039,287900.0,1200399999,45750.0,901.0,952.0,1129.0,1523.0,1896.0,0.005388073960950332,0.007393307861525993,0.00479944949415646,0.006585620006946857
39799,2255,Milton,MA,Norfolk County,Milton,3450.0,1072657.3677882438,649400.0,2502102935,65700.0,1607.0,1652.0,2155.0,2730.0,2953.0,0.0032163112878380693,0.005312596242685556,0.002752976009561107,0.004547274407145057
397516,2256,Branford,CT,New Haven County,Branford,2684.722222222222,449290.1706790961,,,,,,,,,0.005975475088102419,,,
5339,2257,Jenison,MI,Ottawa County,Jenison,1795.0,360687.8762182047,291200.0,2612799999,40950.0,657.0,711.0,933.0,1129.0,1444.0,0.004976601982912456,0.006164148351648351,0.004003461428036538,0.004958791208791209
43407,2260,Maumee,OH,Lucas County,Maumee,1675.0,282778.6696406103,155200.0,3908599999,49700.0,881.0,995.0,1208.0,1553.0,1667.0,0.00592336049295654,0.010792525773195876,0.005895069815975255,0.010740979381443298
51718,2261,Dickson,TN,Dickson County,Dickson,1826.9166666666667,344697.53093673266,272700.0,4700199999,49700.0,1256.0,1264.0,1548.0,1989.0,2335.0,0.005300057304448715,0.006699364380882533,0.006774054904468046,0.008562522918958563
5624,2262,Liberty,MO,Clay County,Liberty,1569.3333333333333,325865.90889880195,256400.0,2900999999,38550.0,626.0,630.0,824.0,1155.0,1233.0,0.004815886812574468,0.006120644825793032,0.0037837649362177056,0.004808892355694228
13030,2263,North Platte,NE,Lincoln County,North Platte,1033.3333333333333,206601.0732146015,183100.0,3105199999,49600.0,715.0,818.0,1043.0,1257.0,1383.0,0.005001587442190996,0.005643546331694884,0.006694060096016271,0.007553249590387766
54754,2265,Tualatin,OR,Washington County,Tualatin,1858.8455026455028,648814.1409256989,558500.0,4106599999,45650.0,1297.0,1305.0,1599.0,2241.0,2684.0,0.002864989193967606,0.003328282010108331,0.004136777900941847,0.00480572963294539
6294,2267,Okemos,MI,Ingham County,Okemos,2530.555555555555,381151.7613894213,187500.0,2606599999,50400.0,870.0,905.0,1127.0,1465.0,1494.0,0.006639233533464106,0.013496296296296294,0.003919698533082695,0.007968
24229,2268,Cortland,NY,Cortland County,Cortland,1399.9444444444443,198342.489372607,158100.0,3602399999,46100.0,896.0,901.0,1118.0,1387.0,1877.0,0.007058217575430866,0.008854803570173589,0.009463428667943459,0.01187223276407337
26391,2269,Park City,UT,Summit County,Park City,3886.984940984941,1517074.245921638,1000400.0,4904399999,83350.0,1446.0,1472.0,1808.0,2391.0,2487.0,0.0025621586757763183,0.0038854307686774702,0.0016393396741694222,0.002486005597760896
50861,2270,Barnegat,NJ,Ocean County,Barnegat,2595.0,491029.3710487857,366600.0,3400799999,59700.0,1372.0,1512.0,1802.0,2171.0,2468.0,0.005284816251332095,0.007078559738134206,0.005026175918415264,0.006732133115111839
28168,2271,Celina,TX,Collin County,Celina,2464.0947238798904,596517.091218463,447600.0,4805999999,43650.0,944.0,950.0,1207.0,1571.0,1899.0,0.0041308032245088895,0.005505126728954178,0.003183479615179253,0.004242627345844504
4474,2272,East Haven,CT,New Haven County,East Haven,1765.6333333333332,356332.43097097334,,,,,,,,,0.0049550172251291965,,,
26248,2273,Oakdale,MN,Washington County,Oakdale,1623.0555555555557,353412.18592460547,400900.0,2711399999,53100.0,741.0,823.0,1080.0,1371.0,1559.0,0.004592528555033491,0.004048529697070481,0.004411279695750464,0.0038887503117984537
30582,2274,Brenham,TX,Washington County,Brenham,1465.9722222222224,332274.8560371119,270100.0,4831999999,43300.0,732.0,752.0,933.0,1217.0,1395.0,0.004411926438570144,0.005427516557653544,0.004198331515774374,0.005164753794890781
51550,2275,Cornelius,NC,Mecklenburg County,Cornelius,1853.1754171754171,526685.3738596216,371200.0,3711999999,56100.0,1586.0,1647.0,1824.0,2250.0,2852.0,0.003518562521672279,0.004992390671269982,0.005414997532777792,0.007683189655172414
14506,2276,Waynesville,NC,Haywood County,Waynesville,1741.6666666666667,373484.68269362015,254900.0,3708799999,44250.0,987.0,1105.0,1223.0,1473.0,1736.0,0.004663288074106654,0.00683274486726821,0.00464811565357846,0.006810513927030208
10840,2277,Clarkston,GA,Dekalb County,Clarkston,1714.0277777777776,280258.6503336173,331400.0,1308999999,57100.0,1591.0,1653.0,1830.0,2205.0,2653.0,0.006115878227977673,0.005172081405485147,0.009466255535170434,0.008005431502715751
23477,2280,Amityville,NY,Suffolk County,Amityville,3057.0,613216.1874960914,539500.0,3610399999,82450.0,1848.0,2241.0,2586.0,3352.0,3591.0,0.004985191295230584,0.005666357738646895,0.005856009794299321,0.006656163113994439
47889,2282,Suisun City,CA,Solano County,Suisun City,2535.230158730159,539601.1951447321,589600.0,0601199999,48000.0,915.0,921.0,1208.0,1625.0,1631.0,0.004698340518037878,0.004299915465960242,0.0030226026455751867,0.002766282225237449
19429,2282,Monroe,WA,Snohomish County,Monroe,2447.083333333333,726021.9945129076,644600.0,5306199999,78550.0,2238.0,2293.0,2671.0,3521.0,4104.0,0.0033705360882008754,0.0037962819319474605,0.005652721310121463,0.006366739062984797
32104,2284,Hudson,WI,Saint Croix County,Hudson,1881.9444444444448,502942.7184689688,349700.0,5510999999,66200.0,1220.0,1381.0,1685.0,2244.0,2513.0,0.003741866370336087,0.005381596924347855,0.004996592867772178,0.0071861595653417215
32700,2285,Marietta,OH,Washington County,Marietta,1156.6666666666667,185483.21495526464,174100.0,3902799999,44900.0,696.0,761.0,927.0,1193.0,1491.0,0.006235964084112058,0.0066436913651158344,0.00803846321274733,0.008564043653072947
21366,2286,Woodbury,NJ,Gloucester County,Woodbury,2378.75,336505.41704989405,283500.0,3401599999,59700.0,1372.0,1512.0,1802.0,2171.0,2468.0,0.007068979812730028,0.008390652557319224,0.007334205855099404,0.008705467372134039
37340,2287,Beckley,WV,Raleigh County,Beckley,1193.8888888888887,149473.69800532682,142600.0,5404199999,37650.0,658.0,754.0,852.0,1144.0,1148.0,0.007987284082891573,0.008372292348449429,0.007680280981334177,0.008050490883590463
45976,2288,Junction City,KS,Geary County,Junction City,1316.8434343434344,204626.04423653235,165000.0,2002799999,42050.0,625.0,665.0,872.0,1178.0,1183.0,0.006435365738787689,0.007980869299051117,0.0057812777665414905,0.00716969696969697
10343,2291,Belmont,CA,San Mateo County,Belmont,3123.462606837607,2238904.8403332164,1494500.0,0600599999,54950.0,1253.0,1260.0,1493.0,2084.0,2507.0,0.0013950850212877926,0.002089971633882641,0.0011197438831866042,0.0016774841083974574
56933,2294,Harvest,AL,Madison County,Harvest,1805.2261904761904,311765.6764691419,267800.0,0100399999,46500.0,972.0,1043.0,1244.0,1550.0,1975.0,0.005790330131658573,0.006740949180269568,0.006334885938592032,0.007374906646751307
31540,2296,Farmington,MN,Dakota County,Farmington,2272.5,402298.3123160854,362100.0,2700399999,66200.0,1220.0,1381.0,1685.0,2244.0,2513.0,0.0056487932721291136,0.006275890637945319,0.006246608357694373,0.006940071803369235
15644,2297,Marion,IL,Williamson County,Marion,1025.0,173569.5719999751,145600.0,1712599999,43450.0,597.0,684.0,870.0,1216.0,1453.0,0.005905412960286306,0.007039835164835165,0.008371282957361953,0.009979395604395605
24437,2298,Dublin,GA,Laurens County,Dublin,1148.3333333333333,190862.66742534412,137400.0,1301199999,40250.0,773.0,817.0,905.0,1261.0,1520.0,0.006016542411482872,0.008357593401261522,0.007963841334212452,0.01106259097525473
56022,2300,Jenks,OK,Tulsa County,Jenks,1763.2003968253969,349549.1733169305,213500.0,4014199999,37100.0,678.0,822.0,910.0,1275.0,1312.0,0.005044212750080608,0.008258549868034646,0.0037534061017802244,0.00614519906323185
31170,2301,Danvers,MA,Essex County,Danvers,2894.7916666666665,732942.9068651401,584000.0,2501700380,82700.0,2263.0,2394.0,2837.0,3418.0,3761.0,0.003949545918996529,0.0049568350456621006,0.005131368302731956,0.0064400684931506845
46488,2306,Mehlville,MO,Saint Louis County,Mehlville,1511.111111111111,254547.7889833493,260700.0,2918999999,55700.0,951.0,984.0,1215.0,1570.0,1806.0,0.005936453493257241,0.0057963602267399736,0.007094934932309059,0.006927502876869966
24303,2308,Dahlonega,GA,Lumpkin County,Dahlonega,1686.6666666666667,382201.26853891136,277200.0,1307399999,44150.0,868.0,1039.0,1175.0,1545.0,1890.0,0.004413032623137277,0.006084656084656085,0.004945038532250663,0.006818181818181818
123944,2312,Citrus Park,FL,Hillsborough County,Citrus Park,2200.462962962963,424128.9951153051,333300.0,1205799999,52150.0,1566.0,1686.0,1978.0,2533.0,3082.0,0.005188192715673065,0.006602049093798269,0.007266657162078997,0.009246924692469247
18311,2314,Gloucester,MA,Essex County,Gloucester,2374.444444444445,770371.3167223296,584000.0,2501700380,82700.0,2263.0,2394.0,2837.0,3418.0,3761.0,0.0030822077521615236,0.004065829528158296,0.004882061310384436,0.0064400684931506845
38395,2317,Emporia,KS,Lyon County,Emporia,744.5833333333334,178117.0948821682,142200.0,2000199999,42050.0,636.0,679.0,872.0,1140.0,1251.0,0.004180302479253359,0.005236169714017816,0.007023469593570387,0.00879746835443038
46300,2318,Long Beach,NY,Nassau County,Long Beach,3429.090497737556,809676.648733053,658700.0,3605999999,82450.0,1848.0,2241.0,2586.0,3352.0,3591.0,0.004235135721282377,0.005205845601544794,0.004435103822765596,0.005451647183846971
40132,2319,Odessa,FL,Hillsborough County,Odessa,2091.696296296296,692195.8723825864,333300.0,1205799999,52150.0,1566.0,1686.0,1978.0,2533.0,3082.0,0.0030218271731331362,0.006275716460534942,0.0044524969347065615,0.009246924692469247
3310,2322,Ada,OK,Pontotoc County,Ada,947.1666666666666,176229.53419521148,170500.0,4003399999,41550.0,706.0,711.0,910.0,1096.0,1206.0,0.005374619362140964,0.005555229716520039,0.006843347827635406,0.007073313782991203
34980,2323,Bixby,OK,Tulsa County,Bixby,1928.226984126984,327160.32477592095,213500.0,4014199999,37100.0,678.0,822.0,910.0,1275.0,1312.0,0.00589382892148572,0.009031508122374632,0.004010266223138813,0.00614519906323185
54051,2325,Ramsey,MN,Anoka County,Ramsey,1874.861111111111,389223.2505676938,325800.0,2700399999,66200.0,1220.0,1381.0,1685.0,2244.0,2513.0,0.004816929894030149,0.005754638155651047,0.006456448828107556,0.007713321055862492
397566,2327,Newtown,CT,Fairfield County,Newtown,2750.0,660101.8466472713,,,,,,,,,0.004166023794612222,,,
3958,2330,Canon City,CO,Fremont County,Canon City,1603.0,345397.07175216096,282100.0,0801199999,51000.0,749.0,754.0,989.0,1274.0,1582.0,0.004641035292708647,0.005682382133995037,0.004580235703721198,0.0056079404466501245
32997,2333,Mountain Home,AR,Baxter County,Mountain Home,1350.0,236850.39781592076,165400.0,0500599999,33550.0,706.0,710.0,932.0,1207.0,1236.0,0.005699800432884284,0.008162031438935914,0.0052184839518851665,0.0074727932285368805
33400,2334,Peyton,CO,El Paso County,Peyton,2734.2666666666664,549745.7479754591,431000.0,0802999999,51000.0,810.0,816.0,1039.0,1421.0,1745.0,0.004973693160403899,0.006344006187161639,0.0031741946280190196,0.004048723897911833
48754,2335,Aubrey,TX,Denton County,Aubrey,2034.1647844272843,377652.50817744574,403400.0,4800199999,39700.0,846.0,851.0,1033.0,1245.0,1563.0,0.00538633992991118,0.005042550283657125,0.00413872532594329,0.0038745661874070403
398470,2338,Oconomowoc,WI,Waukesha County,Oconomowoc,1736.0833333333333,530370.6702555603,373600.0,5500399999,46400.0,660.0,733.0,933.0,1307.0,1567.0,0.0032733396296156375,0.004646903997144896,0.002954537435573007,0.004194325481798715
52216,2340,Gladstone,MO,Clay County,Gladstone,1429.5238095238094,268488.7586940417,256400.0,2900999999,38550.0,626.0,630.0,824.0,1155.0,1233.0,0.005324333936650337,0.005575365871777728,0.004592371040029553,0.004808892355694228
7703,2342,Villa Park,IL,DuPage County,Villa Park,2327.5333333333333,357147.72056194395,374100.0,1704399999,59950.0,1458.0,1560.0,1761.0,2262.0,2657.0,0.006517004587544733,0.006221687605809498,0.0074394986920801815,0.007102379043036621
52791,2342,Kirkwood,MO,Saint Louis County,Kirkwood,1725.693181818182,454680.3529869928,260700.0,2918999999,55700.0,951.0,984.0,1215.0,1570.0,1806.0,0.0037953986146121196,0.006619459845869513,0.003972021197167639,0.006927502876869966
36733,2344,Severna Park,MD,Anne Arundel County,Severna Park,3616.6666666666665,740130.6380791379,450300.0,2400399999,65150.0,1407.0,1604.0,1965.0,2529.0,2826.0,0.00488652473035437,0.008031682581982382,0.003818244853819755,0.006275816122584943
36288,2345,Windsor,CA,Sonoma County,Windsor,3590.0,799746.750874452,779000.0,0601999999,46950.0,1210.0,1217.0,1505.0,2109.0,2415.0,0.0044889210191534435,0.004608472400513479,0.0030197059223553108,0.0031001283697047496
21319,2347,Wilmette,IL,Cook County,Wilmette,4350.833333333333,919981.6537360495,305200.0,1700799999,43300.0,810.0,900.0,1181.0,1561.0,1603.0,0.0047292609756559596,0.014255679335954565,0.0017424260510959212,0.005252293577981651
7769,2349,Washington,UT,Washington County,Washington,1845.090909090909,554909.1993281282,465600.0,4905399999,50350.0,1146.0,1166.0,1485.0,1976.0,2494.0,0.003325032115749575,0.003962824117463293,0.00449442900391574,0.005356529209621993
12083,2350,Jackson,MO,Cape Girardeau County,Jackson,1000.0,272009.6491178006,208300.0,2903199999,45250.0,747.0,794.0,985.0,1380.0,1654.0,0.0036763401711787254,0.004800768122899664,0.006080666643129611,0.007940470475276044
25547,2351,Lemon Grove,CA,San Diego County,Lemon Grove,2688.295238095238,751558.6764107955,791600.0,0606999999,66800.0,1799.0,1999.0,2623.0,3655.0,4046.0,0.003576959886796435,0.0033960273346326907,0.005383478532005518,0.005111167256189995
11228,2353,East Palo Alto,CA,San Mateo County,East Palo Alto,2905.0,1025050.135849083,1494500.0,0600599999,54950.0,1253.0,1260.0,1493.0,2084.0,2507.0,0.0028340077215771426,0.0019437939110070258,0.0024457340302904977,0.0016774841083974574
5104,2354,Haymarket,VA,Prince William County,Haymarket,3412.5,820327.3116842028,500600.0,5110199999,56750.0,1488.0,1545.0,1711.0,2166.0,2677.0,0.004159924887779054,0.006816819816220536,0.003263331552991803,0.005347582900519377
42967,2355,Stanton,CA,Orange County,Stanton,2702.422222222222,792349.1851883399,915500.0,0600399999,57700.0,1003.0,1101.0,1445.0,2025.0,2396.0,0.0034106455496383976,0.0029518538746283146,0.003023919308291426,0.002617149098853086
30275,2356,Ashland,OR,Jackson County,Ashland,2048.333333333333,550617.2384309578,400200.0,4102999999,46200.0,998.0,1137.0,1456.0,2040.0,2404.0,0.003720067572112846,0.005118274196235215,0.004366009329548877,0.0060069965017491254
52205,2357,Gibsonia,PA,Allegheny County,Gibsonia,2049.1666666666665,465579.12970834685,216700.0,4200399999,53650.0,998.0,1068.0,1280.0,1632.0,1759.0,0.004401328444319074,0.00945623750192278,0.0037780903132446936,0.008117212736502077
7739,2359,Wakefield,MA,Middlesex County,Wakefield,2728.5444444444443,815935.4780263066,687200.0,2501700380,82700.0,2263.0,2394.0,2837.0,3418.0,3761.0,0.003344068885256235,0.003970524511706118,0.004609433100148565,0.005472933643771828
38645,2360,Garden City,MI,Wayne County,Garden City,1578.5277777777776,205271.4517471649,170200.0,2601799999,41850.0,764.0,769.0,976.0,1305.0,1406.0,0.007689952812932155,0.009274546285415849,0.006849466830544881,0.00826086956521739
6242,2361,North Wales,PA,Montgomery County,North Wales,1799.0,534648.235012062,409900.0,4208999999,52200.0,1158.0,1183.0,1552.0,2043.0,2379.0,0.00336482921328528,0.00438887533544767,0.004449654640581256,0.005803854598682606
45543,2362,Grayson,GA,Gwinnett County,Grayson,2420.9722222222226,438700.8751920096,345700.0,1313599999,57100.0,1591.0,1653.0,1830.0,2205.0,2653.0,0.005518503288060725,0.007003101597403016,0.0060474007462119625,0.007674284061324848
14599,2363,Wethersfield,CT,Hartford County,Wethersfield,2022.888888888889,408994.0389623332,,,,,,,,,0.004946010690085362,,,
55292,2364,Youngsville,LA,Lafayette Parish,Youngsville,2057.9166666666665,274697.5079647696,,2205599999,42350.0,740.0,930.0,1052.0,1322.0,1736.0,0.007491573847588736,,0.0063196787363016226,
18141,2365,Forest,VA,Bedford County,Forest,1465.4166666666667,408787.4888652561,276600.0,5101999999,44250.0,1043.0,1062.0,1200.0,1647.0,1785.0,0.0035847884452982737,0.0052979633646661846,0.004366571993078705,0.006453362255965293
33924,2366,Seffner,FL,Hillsborough County,Seffner,2355.6666666666665,359998.64475516294,333300.0,1205799999,52150.0,1566.0,1686.0,1978.0,2533.0,3082.0,0.0065435431521381655,0.007067706770677067,0.008561143340125863,0.009246924692469247
6127,2366,Nazareth,PA,Northampton County,Nazareth,1948.75,443964.3918951143,285000.0,4209599999,50100.0,1033.0,1213.0,1507.0,1924.0,2005.0,0.0043894286018784775,0.006837719298245614,0.004516127952157202,0.007035087719298246
395584,2368,Walpole,MA,Norfolk County,Walpole,2928.833333333333,774215.3450290322,649400.0,2502102935,65700.0,1607.0,1652.0,2155.0,2730.0,2953.0,0.0037829698831705603,0.00451006056873011,0.00381418428213828,0.004547274407145057
10868,2369,Clinton,MS,Hinds County,Clinton,1598.488888888889,235703.1724325104,151200.0,2804999999,44550.0,1045.0,1051.0,1232.0,1484.0,1633.0,0.006781787756151603,0.01057201646090535,0.006928205433754108,0.01080026455026455
43591,2370,Candler,NC,Buncombe County,Candler,1861.111111111111,429861.1558946085,360000.0,3702199999,46550.0,1286.0,1347.0,1512.0,1944.0,2566.0,0.004329563361541349,0.005169753086419753,0.005969369329637965,0.007127777777777778
46005,2372,Kelso,WA,Cowlitz County,Kelso,1261.25,391624.9441672245,367400.0,5301399999,50100.0,724.0,806.0,1035.0,1450.0,1722.0,0.003220555837376498,0.003432906913445836,0.00439706414427142,0.004686989657049537
160335,2373,Lochearn,MD,Baltimore County,Lochearn,1330.361111111111,315511.0194330026,330000.0,2451099999,65150.0,1407.0,1604.0,1965.0,2529.0,2826.0,0.0042165282008275705,0.004031397306397306,0.00895689793997857,0.008563636363636364
27949,2374,Wildwood,FL,Sumter County,Wildwood,1856.3333333333333,306773.2576553913,356000.0,1211999999,47800.0,1038.0,1045.0,1371.0,1705.0,2039.0,0.006051157612371202,0.0052144194756554305,0.006646602821848563,0.005727528089887641
46984,2375,Paramus,NJ,Bergen County,Paramus,4956.666666666667,1009035.4307060177,593200.0,3400399999,68550.0,1556.0,1807.0,2072.0,2550.0,3225.0,0.004912282082303601,0.008355810294448191,0.003196121664175342,0.005436614969656102
19002,2376,Lewes,DE,Sussex County,Lewes,2131.8611111111118,604670.0206458049,353300.0,1000599999,48750.0,1031.0,1066.0,1398.0,1763.0,2197.0,0.00352566034088183,0.006034138440733404,0.0036333866819683583,0.006218511180300029
54410,2378,Shoreview,MN,Ramsey County,Shoreview,1855.258689458689,413163.1394209306,304900.0,2710199999,50450.0,640.0,782.0,933.0,1307.0,1567.0,0.004490378043062916,0.006084810395076055,0.003792690708556991,0.005139389963922597
38414,2379,Erie,CO,Weld County,Erie,3016.7490842490843,740458.2371583526,444500.0,0802999999,51000.0,810.0,816.0,1039.0,1421.0,1745.0,0.004074165068142702,0.006786837084924824,0.002356648778325115,0.0039257592800899885
18586,2380,Hiram,GA,Paulding County,Hiram,1952.063492063492,315779.63199456106,289000.0,1300199999,38100.0,710.0,715.0,905.0,1246.0,1520.0,0.0061817270472248635,0.006754544955236997,0.004813483347229248,0.005259515570934256
54619,2383,Sun City West,AZ,Maricopa County,Sun City West,1924.4444444444448,385593.159095672,414700.0,0401399999,56100.0,1530.0,1679.0,1950.0,2624.0,2934.0,0.004990867703560473,0.004640570157811538,0.007609056153592254,0.007074993971545695
41866,2385,Blackfoot,ID,Bingham County,Blackfoot,1134.1666666666667,366252.39242792845,258000.0,1601199999,45700.0,707.0,711.0,933.0,1307.0,1567.0,0.00309668056814086,0.004395994832041344,0.004278470345578305,0.006073643410852713
21885,2387,Holbrook,NY,Suffolk County,Holbrook,2603.5666666666666,657720.5507687625,539500.0,3610399999,82450.0,1848.0,2241.0,2586.0,3352.0,3591.0,0.003958469388897068,0.004825888168056842,0.005459765542984383,0.006656163113994439
10223,2389,Austintown,OH,Mahoning County,Austintown,1406.25,177479.38907360972,141100.0,3907399999,42600.0,703.0,707.0,928.0,1261.0,1265.0,0.007923455266215485,0.009966335931963147,0.007127588203920063,0.008965272856130404
397242,2390,Merrimack,NH,Hillsborough County,Merrimack,2643.6666666666665,530309.3284542967,385500.0,3301101300,73400.0,1458.0,1621.0,2126.0,2824.0,2999.0,0.004985140793906483,0.006857760484219628,0.005655189978915223,0.0077795071335927364
10344,2392,Belmont,MA,Middlesex County,Belmont,3213.4774436090224,1483255.568714303,687200.0,2501700380,82700.0,2263.0,2394.0,2837.0,3418.0,3761.0,0.0021665028680084367,0.004676189527952594,0.0025356385503140654,0.005472933643771828
13854,2393,Silverdale,WA,Kitsap County,Silverdale,1954.752442002442,603149.1256556199,505700.0,5302999999,55700.0,1178.0,1317.0,1600.0,2242.0,2615.0,0.003240910678395888,0.0038654388807641722,0.004335577867509149,0.0051710500296618545
54483,2394,South Salt Lake,UT,Salt Lake County,South Salt Lake,1577.611888111888,434849.67186386697,484500.0,4903599999,61350.0,1243.0,1453.0,1748.0,2348.0,2670.0,0.0036279477488159895,0.003256164887743835,0.006140052925774919,0.005510835913312693
3553,2395,Basking Ridge,NJ,Somerset County,Basking Ridge,3552.7777777777774,919008.2466940136,523900.0,3402199999,63450.0,1391.0,1605.0,2028.0,2443.0,2747.0,0.0038658823689105425,0.006781404424084324,0.0029890917844120515,0.005243367054781447
16208,2396,South Windsor,CT,Hartford County,South Windsor,2414.3555555555554,434129.2860528632,,,,,,,,,0.005561374533165135,,,
32268,2397,Kaysville,UT,Davis County,Kaysville,1966.6666666666667,675619.419938216,470500.0,4901199999,60250.0,1158.0,1237.0,1532.0,2055.0,2488.0,0.002910909024560772,0.004179950407368048,0.0036825466032748473,0.005287991498405951
27183,2399,South Pasadena,CA,Los Angeles County,South Pasadena,2704.375,1636431.54200184,783300.0,0603799999,75750.0,1856.0,2081.0,2625.0,3335.0,3698.0,0.001652605031489279,0.0034525405336397292,0.002259795112159872,0.004721051959657858
18676,2401,Imperial,MO,Jefferson County,Imperial,1856.6666666666667,326739.59014341887,218800.0,2909999999,55700.0,951.0,984.0,1215.0,1570.0,1806.0,0.005682404956961912,0.008485679463741621,0.005527337532642664,0.008254113345521024
51849,2404,Edgewater,FL,Volusia County,Edgewater,2165.583333333333,297355.4265486341,278000.0,1202399999,38300.0,815.0,820.0,1076.0,1305.0,1427.0,0.007282810872056307,0.007789868105515587,0.004798970768964953,0.005133093525179856
48668,2405,Antioch,IL,Lake County,Antioch,1800.0,343209.71346882085,326600.0,1702399999,45900.0,635.0,747.0,926.0,1181.0,1228.0,0.005244606808494429,0.005511328842620943,0.003577987311572866,0.0037599510104102877
24634,2406,Evergreen,CO,Clear Creek County,Evergreen,3242.208994708995,915582.2543552384,572800.0,0801999999,70050.0,1639.0,1789.0,2140.0,2794.0,3127.0,0.0035411444239842643,0.005660281066181904,0.003415313026356177,0.005459148044692738
31117,2408,Crosby,TX,Harris County,Crosby,1977.6666666666667,273007.546298965,255000.0,4800999999,44450.0,823.0,896.0,1102.0,1506.0,1709.0,0.007244000004677396,0.0077555555555555555,0.006259900223155403,0.006701960784313726
51677,2409,Deer Park,NY,Suffolk County,Deer Park,3000.0,663068.285043112,539500.0,3610399999,82450.0,1848.0,2241.0,2586.0,3352.0,3591.0,0.004524420889478892,0.005560704355885079,0.005415731804706233,0.006656163113994439
51432,2410,Clarksburg,WV,Harrison County,Clarksburg,979.1666666666666,118716.93053815451,158500.0,5403399999,42350.0,790.0,855.0,947.0,1254.0,1512.0,0.008247910910668059,0.006177707676130389,0.012736178345800958,0.009539432176656152
7327,2412,Superior,WI,Douglas County,Superior,1300.25,226028.43631302225,190400.0,5500199999,46400.0,676.0,729.0,933.0,1165.0,1237.0,0.005752594767320825,0.006829044117647059,0.005472762720381357,0.006496848739495798
53785,2415,Palatka,FL,Putnam County,Palatka,1375.0,206435.92895309217,147300.0,1210799999,35600.0,754.0,759.0,996.0,1263.0,1321.0,0.006660662254739761,0.0093346911065852,0.006399079882553618,0.008968092328581126
10249,2417,Barberton,OH,Summit County,Barberton,1086.2222222222222,152810.5099589826,195700.0,3910999999,46900.0,780.0,845.0,1077.0,1390.0,1537.0,0.007108295250855362,0.0055504456935218304,0.010058208695282553,0.007853857945835463
25828,2419,McHenry,IL,McHenry County,McHenry,1722.5555555555557,309623.67610295536,286900.0,1707399999,48850.0,707.0,831.0,1025.0,1336.0,1578.0,0.005563384484146411,0.006004027729367569,0.005096509478413683,0.005500174276751481
23360,2421,Boiling Springs,SC,Spartanburg County,Boiling Springs,1719.2698412698412,280143.887533265,216000.0,4507599999,34000.0,787.0,792.0,949.0,1143.0,1258.0,0.006137095677540674,0.007959582598471487,0.004490549521094305,0.005824074074074074
48522,2422,Wimauma,FL,Hillsborough County,Wimauma,2503.7876984126983,364302.0514725181,333300.0,1205799999,52150.0,1566.0,1686.0,1978.0,2533.0,3082.0,0.006872834474283976,0.007512114306668762,0.008460012749152738,0.009246924692469247
19671,2423,North Kingstown,RI,Washington County,North Kingstown,1937.5,647308.0370628467,469800.0,4400914500,57150.0,1233.0,1319.0,1614.0,1945.0,2359.0,0.002993165369599589,0.004124095359727543,0.0036443236680698994,0.005021285653469562
737791,2424,Mansfield,CT,Tolland County,Mansfield,2343.125,383465.6262205932,,,,,,,,,0.006110391231395768,,,
26869,2425,Royersford,PA,Montgomery County,Royersford,2230.333333333333,452472.8810426612,409900.0,4208999999,52200.0,1158.0,1183.0,1552.0,2043.0,2379.0,0.004929208858205685,0.005441164511669512,0.005257773669259301,0.005803854598682606
26399,2426,Parkland,WA,Pierce County,Parkland,1686.7962962962963,471859.8370870967,484400.0,5305399999,60400.0,1479.0,1673.0,2057.0,2882.0,3292.0,0.0035747825174299473,0.003482238431660397,0.006976648023960465,0.006796036333608588
31289,2427,Durant,OK,Bryan County,Durant,1597.2222222222224,228159.73005556816,163700.0,4001199999,39150.0,678.0,694.0,910.0,1096.0,1439.0,0.0070004563111694595,0.009757008077105818,0.006306985021631698,0.008790470372632865
28728,2428,Groveland,FL,Lake County,Groveland,2285.2000000000003,383234.8612321516,287900.0,1200399999,45750.0,901.0,952.0,1129.0,1523.0,1896.0,0.005962923082343748,0.00793747829107329,0.004947357852320911,0.006585620006946857
18081,2430,Farmington,CT,Hartford County,Farmington,2511.6203703703704,476566.77902922017,,,,,,,,,0.0052702380461487714,,,
53472,2433,Mustang,OK,Canadian County,Mustang,1630.388888888889,278441.77343495726,230300.0,4001799999,48850.0,886.0,961.0,1180.0,1575.0,1719.0,0.005855403335411309,0.007079413325613934,0.006173642621197967,0.0074641771602257925
31755,2434,Glen Cove,NY,Nassau County,Glen Cove,3734.805555555556,779374.7755439138,658700.0,3605999999,82450.0,1848.0,2241.0,2586.0,3352.0,3591.0,0.0047920534160848256,0.005669964408009042,0.004607539418367621,0.005451647183846971
55282,2435,Yelm,WA,Thurston County,Yelm,2526.8888888888887,488963.8462611444,451500.0,5306799999,58350.0,1393.0,1585.0,1843.0,2526.0,3095.0,0.005167844019983709,0.005596653131536852,0.006329711334827466,0.006854928017718715
47942,2438,Takoma Park,MD,Montgomery County,Takoma Park,1694.638888888889,694714.5218346664,615200.0,2403199999,81950.0,2012.0,2056.0,2314.0,2893.0,3413.0,0.0024393313161405203,0.00275461457881809,0.004912809352230948,0.00554778933680104
27127,2439,Smithfield,NC,Johnston County,Smithfield,1788.527777777778,293471.2565540722,267600.0,3700799999,38200.0,834.0,927.0,1216.0,1465.0,1728.0,0.00609438825041539,0.00668358661351935,0.0058881405296385995,0.006457399103139014
32178,2440,Jackson,GA,Butts County,Jackson,1855.0,288809.49618407653,227800.0,1303599999,39050.0,963.0,969.0,1156.0,1554.0,1848.0,0.006422918998541832,0.008143107989464443,0.006398681568358656,0.008112379280070237
45794,2442,Homewood,AL,Jefferson County,Homewood,1710.4417989417989,546382.6616712022,224900.0,0107399999,47950.0,998.0,1144.0,1267.0,1583.0,1791.0,0.003130483302142364,0.007605343703609599,0.0032779224628430356,0.007963539350822588
21161,2443,Warrensburg,MO,Johnson County,Warrensburg,980.3571428571428,262721.9167437495,221400.0,2900599999,38550.0,615.0,628.0,824.0,993.0,1190.0,0.003731539245023671,0.004427990708478513,0.004529504103613432,0.005374887082204155
35744,2444,Hartselle,AL,Morgan County,Hartselle,1550.0,241229.38209811292,193000.0,0105199999,41800.0,848.0,888.0,1055.0,1345.0,1665.0,0.006425419600708438,0.008031088082901554,0.006902144280760999,0.008626943005181346
12947,2445,New London,CT,New London County,New London,1653.3333333333333,316669.53285536985,,,,,,,,,0.005221005375621178,,,
41291,2446,Troy,MO,Lincoln County,Troy,1462.5,305450.35784736054,224800.0,2904999999,55700.0,1074.0,1183.0,1346.0,1756.0,2078.0,0.004788012069479518,0.006505782918149466,0.006803069456669017,0.009243772241992883
31814,2449,Graham,NC,Alamance County,Graham,1568.4444444444443,293688.44315521565,221200.0,3700199999,42500.0,869.0,1099.0,1217.0,1532.0,1806.0,0.005340504473359595,0.00709061683745228,0.006149373739727038,0.008164556962025317
24993,2451,Guthrie,OK,Logan County,Guthrie,1406.5,240783.10015196013,234300.0,4001199999,39150.0,678.0,694.0,910.0,1096.0,1439.0,0.005841356802501283,0.006002987622705932,0.005976333052825699,0.006141698676909945
25700,2452,Macungie,PA,Lehigh County,Macungie,2329.0,437197.3549010462,276100.0,4200399999,53650.0,998.0,1068.0,1280.0,1632.0,1759.0,0.00532711365677667,0.008435349511046722,0.004023354625277013,0.006370880115900036
3788,2461,Branson,MO,Taney County,Branson,1477.1666666666667,260600.7837463664,203800.0,2900399999,41700.0,710.0,789.0,1035.0,1315.0,1472.0,0.005668312448762016,0.007248119070984626,0.005648486465921937,0.0072227674190382726
20176,2462,Ridgewood,NJ,Bergen County,Ridgewood,3773.3333333333335,1182726.289768108,593200.0,3400399999,68550.0,1556.0,1807.0,2072.0,2550.0,3225.0,0.0031903690363331272,0.006360979995504608,0.002726750921070937,0.005436614969656102
37661,2464,Burlington,MA,Middlesex County,Burlington,3385.109956709957,878122.4730599035,687200.0,2501700380,82700.0,2263.0,2394.0,2837.0,3418.0,3761.0,0.003854940581254242,0.004925945804292719,0.00428300164884111,0.005472933643771828
56365,2465,Mercer Island,WA,King County,Mercer Island,2931.9809210526314,2293062.1621665084,811200.0,5302199999,52800.0,1101.0,1236.0,1503.0,2003.0,2318.0,0.0012786312422871547,0.0036143749026782933,0.001010875343130659,0.0028574950690335305
19966,2468,Pittsburg,KS,Crawford County,Pittsburg,974.7222222222222,135011.9329595569,122400.0,2003799999,42050.0,686.0,691.0,906.0,1269.0,1521.0,0.00721952645855535,0.007963416848220769,0.011265670868186285,0.012426470588235294
4242,2469,Crawfordsville,IN,Montgomery County,Crawfordsville,978.4444444444443,223513.10211818817,166300.0,1810599999,54200.0,958.0,1080.0,1223.0,1618.0,1926.0,0.004377570867980112,0.005883610610008685,0.008616944518006731,0.011581479254359591
52776,2472,King George,VA,King George County,King George,1869.7222222222224,463204.1921235616,395900.0,5109999999,67100.0,1072.0,1079.0,1337.0,1873.0,2245.0,0.004036496763231941,0.004722713367573181,0.004846674616021474,0.00567062389492296
28833,2473,East Chicago,IN,Lake County,East Chicago,1073.4722222222224,132295.9714524642,214700.0,1800399999,45000.0,943.0,991.0,1199.0,1512.0,1632.0,0.008114171659474423,0.004999870620504063,0.01233597653868395,0.00760130414531905
39109,2474,Inkster,MI,Wayne County,Inkster,1352.111111111111,111025.0035694384,170200.0,2601799999,41850.0,764.0,769.0,976.0,1305.0,1406.0,0.012178437898139403,0.00794424859642251,0.012663814049063688,0.00826086956521739
10128,2476,Anderson,CA,Shasta County,Anderson,1595.0,339797.986442203,347200.0,0608999999,48650.0,1151.0,1229.0,1613.0,2260.0,2709.0,0.004693965425458155,0.00459389400921659,0.007972383910699777,0.007802419354838709
43804,2477,Elk River,MN,Sherburne County,Elk River,1937.3333333333333,397024.9326116365,332700.0,2714199999,66200.0,1220.0,1381.0,1685.0,2244.0,2513.0,0.004879626376584269,0.005823063821260395,0.006329577297499793,0.007553351367598437
19465,2478,Morehead,KY,Rowan County,Morehead,1007.5,175331.65720072537,155900.0,2101799999,51200.0,799.0,982.0,1165.0,1583.0,1781.0,0.00574625265103484,0.0064624759461193075,0.010157891783119653,0.011423989737010904
12515,2479,Mahwah Township,NJ,Bergen County,Mahwah Township,2855.555555555555,705944.7356786452,593200.0,3400399999,68550.0,1556.0,1807.0,2072.0,2550.0,3225.0,0.004045012890152693,0.004813815838765265,0.004568346269909802,0.005436614969656102
21337,2480,Windsor,CO,Weld County,Windsor,2688.4150432900437,593452.6960902525,444500.0,0802999999,51000.0,810.0,816.0,1039.0,1421.0,1745.0,0.004530125250085963,0.006048177825174451,0.002940419702355889,0.0039257592800899885
31592,2482,Forest Park,GA,Clayton County,Forest Park,1374.6297619047618,174545.03164384057,194500.0,1300399999,38100.0,728.0,733.0,905.0,1155.0,1300.0,0.007875502092260615,0.007067505202595177,0.007447934712072769,0.006683804627249357
398967,2484,Londonderry,NH,Rockingham County,Londonderry,2532.5,612276.3343604294,461400.0,3301502340,70650.0,1346.0,1498.0,1963.0,2365.0,2603.0,0.004136204288616502,0.005488729952319029,0.004251348376414119,0.005641525791070655
30312,2485,Avon Park,FL,Highlands County,Avon Park,1335.5555555555557,211141.51249959544,177900.0,1204399999,35600.0,917.0,922.0,1061.0,1281.0,1418.0,0.006325404889567203,0.00750733870464056,0.006715874975096226,0.007970770095559304
29434,2486,Winterville,NC,Pitt County,Winterville,1680.5555555555557,278230.3088352294,194300.0,3714799999,41050.0,878.0,883.0,1096.0,1484.0,1840.0,0.006040159904184976,0.008649282324012124,0.006613226314929137,0.009469891919711785
124855,2487,Ives Estates,FL,Miami-Dade County,Ives Estates,2506.755723905724,364357.6353816297,425400.0,1208699999,61950.0,1711.0,1898.0,2329.0,3008.0,3527.0,0.006879931914367975,0.005892702689012046,0.009680049647665008,0.008291020216267042
396161,2488,Greater Landover,MD,Prince Georges County,Greater Landover,1586.7916666666667,331049.827690308,404300.0,2403399999,81950.0,2012.0,2056.0,2314.0,2893.0,3413.0,0.004793210972914585,0.003924787698903455,0.01030962626929022,0.008441751174870145
27322,2490,Sun City Center,FL,Hillsborough County,Sun City Center,2189.102564102564,288116.6773007381,333300.0,1205799999,52150.0,1566.0,1686.0,1978.0,2533.0,3082.0,0.007597972406913343,0.006567964488756567,0.01069705519608984,0.009246924692469247
55827,2492,Horn Lake,MS,DeSoto County,Horn Lake,1569.6626984126983,200667.84645622355,248700.0,2800999999,34550.0,807.0,843.0,933.0,1242.0,1242.0,0.007822193371448407,0.006311470439938473,0.006189332381513085,0.004993968636911942
25548,2495,Lemont,IL,Cook County,Lemont,2760.0,558741.2837223384,305200.0,1700799999,43300.0,810.0,900.0,1181.0,1561.0,1603.0,0.004939674372390851,0.009043250327653997,0.0028689485575878744,0.005252293577981651
53018,2497,Lodi,NJ,Bergen County,Lodi,2291.611111111111,615136.2138644682,593200.0,3400399999,68550.0,1556.0,1807.0,2072.0,2550.0,3225.0,0.003725371811089661,0.0038631340376114476,0.005242741245454553,0.005436614969656102
48521,2498,Wilsonville,OR,Clackamas County,Wilsonville,1937.330808080808,641927.0402766465,577900.0,4100599999,62050.0,1628.0,1750.0,1997.0,2739.0,3217.0,0.0030179922117720592,0.003352363398651684,0.005011472952772941,0.005566707042740959
51858,2500,El Cerrito,CA,Contra Costa County,El Cerrito,2610.992063492064,1118779.4426554218,830800.0,0601399999,79900.0,1937.0,2201.0,2682.0,3432.0,4077.0,0.002333786235198313,0.0031427444192249207,0.003644149905296119,0.004907318247472316
18357,2501,Grandview,MO,Jackson County,Grandview,1620.428571428571,217495.2059690147,213300.0,2900599999,38550.0,615.0,628.0,824.0,993.0,1190.0,0.007450410523804484,0.007596945951376329,0.005471384965466929,0.005578996718237224
4131,2506,Cliffside Park,NJ,Bergen County,Cliffside Park,3174.583333333333,625334.1665309682,593200.0,3400399999,68550.0,1556.0,1807.0,2072.0,2550.0,3225.0,0.005076619035457932,0.005351623960440548,0.005157242595412048,0.005436614969656102
7892,2507,Westport,CT,Fairfield County,Westport,5520.666666666667,1910432.8244605549,,,,,,,,,0.002889746551661939,,,
54154,2508,River Falls,WI,Pierce County,River Falls,1745.2777777777776,410503.7857070018,308600.0,5509399999,66200.0,1220.0,1381.0,1685.0,2244.0,2513.0,0.004251550993060693,0.0056554691438035565,0.006121746223781869,0.008143227478937136
13105,2509,Onalaska,WI,La Crosse County,Onalaska,1402.2222222222224,358730.9026891298,243200.0,5506399999,53700.0,821.0,912.0,1197.0,1579.0,1990.0,0.003908841451101202,0.005765716374269007,0.005547333628306064,0.008182565789473684
6835,2512,Rosemount,MN,Dakota County,Rosemount,2289.083333333333,436734.4140293616,362100.0,2700399999,66200.0,1220.0,1381.0,1685.0,2244.0,2513.0,0.00524136239279609,0.006321688299733038,0.005754069107618003,0.006940071803369235
6695,2514,Reading,MA,Middlesex County,Reading,2854.8888888888887,914642.0929516264,687200.0,2501700380,82700.0,2263.0,2394.0,2837.0,3418.0,3761.0,0.00312131806625685,0.00415437847626439,0.004111990940481362,0.005472933643771828
6055,2515,Morton Grove,IL,Cook County,Morton Grove,2343.944444444445,426251.2314958716,305200.0,1700799999,43300.0,810.0,900.0,1181.0,1561.0,1603.0,0.005498974011684812,0.0076800276685597794,0.003760692947148765,0.005252293577981651
16535,2517,Oak Forest,IL,Cook County,Oak Forest,2043.055555555556,293601.11145940056,305200.0,1700799999,43300.0,810.0,900.0,1181.0,1561.0,1603.0,0.006958609745719821,0.006694153196446776,0.0054597885955948245,0.005252293577981651
396091,2519,Chevy Chase,MD,Montgomery County,Chevy Chase,2681.9953703703704,1244199.976014875,615200.0,2403199999,81950.0,2012.0,2056.0,2314.0,2893.0,3413.0,0.0021555983138343234,0.004359550341954438,0.0027431281673318372,0.00554778933680104
13032,2520,North Potomac,MD,Montgomery County,North Potomac,3561.944444444445,915525.909693686,615200.0,2403199999,81950.0,2012.0,2056.0,2314.0,2893.0,3413.0,0.0038905992793106096,0.005789896691229592,0.00372791197262993,0.00554778933680104
33337,2521,Parrish,FL,Manatee County,Parrish,2688.833333333333,435190.2705406754,359800.0,1208199999,53800.0,1266.0,1580.0,1846.0,2425.0,2903.0,0.006178523545558033,0.007473133222160458,0.006670645454443056,0.008068371317398555
398779,2522,Hudson,NH,Hillsborough County,Hudson,2450.0,541092.2726485963,385500.0,3301101300,73400.0,1458.0,1621.0,2126.0,2824.0,2999.0,0.004527878374620798,0.00635538261997406,0.005542492753260316,0.0077795071335927364
3792,2524,Breaux Bridge,LA,Saint Martin Parish,Breaux Bridge,1600.0,181673.61145603735,,2209999999,42350.0,740.0,930.0,1052.0,1322.0,1736.0,0.0088070027736922,,0.009555598009456037,
14500,2525,Waukee,IA,Dallas County,Waukee,1598.618253968254,353699.4361634385,333400.0,1900399999,46950.0,679.0,703.0,922.0,1147.0,1222.0,0.004519708233941204,0.004794895782748212,0.0034549107944727812,0.003665266946610678
40681,2527,Saginaw,TX,Tarrant County,Saginaw,2056.973015873016,304822.82226075773,294100.0,4800799999,39700.0,969.0,976.0,1280.0,1670.0,1914.0,0.006748093861926776,0.006994127901642352,0.006279057407199935,0.006507990479428766
5236,2528,Hummelstown,PA,Dauphin County,Hummelstown,2202.777777777778,380037.0572027333,222300.0,4204399999,52700.0,953.0,1114.0,1371.0,1763.0,1818.0,0.0057962183845737215,0.0099090318388564,0.004783744020600012,0.008178137651821862
35591,2529,Lathrop,CA,San Joaquin County,Lathrop,3080.524470899471,663335.4565877271,494500.0,0607799999,52300.0,1248.0,1363.0,1736.0,2433.0,2915.0,0.004643991875160781,0.006229574258644026,0.004394458295648918,0.005894843276036401
44331,2532,Brookings,SD,Brookings County,Brookings,1277.6064814814815,315152.8959721929,246300.0,4601199999,56650.0,761.0,765.0,923.0,1293.0,1550.0,0.0040539258810879195,0.005187196433136344,0.0049182476817118065,0.006293138449045879
11144,2533,Dover,NJ,Morris County,Dover,2190.0,516509.3981363492,557000.0,3402199999,63450.0,1391.0,1605.0,2028.0,2443.0,2747.0,0.004240000294093157,0.003931777378815081,0.005318393062956119,0.004931777378815081
53547,2534,New Philadelphia,OH,Tuscarawas County,New Philadelphia,1150.0,204681.4817717484,176800.0,3909599999,47400.0,745.0,805.0,1056.0,1371.0,1440.0,0.00561848580558171,0.006504524886877828,0.00703532135655449,0.008144796380090498
23202,2535,Northfield,MN,Rice County,Northfield,1652.5,396312.147490219,298500.0,2710399999,52350.0,963.0,969.0,1174.0,1645.0,1971.0,0.004169693032285325,0.005536013400335008,0.004973352476026853,0.006603015075376885
5265,2537,Imperial Beach,CA,San Diego County,Imperial Beach,3014.722222222222,823791.1650061207,791600.0,0606999999,66800.0,1799.0,1999.0,2623.0,3655.0,4046.0,0.003659570957160997,0.003808390882039189,0.0049114389324264466,0.005111167256189995
4974,2538,Greenbelt,MD,Prince Georges County,Greenbelt,2333.979797979798,292564.02290773054,404300.0,2403399999,81950.0,2012.0,2056.0,2314.0,2893.0,3413.0,0.007977671946068002,0.005772890917585451,0.01166582263286829,0.008441751174870145
50009,2540,Walker,MI,Kent County,Walker,1472.4666666666665,349544.127410613,265700.0,2604199999,40950.0,640.0,711.0,933.0,1231.0,1567.0,0.004212534416110917,0.005541839166980303,0.004482981910204515,0.005897628904779827
45263,2542,Ferndale,WA,Whatcom County,Ferndale,2151.472222222222,620180.9703042387,536100.0,5307399999,54200.0,1348.0,1381.0,1642.0,2301.0,2757.0,0.0034691038990873686,0.004013191983253539,0.004445476614104289,0.005142697257974258
43240,2543,Round Lake Beach,IL,Lake County,Round Lake Beach,1994.4444444444448,246523.2844934565,326600.0,1702399999,45900.0,635.0,747.0,926.0,1181.0,1228.0,0.008090288300930793,0.006106688439817651,0.004981273888684519,0.0037599510104102877
48098,2544,University Park,TX,Dallas County,University Park,4551.132936507936,2311885.974072922,277900.0,4805999999,43650.0,944.0,950.0,1207.0,1571.0,1899.0,0.001968580192772251,0.016376872747419707,0.0008214072931349949,0.006833393306944944
11575,2546,Gardner,KS,Johnson County,Gardner,1717.065079365079,345789.3562334621,366000.0,2000399999,42550.0,625.0,711.0,872.0,1051.0,1251.0,0.004965638902447276,0.004691434643073987,0.003617809448002149,0.003418032786885246
38008,2547,Coos Bay,OR,Coos County,Coos Bay,1491.6666666666667,330183.041445168,302800.0,4101199999,41550.0,845.0,898.0,1148.0,1609.0,1928.0,0.004517696184933777,0.004926243945398503,0.005839185415342338,0.006367239101717305
51291,2548,Carteret,NJ,Middlesex County,Carteret,2348.0925925925926,543686.9641079112,439300.0,3401399999,67650.0,1551.0,1768.0,2140.0,2695.0,3065.0,0.004318831878644311,0.005345077606630076,0.005637435146213396,0.006977008877760073
42816,2550,Menomonie,WI,Dunn County,Menomonie,990.5,304867.7344919472,226200.0,5502599999,64900.0,1080.0,1282.0,1472.0,1935.0,2161.0,0.0032489499147905503,0.004378868258178603,0.007088319804000383,0.009553492484526967
775810,2552,Dakota Ridge,CO,Jefferson County,Dakota Ridge,2271.705687830688,621153.441938214,604400.0,0805999999,70050.0,1639.0,1789.0,2140.0,2794.0,3127.0,0.0036572375430170344,0.0037586129844981602,0.005034182842556062,0.005173726009265387
47384,2553,Ridgeland,MS,Madison County,Ridgeland,1381.9388888888889,279037.20151023334,286300.0,2800199999,34550.0,807.0,843.0,933.0,1232.0,1237.0,0.004952525618123389,0.004826890984592696,0.004433100652188968,0.004320642682500873
54201,2554,Romulus,MI,Wayne County,Romulus,1272.4444444444443,206222.04176052831,170200.0,2601799999,41850.0,764.0,769.0,976.0,1305.0,1406.0,0.0061702640201867845,0.00747617182399791,0.0068178938972619256,0.00826086956521739
12202,2555,Kings Mountain,NC,Cleveland County,Kings Mountain,1766.5,237102.72929152852,180200.0,3704599999,38300.0,705.0,709.0,930.0,1303.0,1397.0,0.007450357089006801,0.00980299667036626,0.005891960856689782,0.007752497225305216
45065,2556,Easton,MA,Bristol County,Easton,2955.555555555555,685356.3104511657,421800.0,2500500520,59800.0,1081.0,1177.0,1448.0,1745.0,2088.0,0.004312436480828391,0.007007007007007006,0.003046590464200268,0.0049502133712660025
28063,2557,Yucca Valley,CA,San Bernardino County,Yucca Valley,1890.9354978354977,366187.9021903815,475000.0,0606999999,66800.0,1799.0,1999.0,2623.0,3655.0,4046.0,0.005163839347298803,0.003980916837548416,0.011048972333052336,0.008517894736842105
52961,2559,Lillington,NC,Harnett County,Lillington,1602.3333333333333,280607.9363995765,220700.0,3703199999,48350.0,923.0,929.0,1219.0,1584.0,2002.0,0.0057102210076184845,0.0072602325932638575,0.007134509542699526,0.009071137290439511
16675,2560,Aberdeen,MD,Harford County,Aberdeen,1918.7079365079364,343386.6232690385,367300.0,2402599999,65150.0,1407.0,1604.0,1965.0,2529.0,2826.0,0.005587602447182855,0.00522381687042727,0.008229790587345825,0.007693983120065342
10965,2561,Cottonwood,AZ,Yavapai County,Cottonwood,1839.1666666666667,397986.2697788044,392900.0,0402599999,45300.0,1101.0,1293.0,1606.0,2216.0,2548.0,0.00462118119725299,0.004681004496479172,0.00640223091468996,0.006485110715194706
48589,2562,Wyandotte,MI,Wayne County,Wyandotte,1221.6666666666667,191716.52657162843,170200.0,2601799999,41850.0,764.0,769.0,976.0,1305.0,1406.0,0.006372255373666141,0.007177830003916961,0.007333744383662696,0.00826086956521739
44131,2563,Benicia,CA,Solano County,Benicia,2534.3888888888887,785822.1267579799,589600.0,0601199999,48000.0,915.0,921.0,1208.0,1625.0,1631.0,0.0032251432004655658,0.004298488617518468,0.002075533310227495,0.002766282225237449
117769,2565,Rosemont,CA,Sacramento County,Rosemont,1999.4666666666665,468063.2981473605,498900.0,0606799999,64300.0,1679.0,1777.0,2206.0,2992.0,3455.0,0.0042717869027132606,0.004007750384178526,0.007381480269175605,0.006925235518139908
41884,2567,Dedham,MA,Norfolk County,Dedham,2995.2916666666665,765483.9195176208,649400.0,2502102935,65700.0,1607.0,1652.0,2155.0,2730.0,2953.0,0.003912938717973575,0.004612398624371215,0.0038576904422249255,0.004547274407145057
399034,2567,Yarmouth,MA,Barnstable County,Yarmouth,2800.0,604879.9704118817,575900.0,2500500520,59800.0,1081.0,1177.0,1448.0,1745.0,2088.0,0.004629017552182117,0.004861955200555652,0.0034519245174843786,0.003625629449557215
55288,2569,Yorkville,IL,Kendall County,Yorkville,2411.25,399941.0034911867,298900.0,1704599999,43300.0,597.0,743.0,870.0,1187.0,1325.0,0.006029014226977443,0.008067079290732686,0.0033129886369082893,0.004432920709267313
40417,2571,Portland,TN,Sumner County,Portland,1773.5,333809.82357567403,364000.0,4712399999,39800.0,661.0,736.0,899.0,1251.0,1285.0,0.005312905357316278,0.004872252747252747,0.003849497256358284,0.00353021978021978
6876,2573,Sachse,TX,Dallas County,Sachse,1636.3386437908496,445206.1234194169,277900.0,4805999999,43650.0,944.0,950.0,1207.0,1571.0,1899.0,0.003675463021988353,0.0058882282971962924,0.004265439984101482,0.006833393306944944
48964,2575,Alton,IL,Madison County,Alton,1011.3333333333334,103349.77856180898,167900.0,1700199999,46550.0,669.0,749.0,975.0,1261.0,1319.0,0.009785539431306079,0.006023426642842962,0.012762485013077834,0.007855866587254318
54352,2577,Seal Beach,CA,Orange County,Seal Beach,3240.9166666666665,795711.9040514947,915500.0,0600399999,57700.0,1003.0,1101.0,1445.0,2025.0,2396.0,0.004072977481127302,0.0035400509739668667,0.0030111400719285233,0.002617149098853086
9366,2578,Seymour,TN,Sevier County,Seymour,1682.1666666666667,368134.0275798021,259500.0,4715599999,40000.0,849.0,955.0,1149.0,1505.0,1523.0,0.004569440857520339,0.006482337829158639,0.0041370802096523185,0.005868978805394991
52182,2579,Gatesville,TX,Coryell County,Gatesville,1262.5,239339.63365984688,177400.0,4802799999,41100.0,924.0,930.0,1172.0,1631.0,1968.0,0.00527493077805193,0.007116685456595265,0.008222624769272236,0.011093573844419391
32680,2580,Manvel,TX,Brazoria County,Manvel,2251.0,446647.7637046427,276800.0,4801999999,48300.0,1116.0,1231.0,1501.0,1907.0,2243.0,0.005039765522006579,0.008132225433526012,0.005021854316242007,0.008103323699421966
23664,2584,Belmont,NC,Gaston County,Belmont,2286.902777777778,425534.316970612,235000.0,3700799999,38200.0,834.0,927.0,1216.0,1465.0,1728.0,0.005374191191108366,0.009731501182033097,0.004060777077396882,0.0073531914893617024
29538,2586,Soddy-Daisy,TN,Hamilton County,Soddy-Daisy,1562.6666666666667,364852.0320431288,282100.0,4706399999,37800.0,820.0,825.0,1069.0,1402.0,1751.0,0.004283014837318887,0.00553940682972941,0.00479920583200429,0.006207018787663949
45750,2588,Hillsborough,NC,Orange County,Hillsborough,1545.159523809524,485581.556288843,428500.0,3704199999,38200.0,854.0,860.0,1128.0,1360.0,1696.0,0.0031820803401569116,0.003605973217758516,0.003492719148894429,0.003957992998833139
50786,2590,Athens,TN,McMinn County,Athens,960.0,254654.37430298165,190400.0,4701599999,57400.0,1589.0,1650.0,1827.0,2308.0,2840.0,0.00376981547097956,0.005042016806722689,0.011152370768314532,0.014915966386554623
13967,2591,Spring Lake,NC,Harnett County,Spring Lake,1479.6425234441604,252387.41433348836,220700.0,3703199999,48350.0,923.0,929.0,1219.0,1584.0,2002.0,0.005862584421460322,0.006704315919547623,0.00793224973316097,0.009071137290439511
23504,2592,Aptos,CA,Santa Cruz County,Aptos,4145.277777777778,1360062.2564932893,1015200.0,0608399999,88250.0,2381.0,2688.0,3028.0,4011.0,4468.0,0.0030478588446868145,0.0040832129410734615,0.00328514373416997,0.004401103230890465
39616,2593,Maplewood,NJ,Essex County,Maplewood,2613.8888888888887,934850.44664197,494400.0,3401399999,67650.0,1551.0,1768.0,2140.0,2695.0,3065.0,0.0027960503182922034,0.005286992089176555,0.003278599278643589,0.006199433656957929
33369,2594,Peekskill,NY,Westchester County,Peekskill,2831.6666666666665,506894.7911744152,638400.0,3611999999,85000.0,2406.0,2511.0,2780.0,3465.0,3738.0,0.005586300581440244,0.004435568086883876,0.007374311326694631,0.005855263157894737
12114,2595,Jefferson,GA,Jackson County,Jefferson,1796.8703703703704,417148.93813018274,312700.0,1300399999,38100.0,728.0,733.0,905.0,1155.0,1300.0,0.004307503162838228,0.005746307548354239,0.003116392926294108,0.004157339302846178
29706,2597,Haslet,TX,Tarrant County,Haslet,2288.214285714286,395784.0823741881,294100.0,4800799999,39700.0,969.0,976.0,1280.0,1670.0,1914.0,0.005781471230444603,0.0077803953951522805,0.004835970129264667,0.006507990479428766
7486,2599,Tullahoma,TN,Coffee County,Tullahoma,1258.888888888889,292425.8980340489,227300.0,4702999999,37450.0,714.0,719.0,899.0,1148.0,1192.0,0.004304984262174716,0.005538446497531407,0.0040762463516867044,0.005244170699516058
20578,2600,South Plainfield,NJ,Middlesex County,South Plainfield,2632.3888888888887,592468.9719332679,439300.0,3401399999,67650.0,1551.0,1768.0,2140.0,2695.0,3065.0,0.0044430831209594296,0.005992235121531729,0.005173266694454377,0.006977008877760073
37737,2603,Canton,MA,Norfolk County,Canton,2776.833333333333,799682.1383719583,649400.0,2502102935,65700.0,1607.0,1652.0,2155.0,2730.0,2953.0,0.003472421353547523,0.004275998357458166,0.0036927172163828716,0.004547274407145057
25717,2605,Manahawkin,NJ,Ocean County,Manahawkin,2974.1666666666665,581961.5239486432,366600.0,3400799999,59700.0,1372.0,1512.0,1802.0,2171.0,2468.0,0.005110589865953286,0.008112838697945081,0.00424083018969102,0.006732133115111839
11311,2605,Elmwood Park,IL,Cook County,Elmwood Park,2188.888888888889,347010.06456818286,305200.0,1700799999,43300.0,810.0,900.0,1181.0,1561.0,1603.0,0.006307854187493751,0.007171981942624145,0.004619462556496058,0.005252293577981651
397306,2607,Marshfield,MA,Plymouth County,Marshfield,2892.8571428571427,787199.2232982985,513000.0,2502300170,65700.0,1607.0,1652.0,2155.0,2730.0,2953.0,0.003674872963843021,0.005639097744360902,0.003751274026449338,0.005756335282651072
29671,2607,Roselle,IL,DuPage County,Roselle,2247.619047619048,377439.0480902739,374100.0,1704399999,59950.0,1458.0,1560.0,1761.0,2262.0,2657.0,0.005954919235281333,0.006008070162039691,0.007039547215487128,0.007102379043036621
36864,2609,Crofton,MD,Anne Arundel County,Crofton,2473.912037037037,500155.90796612535,450300.0,2400399999,65150.0,1407.0,1604.0,1965.0,2529.0,2826.0,0.0049462817446207005,0.00549391969139915,0.005650238165718918,0.006275816122584943
33518,2612,Pottsville,PA,Schuylkill County,Pottsville,1315.8333333333333,150349.31963266773,140400.0,4210799999,42900.0,718.0,731.0,951.0,1244.0,1306.0,0.0087518409564351,0.009372032288698954,0.008686437711795496,0.009301994301994302
34004,2615,Simsbury,CT,Hartford County,Simsbury,2655.672222222222,528821.2593352384,,,,,,,,,0.005021871143305716,,,
47272,2616,Radford,VA,Pulaski County,Radford,1331.6666666666667,265812.4382833725,182500.0,5115599999,42850.0,726.0,827.0,916.0,1250.0,1538.0,0.005009798169215196,0.0072968036529680366,0.005786034731604234,0.008427397260273972
43788,2617,Deridder,LA,Beauregard Parish,Deridder,1292.361111111111,180057.74493415558,,2201199999,42500.0,677.0,765.0,974.0,1216.0,1610.0,0.007177481377342075,,0.008941575940478166,
28341,2618,Burlington,KY,Boone County,Burlington,2204.333333333333,320240.3344381352,253200.0,2101399999,35450.0,637.0,783.0,867.0,1189.0,1336.0,0.006883371943764852,0.00870589784096893,0.0041718667398472,0.0052764612954186415
4736,2618,Floresville,TX,Wilson County,Floresville,2495.0,361177.1254521849,286300.0,4805199999,44250.0,1034.0,1089.0,1206.0,1690.0,1863.0,0.006907967930904598,0.00871463499825358,0.005158133970050207,0.00650716032134125
21255,2620,Westford,MA,Middlesex County,Westford,3265.759259259259,852888.9560817396,687200.0,2501700380,82700.0,2263.0,2394.0,2837.0,3418.0,3761.0,0.003829055630245813,0.004752269003578666,0.004409718256029981,0.005472933643771828
49927,2621,Vernon Hills,IL,Lake County,Vernon Hills,2566.8151515151512,445434.7238145014,326600.0,1702399999,45900.0,635.0,747.0,926.0,1181.0,1228.0,0.005762494512179265,0.007859201321234388,0.0027568573673016857,0.0037599510104102877
36071,2622,North Haven,CT,New Haven County,North Haven,3084.444444444445,458710.8889525486,,,,,,,,,0.006724157892758276,,,
17844,2623,Dyersburg,TN,Dyer County,Dyersburg,691.6666666666666,165848.29500619372,159500.0,4700199999,49700.0,1256.0,1264.0,1548.0,1989.0,2335.0,0.004170478006064735,0.004336468129571578,0.014079131774690827,0.01463949843260188
41500,2625,Village of Palmetto Bay,FL,Miami-Dade County,Village of Palmetto Bay,2712.271708683473,1092631.4328035084,425400.0,1208699999,61950.0,1711.0,1898.0,2329.0,3008.0,3527.0,0.0024823299305276624,0.006375815018061761,0.003227986944280297,0.008291020216267042
31552,2626,Fernley,NV,Churchill County,Fernley,1908.722222222222,390376.6072257301,298000.0,3200199999,50950.0,945.0,989.0,1298.0,1819.0,2105.0,0.004889438011634054,0.00640510812826249,0.00539222884014362,0.007063758389261745
50262,2627,Mulberry,FL,Polk County,Mulberry,1933.2777777777776,291104.2993226664,240000.0,1206999999,52700.0,1636.0,1727.0,1958.0,2486.0,2960.0,0.006641185933275722,0.008055324074074074,0.010168176859246833,0.012333333333333333
31701,2629,Gardnerville,NV,Douglas County,Gardnerville,1966.6666666666667,602401.6069344712,587400.0,3200599999,54400.0,1004.0,1199.0,1464.0,2051.0,2458.0,0.003264710193378683,0.003348087617750539,0.004080334401012612,0.004184542049710589
24512,2630,East Wenatchee,WA,Douglas County,East Wenatchee,2092.5,510867.84154997073,402900.0,5300199999,47400.0,753.0,821.0,1077.0,1509.0,1809.0,0.0040959712665635094,0.005193596425912137,0.0035410332239968405,0.0044899478778853315
51349,2633,Chanhassen,MN,Carver County,Chanhassen,2142.3888888888887,554543.9733318478,426900.0,2700599999,48750.0,669.0,750.0,976.0,1305.0,1419.0,0.0038633345449899056,0.005018479477369147,0.0025588592938343016,0.003323963457484188
19296,2634,Medford Township,NJ,Burlington County,Medford Township,2016.6666666666663,624418.4114629863,326700.0,3400599999,59700.0,1372.0,1512.0,1802.0,2171.0,2468.0,0.0032296720110185423,0.006172839506172838,0.003952477945385337,0.007554331190694827
5365,2637,Juneau,AK,Juneau Borough,Juneau,1930.8333333333333,470489.1426180303,,0211099999,64350.0,1202.0,1336.0,1753.0,2456.0,2544.0,0.004103884996344949,,0.00540713859164517,
7876,2639,Westchase,FL,Hillsborough County,Westchase,2291.66348583878,557411.8707099463,333300.0,1205799999,52150.0,1566.0,1686.0,1978.0,2533.0,3082.0,0.004111257054716127,0.0068756780253188725,0.005529125162107901,0.009246924692469247
9312,2641,Versailles,KY,Woodford County,Versailles,1609.3,344195.1911084949,270400.0,2121999999,38450.0,624.0,661.0,867.0,1138.0,1336.0,0.004675544695488576,0.005951553254437869,0.0038815184944837743,0.004940828402366864
37688,2642,Calabasas,CA,Los Angeles County,Calabasas,4002.283516483517,1699810.189293538,783300.0,0603799999,75750.0,1856.0,2081.0,2625.0,3335.0,3698.0,0.002354547314572173,0.005109515532342036,0.0021755370236584675,0.004721051959657858
42291,2643,Ennis,TX,Ellis County,Ennis,1821.562962962963,267242.9453380684,306400.0,4802799999,41100.0,924.0,930.0,1172.0,1631.0,1968.0,0.006816131144860136,0.005945048834735519,0.007364085878901069,0.006422976501305483
20704,2644,Sulphur Springs,TX,Hopkins County,Sulphur Springs,1662.5,251473.2902104308,193200.0,4822399999,42650.0,716.0,886.0,1026.0,1402.0,1408.0,0.0066110400774922595,0.008605072463768116,0.005599004167885174,0.007287784679089027
40514,2645,Red Bank,NJ,Monmouth County,Red Bank,3147.5,680225.9386246026,566500.0,3402599999,68400.0,1474.0,1654.0,2040.0,2717.0,3023.0,0.004627139044953438,0.005556045895851721,0.004444111622841698,0.005336275375110326
36955,2646,Rolling Meadows,IL,Cook County,Rolling Meadows,2074.785714285714,341539.82050834177,305200.0,1700799999,43300.0,810.0,900.0,1181.0,1561.0,1603.0,0.006074798865905709,0.006798118329900768,0.004693449793391949,0.005252293577981651
48904,2648,Cockeysville,MD,Baltimore County,Cockeysville,1916.9555555555555,471964.0469696501,330000.0,2451099999,65150.0,1407.0,1604.0,1965.0,2529.0,2826.0,0.004061655899138492,0.005808956228956229,0.0059877442320976785,0.008563636363636364
47547,2649,San Fernando,CA,Los Angeles County,San Fernando,2900.0,747556.6121237535,783300.0,0603799999,75750.0,1856.0,2081.0,2625.0,3335.0,3698.0,0.003879304861957294,0.0037022852036256862,0.004946782544661405,0.004721051959657858
26223,2653,Norwalk,OH,Huron County,Norwalk,1580.5,207002.3185248449,158900.0,3901599999,44250.0,726.0,731.0,947.0,1273.0,1548.0,0.00763518018186016,0.009946507237256135,0.007478177109471388,0.009741976085588421
38976,2654,Hialeah Gardens,FL,Miami-Dade County,Hialeah Gardens,2516.6666666666665,422840.440648831,425400.0,1208699999,61950.0,1711.0,1898.0,2329.0,3008.0,3527.0,0.0059518116640048585,0.005916000626860993,0.008341207843289459,0.008291020216267042
28922,2654,Ottawa,IL,La Salle County,Ottawa,1181.6666666666667,208908.4771961884,154900.0,1709999999,45500.0,747.0,777.0,1020.0,1373.0,1545.0,0.005656384472885462,0.007628577576931354,0.007395583083730357,0.009974176888315043
3955,2656,Canby,OR,Clackamas County,Canby,2135.277777777778,600873.3834584095,577900.0,4100599999,62050.0,1628.0,1750.0,1997.0,2739.0,3217.0,0.0035536235029880884,0.003694891465266963,0.005353873359282639,0.005566707042740959
14588,2657,Westmont,IL,DuPage County,Westmont,1927.2229992229995,396448.5691820597,374100.0,1704399999,59950.0,1458.0,1560.0,1761.0,2262.0,2657.0,0.0048612181983635,0.005151625231817694,0.006702004261187874,0.007102379043036621
31092,2658,Cranford,NJ,Union County,Cranford,2861.944444444445,772617.7613995583,488800.0,3400599999,59700.0,1372.0,1512.0,1802.0,2171.0,2468.0,0.0037042177742072305,0.005855041825786507,0.0031943350558358147,0.0050490998363338785
12355,2659,Leesville,LA,Vernon Parish,Leesville,1222.111111111111,161427.05286384933,,2200599999,45850.0,1063.0,1081.0,1222.0,1528.0,2023.0,0.007570671020933914,,0.012531976295858149,
4799,2659,Frankfort,IN,Clinton County,Frankfort,874.1666666666667,204280.59277375275,157300.0,1800799999,45300.0,831.0,971.0,1161.0,1399.0,1750.0,0.0042792448112525016,0.005557321466412376,0.008566648335205198,0.01112523839796567
26009,2661,Mount Holly,NC,Gaston County,Mount Holly,1768.3472222222224,363308.8400090388,235000.0,3700799999,38200.0,834.0,927.0,1216.0,1465.0,1728.0,0.004867338824395871,0.007524881796690308,0.004756283937261226,0.0073531914893617024
53352,2662,Mint Hill,NC,Mecklenburg County,Mint Hill,2500.0,510985.9988831882,371200.0,3711999999,56100.0,1586.0,1647.0,1824.0,2250.0,2852.0,0.004892501957908835,0.006734913793103448,0.005581366233582399,0.007683189655172414
40706,2664,Saint Marys,GA,Camden County,Saint Marys,1644.6349206349205,313567.1871682592,233900.0,1303999999,43300.0,922.0,974.0,1079.0,1512.0,1808.0,0.005244920348609099,0.007031359216053529,0.005765909425433066,0.0077297990594271055
7898,2665,Wexford,PA,Allegheny County,Wexford,1809.7301587301588,552917.5037681307,216700.0,4200399999,53650.0,998.0,1068.0,1280.0,1632.0,1759.0,0.0032730563716953337,0.008351315914767692,0.003181306411919358,0.008117212736502077
8150,2667,Arnold,MD,Anne Arundel County,Arnold,2750.0,598720.6635784336,450300.0,2400399999,65150.0,1407.0,1604.0,1965.0,2529.0,2826.0,0.00459312692427183,0.006107039751276927,0.0047200642501789795,0.006275816122584943
26061,2668,Nanuet,NY,Rockland County,Nanuet,3477.25,626803.0030157693,564200.0,3602399999,46100.0,896.0,901.0,1118.0,1387.0,1877.0,0.005547596267519028,0.006163151364764268,0.0029945612751839,0.003326834455866714
19619,2670,Newton,KS,Harvey County,Newton,840.75,168832.53656484585,173300.0,2000799999,42050.0,625.0,767.0,872.0,1158.0,1464.0,0.0049797865808708115,0.0048514137334102715,0.008671314367403947,0.008447778418926718
43821,2671,Acton,MA,Middlesex County,Acton,2418.866666666667,893155.3527757683,687200.0,2501700380,82700.0,2263.0,2394.0,2837.0,3418.0,3761.0,0.002708226132384762,0.00351988746604579,0.004210913575461961,0.005472933643771828
27269,2678,Steubenville,OH,Jefferson County,Steubenville,908.3333333333334,129919.8275146513,120600.0,3908199999,42600.0,706.0,711.0,899.0,1197.0,1352.0,0.00699149121969777,0.007531785516860144,0.0104064177567318,0.0112106135986733
43983,2679,Auburn Hills,MI,Oakland County,Auburn Hills,1694.6194444444443,277318.92682451865,320400.0,2600599999,50350.0,846.0,851.0,1111.0,1416.0,1496.0,0.00611072408165189,0.00528907442086281,0.005394510995445457,0.00466916354556804
12009,2682,Huntingdon Valley,PA,Montgomery County,Huntingdon Valley,2239.8,630513.555720609,409900.0,4208999999,52200.0,1158.0,1183.0,1552.0,2043.0,2379.0,0.0035523423401105946,0.005464259575506222,0.0037731147544973233,0.005803854598682606
26044,2685,Munster,IN,Lake County,Munster,2037.5,356516.85457765363,214700.0,1800399999,45000.0,943.0,991.0,1199.0,1512.0,1632.0,0.005715017323412989,0.009489986027014438,0.0045776236916858885,0.00760130414531905
47771,2686,South Portland,ME,Cumberland County,South Portland,2587.560606060606,520359.53705969895,411400.0,2300502655,54750.0,1197.0,1330.0,1745.0,2191.0,2667.0,0.004972639918702488,0.006289646587410321,0.005125302430450169,0.006482741857073408
52256,2687,Goodlettsville,TN,Sumner County,Goodlettsville,1818.0428571428567,396411.64109151385,364000.0,4712399999,39800.0,661.0,736.0,899.0,1251.0,1285.0,0.0045862499197473145,0.004994623233908947,0.003241579880100823,0.00353021978021978
157222,2687,Carney,MD,Baltimore County,Carney,1459.0,347105.7293478897,330000.0,2451099999,65150.0,1407.0,1604.0,1965.0,2529.0,2826.0,0.004203330215093352,0.004421212121212121,0.008141611506411111,0.008563636363636364
5787,2689,Mansfield,MA,Bristol County,Mansfield,2591.8888888888887,706830.8451575163,421800.0,2500500520,59800.0,1081.0,1177.0,1448.0,1745.0,2088.0,0.003666915368289127,0.006144829039565881,0.002954030676936137,0.0049502133712660025
35973,2691,Maywood,IL,Cook County,Maywood,1277.5,241746.97621213028,305200.0,1700799999,43300.0,810.0,900.0,1181.0,1561.0,1603.0,0.005284450792381403,0.004185779816513762,0.006630899898385431,0.005252293577981651
7954,2692,Willoughby,OH,Lake County,Willoughby,1158.888888888889,244080.0097962135,199900.0,3900399999,46250.0,788.0,793.0,1040.0,1262.0,1431.0,0.0047479877186848065,0.0057973431160024454,0.005862831623100826,0.007158579289644822
42157,2693,Kenmore,WA,King County,Kenmore,2830.556277056277,1048145.0769282696,811200.0,5302199999,52800.0,1101.0,1236.0,1503.0,2003.0,2318.0,0.002700538636647136,0.003489344522998369,0.0022115259147075434,0.0028574950690335305
25401,2695,Kilgore,TX,Gregg County,Kilgore,1323.75,209429.5971096701,185800.0,4817999999,39700.0,732.0,737.0,967.0,1165.0,1282.0,0.006320739848946965,0.0071245963401507,0.006121388847101046,0.00689989235737352
55679,2697,Fredericksburg,TX,Gillespie County,Fredericksburg,2066.5,526283.8495952027,432300.0,4816599999,48200.0,732.0,808.0,933.0,1124.0,1395.0,0.003926588288030257,0.004780245200092528,0.0026506608573927935,0.0032269257460097157
51636,2699,Dallas,OR,Polk County,Dallas,1482.7777777777776,476060.8907043861,419500.0,4101399999,45650.0,862.0,1000.0,1257.0,1761.0,2111.0,0.0031146809299622148,0.0035346311746788503,0.0044343067057588705,0.005032181168057211
396711,2701,Highland,IN,Lake County,Highland,1537.3888888888887,268645.3294827733,214700.0,1800399999,45000.0,943.0,991.0,1199.0,1512.0,1632.0,0.005722745643294247,0.007160637582155979,0.006074924150522598,0.00760130414531905
30116,2702,Aberdeen,WA,Grays Harbor County,Aberdeen,1370.4166666666667,282435.6408410816,279500.0,5302799999,47400.0,798.0,902.0,1164.0,1631.0,1821.0,0.004852137862578614,0.0049031007751937986,0.006447486565707988,0.00651520572450805
32845,2703,Middletown,PA,Dauphin County,Middletown,1329.1666666666667,254122.36677263616,222300.0,4204399999,52700.0,953.0,1114.0,1371.0,1763.0,1818.0,0.005230419830993763,0.005979157294946769,0.007154033795169902,0.008178137651821862
35381,2704,Helena,AL,Shelby County,Helena,1840.555555555556,357343.0052490011,298700.0,0104999999,36100.0,578.0,587.0,772.0,1044.0,1280.0,0.005150669044922354,0.006161886694193358,0.0035819925987024145,0.004285236022765316
12191,2706,Kihei,HI,Maui County,Kihei,3451.6666666666665,1071014.423553577,858600.0,1500799999,66450.0,1597.0,1625.0,2135.0,2810.0,3324.0,0.003222801290774586,0.004020110257007531,0.0031035996592568005,0.0038714185883997206
38965,2707,Hercules,CA,Contra Costa County,Hercules,3231.452380952381,761722.8947166251,830800.0,0601399999,79900.0,1937.0,2201.0,2682.0,3432.0,4077.0,0.004242293888454726,0.0038895671412522642,0.005352340107246899,0.004907318247472316
32835,2708,Miami Shores,FL,Miami-Dade County,Miami Shores,3076.190476190476,723961.6274147778,425400.0,1208699999,61950.0,1711.0,1898.0,2329.0,3008.0,3527.0,0.004249107079301098,0.007231289318736427,0.0048718051709379945,0.008291020216267042
15057,2709,Belgrade,MT,Gallatin County,Belgrade,2327.777777777778,559573.8478430182,604900.0,3000599999,43650.0,841.0,874.0,1147.0,1382.0,1830.0,0.0041599116662628735,0.0038482026413915985,0.0032703458302314812,0.0030252934369317244
31664,2710,Fresno,TX,Fort Bend County,Fresno,2325.8888888888887,279761.9754133955,350300.0,4803399999,50950.0,766.0,786.0,976.0,1273.0,1459.0,0.008313813503253956,0.006639705649126145,0.005215147619129016,0.0041650014273479875
53986,2711,Powell,TN,Knox County,Powell,2010.3888888888887,357564.20446834364,279700.0,4709399999,49700.0,1256.0,1264.0,1548.0,1989.0,2335.0,0.005622455670242783,0.007187661383228061,0.006530295736598895,0.008348230246692885
33599,2714,Raymore,MO,Cass County,Raymore,1958.4814814814813,349209.8488583985,269000.0,2901399999,41250.0,675.0,679.0,891.0,1174.0,1496.0,0.00560832258277924,0.007280600302905135,0.0042839570673352196,0.005561338289962825
6317,2716,Olney,MD,Montgomery County,Olney,2589.333333333333,669782.015137277,615200.0,2403199999,81950.0,2012.0,2056.0,2314.0,2893.0,3413.0,0.003865934400765642,0.004208929345470307,0.0050956877355097085,0.00554778933680104
51996,2718,Farragut,TN,Knox County,Farragut,2270.833333333333,687400.7641206618,279700.0,4709399999,49700.0,1256.0,1264.0,1548.0,1989.0,2335.0,0.00330350714148279,0.008118817780955785,0.003396853948783405,0.008348230246692885
13359,2719,Pooler,GA,Chatham County,Pooler,1775.9054752193797,361005.4587380619,273300.0,1304799999,47750.0,1231.0,1284.0,1426.0,1796.0,1942.0,0.004919331362543025,0.0064980075931920225,0.005379420041980792,0.0071057446030003656
9556,2720,White Bear Lake,MN,Ramsey County,White Bear Lake,1806.6666666666667,356103.23822264536,304900.0,2710199999,50450.0,640.0,782.0,933.0,1307.0,1567.0,0.005073435096192779,0.005925440034984148,0.004400409296531781,0.005139389963922597
13896,2720,Solon,OH,Cuyahoga County,Solon,2525.555555555555,454249.7902099416,183200.0,3903599999,49700.0,881.0,995.0,1208.0,1553.0,1667.0,0.005559838683444,0.013785783600194078,0.0036697870553326155,0.00909934497816594
6769,2722,Rincon,GA,Effingham County,Rincon,2078.222222222222,344391.5410606978,245300.0,1310399999,49800.0,1324.0,1431.0,1584.0,2131.0,2459.0,0.006034475224976396,0.008472165602210445,0.007140128913812694,0.010024459845087649
30025,2725,Marina,CA,Monterey County,Marina,3604.934523809524,873281.8895313101,723100.0,0604799999,46950.0,1071.0,1227.0,1509.0,2081.0,2534.0,0.004128030784818279,0.004985388637546015,0.0029016976423958552,0.0035043562439496614
53327,2726,Millbrae,CA,San Mateo County,Millbrae,3645.4206349206343,1965197.6762668325,1494500.0,0600599999,54950.0,1253.0,1260.0,1493.0,2084.0,2507.0,0.0018549892862918605,0.002439224245513974,0.001275698638501546,0.0016774841083974574
31927,2727,Hampstead,NC,Pender County,Hampstead,2212.6984126984125,489467.04621622496,267100.0,3700399999,38800.0,818.0,851.0,1046.0,1334.0,1567.0,0.004520627956066607,0.008284157292019515,0.003201441265788031,0.005866716585548484
19190,2730,Maple Heights,OH,Cuyahoga County,Maple Heights,1507.7539682539682,130529.93127316624,183200.0,3903599999,49700.0,881.0,995.0,1208.0,1553.0,1667.0,0.011551020930966547,0.00823009807998891,0.012771017219884911,0.00909934497816594
52835,2731,Ladera Ranch,CA,Orange County,Ladera Ranch,3567.511111111111,1376914.8650607965,915500.0,0600399999,57700.0,1003.0,1101.0,1445.0,2025.0,2396.0,0.002590945309428111,0.0038967898537532616,0.001740122109796677,0.002617149098853086
12380,2732,Lexington Park,MD,Saint Marys County,Lexington Park,1826.5800865800863,382180.8782026314,390900.0,2403799999,64400.0,1493.0,1624.0,1831.0,2285.0,2818.0,0.004779360221187304,0.0046727554018421245,0.007373471988585215,0.007209004860578153
14963,2733,Bristol,PA,Bucks County,Bristol,1295.0,335755.8758317333,421700.0,4201199999,49900.0,928.0,1075.0,1353.0,1689.0,1794.0,0.003856968986148137,0.0030709034858904436,0.005343167846447689,0.004254209153426607
28306,2735,Cleveland,GA,White County,Cleveland,1555.0,315952.6732513388,262200.0,1314799999,40200.0,743.0,748.0,981.0,1182.0,1358.0,0.004921623178554356,0.005930587337909993,0.004298112074904705,0.005179252479023646
21627,2736,Derwood,MD,Montgomery County,Derwood,2728.333333333333,646902.5344184096,615200.0,2403199999,81950.0,2012.0,2056.0,2314.0,2893.0,3413.0,0.00421753384501146,0.004434872128305158,0.005275910695060762,0.00554778933680104
25893,2739,Mill Creek,WA,Snohomish County,Mill Creek,2453.8740655987795,981420.947571191,644600.0,5306199999,78550.0,2238.0,2293.0,2671.0,3521.0,4104.0,0.002500327786635896,0.003806816732235153,0.004181691872541065,0.006366739062984797
38590,2741,Fountain Hills,AZ,Maricopa County,Fountain Hills,2437.0138888888887,663987.6266361848,414700.0,0401399999,56100.0,1530.0,1679.0,1950.0,2624.0,2934.0,0.00367027003384837,0.005876570747260402,0.004418757040494689,0.007074993971545695
27354,2742,Sycamore,IL,DeKalb County,Sycamore,1616.6666666666667,318572.7391908224,231900.0,1703799999,50550.0,952.0,1058.0,1388.0,1891.0,2331.0,0.0050747175378942164,0.006971395716544488,0.007317010256184382,0.010051746442432083
396606,2743,Vinings,GA,Cobb County,Vinings,1836.4343795093796,498437.6737789568,373700.0,1300599999,38100.0,629.0,715.0,905.0,1268.0,1300.0,0.003684381169638046,0.0049141942186496645,0.0026081495608947765,0.0034787262510034785
44544,2745,Champlin,MN,Hennepin County,Champlin,2093.722222222222,373991.349928454,376500.0,2705399999,66200.0,1220.0,1381.0,1685.0,2244.0,2513.0,0.005598317240820569,0.005561015198465398,0.006719406746922748,0.006674634794156706
52056,2746,Forest Park,OH,Hamilton County,Forest Park,1597.9166666666667,241308.0061121297,225700.0,3902199999,46800.0,661.0,720.0,905.0,1194.0,1262.0,0.006621896605967377,0.007079825727366712,0.005229830623247456,0.005591493132476739
56232,2747,New Brighton,MN,Ramsey County,New Brighton,1411.928571428571,382617.874561371,304900.0,2710199999,50450.0,640.0,782.0,933.0,1307.0,1567.0,0.003690179328519847,0.004630792297240312,0.004095469930139547,0.005139389963922597
41741,2749,Winchester,MA,Middlesex County,Winchester,3125.2000000000003,1557073.9047999892,687200.0,2501700380,82700.0,2263.0,2394.0,2837.0,3418.0,3761.0,0.0020070980512652296,0.004547729918509895,0.0024154280592629364,0.005472933643771828
9840,2750,Agoura Hills,CA,Los Angeles County,Agoura Hills,3583.2000000000003,1231334.105093178,783300.0,0603799999,75750.0,1856.0,2081.0,2625.0,3335.0,3698.0,0.002910014418652727,0.00457449253159709,0.0030032466287613817,0.004721051959657858
23131,2751,McKees Rocks,PA,Allegheny County,McKees Rocks,1353.227513227513,194145.03873994268,216700.0,4200399999,53650.0,998.0,1068.0,1280.0,1632.0,1759.0,0.0069701884838796295,0.006244704721862082,0.009060236673656033,0.008117212736502077
29910,2757,North Pole,AK,Fairbanks North Star Borough,North Pole,1873.0555555555557,322634.9912254124,,0209099999,57450.0,1144.0,1272.0,1669.0,2339.0,2803.0,0.005805494154373743,,0.008687836335897162,
38095,2759,Crystal,MN,Hennepin County,Crystal,1533.75,321351.9331918059,376500.0,2705399999,66200.0,1220.0,1381.0,1685.0,2244.0,2513.0,0.0047728046468124025,0.0040737051792828684,0.007820086766056769,0.006674634794156706
31396,2761,Elko,NV,Elko County,Elko,1750.0,355419.5553636847,282400.0,3200399999,51000.0,1316.0,1476.0,1750.0,2452.0,2841.0,0.004923758340222176,0.006196883852691218,0.0079933699683264,0.010060198300283285
19855,2765,Parlin,NJ,Middlesex County,Parlin,2917.4166666666665,549645.4029282365,439300.0,3401399999,67650.0,1551.0,1768.0,2140.0,2695.0,3065.0,0.005307816004871733,0.006641057743379619,0.005576322450203729,0.006977008877760073
22854,2766,Wendell,NC,Wake County,Wendell,2020.0,379800.6430780019,422800.0,3700999999,38200.0,713.0,717.0,930.0,1228.0,1233.0,0.005318579725482825,0.004777672658467361,0.0032464400007526355,0.0029162724692526018
47954,2767,Tavares,FL,Lake County,Tavares,2163.0238095238096,317053.5268572059,287900.0,1200399999,45750.0,901.0,952.0,1129.0,1523.0,1896.0,0.006822266987422566,0.007513108056699582,0.005980062795055794,0.006585620006946857
5396,2768,Kennett Square,PA,Chester County,Kennett Square,2710.0,622489.4439338984,461800.0,4202799999,54050.0,1226.0,1234.0,1431.0,1743.0,1897.0,0.004353487479038717,0.005868341273278475,0.003047441235327102,0.004107838891294933
23512,2769,Ardmore,OK,Carter County,Ardmore,1183.3333333333333,157934.43590521393,153500.0,4000799999,39500.0,678.0,711.0,910.0,1190.0,1415.0,0.007492560609413413,0.00770901194353963,0.008959414024495757,0.009218241042345277
50054,2771,Watauga,TX,Tarrant County,Watauga,2095.1666666666665,277394.6269380264,294100.0,4800799999,39700.0,969.0,976.0,1280.0,1670.0,1914.0,0.00755301820296164,0.007123994106313045,0.006899917352860669,0.006507990479428766
55727,2772,Edgewood,MD,Harford County,Edgewood,1651.342857142857,266933.8950428012,367300.0,2402599999,65150.0,1407.0,1604.0,1965.0,2529.0,2826.0,0.006186336346974872,0.004495896697911399,0.010586890808853137,0.007693983120065342
44861,2774,Darien,IL,DuPage County,Darien,2191.805555555555,448176.792187882,374100.0,1704399999,59950.0,1458.0,1560.0,1761.0,2262.0,2657.0,0.004890493202148494,0.005858876117496806,0.005928464048817031,0.007102379043036621
52591,2775,Hudson,OH,Summit County,Hudson,2529.6666666666665,545832.504237468,195700.0,3910999999,46900.0,780.0,845.0,1077.0,1390.0,1537.0,0.004634510856403888,0.0129262476579799,0.0028158821397915837,0.007853857945835463
47198,2776,Port Hueneme,CA,Ventura County,Port Hueneme,3406.944444444445,624319.3499463304,768400.0,0611199999,74850.0,1871.0,2147.0,2569.0,3505.0,4080.0,0.005457054061735109,0.0044338162993811095,0.006535117004383633,0.005309734513274336
396834,2777,Greater Northdale,FL,Hillsborough County,Greater Northdale,2146.428571428571,450334.1584602444,333300.0,1205799999,52150.0,1566.0,1686.0,1978.0,2533.0,3082.0,0.004766301936249986,0.006439929707256439,0.0068438068534214455,0.009246924692469247
16917,2778,Bay City,TX,Matagorda County,Bay City,928.7777777777778,200628.8163185081,162200.0,4801399999,43450.0,879.0,1068.0,1182.0,1482.0,1567.0,0.004629333885433972,0.005726126866694068,0.007810443328900025,0.009660912453760788
3418,2780,Anthem,AZ,Maricopa County,Anthem,2359.694444444445,569926.583586264,414700.0,0401399999,56100.0,1530.0,1679.0,1950.0,2624.0,2934.0,0.004140348094654689,0.0056901240521930185,0.005148031491245416,0.007074993971545695
12423,2784,Loma Linda,CA,San Bernardino County,Loma Linda,2653.123737373737,635723.6619911226,475000.0,0606999999,66800.0,1799.0,1999.0,2623.0,3655.0,4046.0,0.004173391515841967,0.00558552365762892,0.0063644005122095,0.008517894736842105
26027,2785,Mountain Brook,AL,Jefferson County,Mountain Brook,2635.166666666667,987544.9798538424,224900.0,0107399999,47950.0,998.0,1144.0,1267.0,1583.0,1791.0,0.0026684016631391048,0.011717059433822442,0.0018135882785461272,0.007963539350822588
14668,2786,Wilmington,MA,Middlesex County,Wilmington,3140.416666666667,781867.8310850334,687200.0,2501700380,82700.0,2263.0,2394.0,2837.0,3418.0,3761.0,0.00401655694455234,0.004569872914241367,0.004810275919372063,0.005472933643771828
22170,2787,Keene,NH,Cheshire County,Keene,1832.611111111111,346806.52544875554,257200.0,3300500820,55250.0,1061.0,1180.0,1548.0,2013.0,2052.0,0.005284246335156976,0.00712523760152065,0.005916843684947345,0.007978227060653188
53089,2788,Lynn Haven,FL,Bay County,Lynn Haven,2061.9444444444443,326275.009461469,276900.0,1200399999,45750.0,901.0,952.0,1129.0,1523.0,1896.0,0.006319651780403815,0.007446531038080333,0.005811048793253979,0.006847237269772481
44094,2792,Bedford,NH,Hillsborough County,Bedford,2855.777777777778,762092.6393507406,385500.0,3301101300,73400.0,1458.0,1621.0,2126.0,2824.0,2999.0,0.003747284293692611,0.007407983859345727,0.003935217118164239,0.0077795071335927364
54571,2793,Stoneham,MA,Middlesex County,Stoneham,3059.730158730159,802009.3140746308,687200.0,2501700380,82700.0,2263.0,2394.0,2837.0,3418.0,3761.0,0.0038150805795323173,0.0044524594859286365,0.004689471723080289,0.005472933643771828
52698,2794,Johnston,IA,Polk County,Johnston,1356.1857142857143,402310.501228255,248400.0,1911199999,46000.0,632.0,702.0,921.0,1216.0,1221.0,0.0033709925794759917,0.0054596848401196225,0.003034969249552979,0.004915458937198068
7241,2796,Stanwood,WA,Snohomish County,Stanwood,2549.75,713943.7524076601,644600.0,5306199999,78550.0,2238.0,2293.0,2671.0,3521.0,4104.0,0.003571359776454909,0.003955553831833695,0.0057483520041458755,0.006366739062984797
18295,2797,Glen Mills,PA,Delaware County,Glen Mills,2656.277777777778,696367.2493001281,302400.0,4204599999,59700.0,1372.0,1512.0,1802.0,2171.0,2468.0,0.0038144783236825457,0.00878398736037625,0.003544106938516165,0.008161375661375661
25687,2798,Lyndhurst,NJ,Bergen County,Lyndhurst,2632.619047619048,652386.9463596808,593200.0,3400399999,68550.0,1556.0,1807.0,2072.0,2550.0,3225.0,0.00403536438352892,0.0044379956972674444,0.004943385237849255,0.005436614969656102
5963,2799,Millington,TN,Shelby County,Millington,1580.6666666666667,238221.92176229507,229700.0,4704199999,37450.0,710.0,714.0,937.0,1129.0,1573.0,0.006635269562823455,0.00688143955884487,0.006603086686411615,0.006848062690465825
30224,2800,Anna,TX,Collin County,Anna,2219.9211523126,359119.14425108786,447600.0,4805999999,43650.0,944.0,950.0,1207.0,1571.0,1899.0,0.006181572850821014,0.004959609366203307,0.005287938642091057,0.004242627345844504
27164,2802,South Elgin,IL,Kane County,South Elgin,2387.5,364640.9100489042,303000.0,1700799999,43300.0,810.0,900.0,1181.0,1561.0,1603.0,0.00654753741065367,0.00787953795379538,0.0043961057462943804,0.0052904290429042905
33633,2804,Republic,MO,Greene County,Republic,1464.111111111111,264581.9600517645,203500.0,2907599999,40400.0,615.0,657.0,824.0,1155.0,1384.0,0.005533677015714386,0.007194649194649194,0.005230893291928238,0.006800982800982801
6333,2805,Orange City,FL,Volusia County,Orange City,1875.888888888889,296532.06629678345,278000.0,1202399999,38300.0,815.0,820.0,1076.0,1305.0,1427.0,0.006326091178993808,0.006747801758593125,0.004812295741978172,0.005133093525179856
42716,2807,Maryland Heights,MO,Saint Louis County,Maryland Heights,1234.415263748597,259269.31304341616,260700.0,2918999999,55700.0,951.0,984.0,1215.0,1570.0,1806.0,0.0047611313859650135,0.0047350029296072,0.00696572987678482,0.006927502876869966
43207,2811,Washougal,WA,Skamania County,Washougal,2202.083333333333,645621.3085742174,472600.0,5305799999,54700.0,1166.0,1300.0,1701.0,2384.0,2592.0,0.003410797171791601,0.004659507687967273,0.004014737378671938,0.005484553533643673
14889,2814,Cheney,WA,Spokane County,Cheney,1577.6307189542483,426359.7416833194,370500.0,5304599999,50100.0,955.0,961.0,1261.0,1767.0,1917.0,0.0037002337808104795,0.004258112601765852,0.004496203118126149,0.005174089068825911
17271,2814,Camp Springs,MD,Prince Georges County,Camp Springs,2172.587134502924,418495.18599387474,404300.0,2403399999,81950.0,2012.0,2056.0,2314.0,2893.0,3413.0,0.005191426824524388,0.005373700555287964,0.00815541041862774,0.008441751174870145
44124,2816,Belton,MO,Cass County,Belton,1834.2380952380956,264656.2669211021,269000.0,2901399999,41250.0,675.0,679.0,891.0,1174.0,1496.0,0.006930642967864837,0.0068187289785802815,0.005652615059540529,0.005561338289962825
11808,2817,Harleysville,PA,Montgomery County,Harleysville,2261.1111111111118,537918.9977954408,409900.0,4208999999,52200.0,1158.0,1183.0,1552.0,2043.0,2379.0,0.004203441634108198,0.005516250576021254,0.004422598959601503,0.005803854598682606
51431,2818,Clarksburg,MD,Montgomery County,Clarksburg,3175.833333333333,647558.3360267144,615200.0,2403199999,81950.0,2012.0,2056.0,2314.0,2893.0,3413.0,0.00490432005372612,0.005162277850021673,0.005270567623206691,0.00554778933680104
53198,2819,Maumelle,AR,Pulaski County,Maumelle,1365.6349206349205,307133.8831901075,199600.0,0501999999,36500.0,699.0,721.0,848.0,1181.0,1334.0,0.004446383142265127,0.006841858319814231,0.004343382716827405,0.0066833667334669335
13385,2821,Prairie Village,KS,Johnson County,Prairie Village,2288.572222222222,471109.2086434392,366000.0,2000399999,42550.0,625.0,711.0,872.0,1051.0,1251.0,0.004857838013424052,0.006252929568913175,0.0026554352516314833,0.003418032786885246
7482,2825,Tukwila,WA,King County,Tukwila,1914.915343915344,578374.7736289082,811200.0,5302199999,52800.0,1101.0,1236.0,1503.0,2003.0,2318.0,0.0033108555753573986,0.002360595838159941,0.004007781987890182,0.0028574950690335305
41216,2826,Theodore,AL,Mobile County,Theodore,1395.0,200113.75802000248,176600.0,0101399999,36100.0,600.0,684.0,809.0,975.0,1089.0,0.006971034944336821,0.00789920724801812,0.005441904698482292,0.00616647791619479
13593,2827,Roselle,NJ,Union County,Roselle,2703.0720899470903,517189.913842517,488800.0,3400599999,59700.0,1372.0,1512.0,1802.0,2171.0,2468.0,0.005226459406109317,0.0055300165506282535,0.004771941474387491,0.0050490998363338785
27319,2829,Summit,NJ,Union County,Summit,3092.277777777778,1292651.8123514282,488800.0,3400599999,59700.0,1372.0,1512.0,1802.0,2171.0,2468.0,0.0023921969924388985,0.006326263866157483,0.0019092535023105157,0.0050490998363338785
38921,2830,Haughton,LA,Bossier Parish,Haughton,1912.5,253820.7326305256,,2201599999,40850.0,767.0,892.0,1017.0,1317.0,1394.0,0.007534845480033865,,0.005492065149891351,
46805,2832,North Plainfield,NJ,Somerset County,North Plainfield,2321.5,511738.9587594701,523900.0,3402199999,63450.0,1391.0,1605.0,2028.0,2443.0,2747.0,0.004536492600890999,0.004431189158236305,0.005367971214580045,0.005243367054781447
33495,2833,Port Jefferson Station,NY,Suffolk County,Port Jefferson Station,2941.066666666667,619782.7687480306,539500.0,3610399999,82450.0,1848.0,2241.0,2586.0,3352.0,3591.0,0.004745318545411742,0.005451467408093915,0.005793965532881573,0.006656163113994439
41317,2835,Twentynine Palms,CA,San Bernardino County,Twentynine Palms,1534.5384615384617,253839.3103072775,475000.0,0606999999,66800.0,1799.0,1999.0,2623.0,3655.0,4046.0,0.006045314493176303,0.0032306072874493928,0.01593921759046003,0.008517894736842105
37711,2839,Cameron,NC,Harnett County,Cameron,2132.1878306878307,324917.179034957,220700.0,3703199999,48350.0,923.0,929.0,1219.0,1584.0,2002.0,0.006562250223335941,0.009661023247339513,0.006161570175963548,0.009071137290439511
24041,2840,Chapin,SC,Lexington County,Chapin,2265.75,440765.356054492,217700.0,4502999999,34000.0,705.0,757.0,933.0,1124.0,1566.0,0.005140490215206216,0.01040767110702802,0.0035529108140849317,0.007193385392742306
16296,2841,Apollo Beach,FL,Hillsborough County,Apollo Beach,2469.618954248366,452884.025082729,333300.0,1205799999,52150.0,1566.0,1686.0,1978.0,2533.0,3082.0,0.0054530935459629806,0.007409597822527351,0.006805274262957291,0.009246924692469247
23671,2842,Benbrook,TX,Tarrant County,Benbrook,1237.0888888888887,319440.6429274099,294100.0,4800799999,39700.0,969.0,976.0,1280.0,1670.0,1914.0,0.003872672173308912,0.004206354603498432,0.005991723477826019,0.006507990479428766
27476,2843,Trotwood,OH,Montgomery County,Trotwood,1233.4722222222224,134159.08167228723,167400.0,3911199999,42600.0,664.0,674.0,884.0,1168.0,1172.0,0.00919410156097555,0.007368412319129166,0.008735897602987961,0.007001194743130227
126391,2845,The Crossings,FL,Miami-Dade County,The Crossings,2852.777777777778,501517.55029520177,425400.0,1208699999,61950.0,1711.0,1898.0,2329.0,3008.0,3527.0,0.005688291020121996,0.00670610667084574,0.007032655184098638,0.008291020216267042
51023,2847,Blairsville,GA,Union County,Blairsville,1800.0,394343.44027665054,272600.0,1311199999,38100.0,685.0,690.0,905.0,1268.0,1282.0,0.004564549111650533,0.006603081438004402,0.0032509733117422127,0.004702861335289802
397869,2849,West Deptford Township,NJ,Gloucester County,West Deptford Township,1693.0,355575.6085371513,283500.0,3401599999,59700.0,1372.0,1512.0,1802.0,2171.0,2468.0,0.004761293967730387,0.005971781305114638,0.006940858542444533,0.008705467372134039
40633,2850,Rosamond,CA,Kern County,Rosamond,2500.0,419212.8688207823,310600.0,0602199999,46950.0,841.0,935.0,1227.0,1631.0,2060.0,0.005963557385612547,0.008048937540244688,0.004913971285744738,0.006632324533161623
14933,2852,Avon Lake,OH,Lorain County,Avon Lake,2161.125,422480.5105403389,207200.0,3904999999,54500.0,1104.0,1194.0,1445.0,1741.0,1939.0,0.005115324721691875,0.010430139961389962,0.004589560823811924,0.009358108108108108
37931,2852,Clinton,UT,Davis County,Clinton,2276.5,493530.9158702362,470500.0,4901199999,60250.0,1158.0,1237.0,1532.0,2055.0,2488.0,0.004612679625117059,0.004838469713071201,0.0050412242070244865,0.005287991498405951
46314,2855,Los Alamitos,CA,Orange County,Los Alamitos,3251.8650793650795,1522081.318185876,915500.0,0600399999,57700.0,1003.0,1101.0,1445.0,2025.0,2396.0,0.0021364594916918646,0.00355200991738403,0.0015741603102097871,0.002617149098853086
9792,2856,Middleton,WI,Dane County,Middleton,1583.465909090909,594591.2659552274,366100.0,5500199999,46400.0,676.0,729.0,933.0,1165.0,1237.0,0.002663116664768069,0.00432522783144198,0.0020804207374501625,0.003378858235454794
24367,2857,Denver,NC,Lincoln County,Denver,1869.4702380952376,556819.2166595535,279500.0,3700799999,38200.0,834.0,927.0,1216.0,1465.0,1728.0,0.0033574096980892383,0.006688623392111763,0.0031033411712450324,0.006182468694096601
17788,2858,Dixon,CA,Solano County,Dixon,2850.0,611803.0067076448,589600.0,0601199999,48000.0,915.0,921.0,1208.0,1625.0,1631.0,0.004658362199520697,0.004833785617367707,0.0026658907885678093,0.002766282225237449
53086,2859,Lynden,WA,Whatcom County,Lynden,2099.1666666666665,622734.0664072243,536100.0,5307399999,54200.0,1348.0,1381.0,1642.0,2301.0,2757.0,0.0033708877993097607,0.0039156251943045445,0.004427250970717115,0.005142697257974258
11057,2860,Debary,FL,Volusia County,Debary,2275.75,383662.1749159712,278000.0,1202399999,38300.0,815.0,820.0,1076.0,1305.0,1427.0,0.005931650678095722,0.008186151079136691,0.003719418001820321,0.005133093525179856
32209,2863,Jasper,IN,Dubois County,Jasper,1331.25,261417.6429501752,212500.0,1803799999,47600.0,652.0,707.0,928.0,1300.0,1558.0,0.005092425993044888,0.006264705882352941,0.00595981197909028,0.007331764705882353
36236,2864,Stephens City,VA,Frederick County,Stephens City,2283.833333333333,429050.802447428,355000.0,5106999999,56550.0,1095.0,1253.0,1569.0,1952.0,2635.0,0.005322990471770935,0.006433333333333333,0.006141463866211669,0.007422535211267606
32461,2867,Lebanon,IN,Boone County,Lebanon,1237.5,285928.408471279,341800.0,1800799999,45300.0,831.0,971.0,1161.0,1399.0,1750.0,0.0043280064636330275,0.003620538326506729,0.00612041318089519,0.005119953188999415
4380,2868,Dixon,IL,Lee County,Dixon,1035.0,174994.2662013695,155100.0,1700399999,45250.0,747.0,794.0,985.0,1380.0,1654.0,0.005914479499625458,0.006673114119922631,0.009451738253507737,0.010664087685364282
8165,2868,Chardon,OH,Geauga County,Chardon,1798.5,369859.19188377046,305100.0,3901199999,51150.0,693.0,697.0,884.0,1239.0,1484.0,0.004862661357258318,0.005894788593903638,0.0040123377560029715,0.004863979023271059
10393,2871,Biddeford,ME,York County,Biddeford,1764.4444444444443,515929.8520470431,357200.0,2303100275,53450.0,1162.0,1312.0,1616.0,2134.0,2351.0,0.0034199309023187907,0.004939654099788478,0.004556821030362928,0.006581746920492721
24148,2874,Cohoes,NY,Albany County,Cohoes,1877.4857142857145,334133.75084934564,277400.0,3600199999,58050.0,1074.0,1230.0,1487.0,1792.0,1971.0,0.005618964589818512,0.006768153259861984,0.005898835406449812,0.007105263157894737
17479,2876,Clifton Heights,PA,Delaware County,Clifton Heights,1602.611111111111,264226.1274330516,302400.0,4204599999,59700.0,1372.0,1512.0,1802.0,2171.0,2468.0,0.006065301439643486,0.0052996399176954735,0.00934048431915701,0.008161375661375661
31894,2878,Guyton,GA,Effingham County,Guyton,2403.833333333333,366412.791465189,245300.0,1310399999,49800.0,1324.0,1431.0,1584.0,2131.0,2459.0,0.006560451461645298,0.009799565158309551,0.006711010252035966,0.010024459845087649
14847,2879,Central Falls,RI,Providence County,Central Falls,1533.3333333333333,379067.4683908042,339100.0,4400711800,57150.0,1233.0,1319.0,1614.0,1945.0,2359.0,0.0040450143079873175,0.004521773321537402,0.006223166577744837,0.006956649955765261
38731,2881,Golden Valley,MN,Hennepin County,Golden Valley,1915.8091168091169,438436.651249069,376500.0,2705399999,66200.0,1220.0,1381.0,1685.0,2244.0,2513.0,0.004369637235735513,0.005088470429771891,0.0057317288434729965,0.006674634794156706
49419,2882,Princeton,TX,Collin County,Princeton,2068.733177933178,315073.5199852807,447600.0,4805999999,43650.0,944.0,950.0,1207.0,1571.0,1899.0,0.006565874460125443,0.004621834624515589,0.006027164707744134,0.004242627345844504
56048,2884,Harrisburg,NC,Cabarrus County,Harrisburg,2539.6666666666665,497739.1677759145,318600.0,3702599999,56100.0,1586.0,1647.0,1824.0,2250.0,2852.0,0.005102404695243999,0.00797133291483574,0.005729908724571159,0.008951663527934714
11677,2885,Granite Bay,CA,Placer County,Granite Bay,3530.833333333333,1148457.215725201,658800.0,0600999999,50750.0,989.0,1086.0,1425.0,1997.0,2195.0,0.0030744143403755486,0.0053594920056668684,0.00191125970558159,0.0033318154219793565
37633,2887,Bryn Mawr,PA,Delaware County,Bryn Mawr,2521.6588827838827,884654.8980609723,302400.0,4204599999,59700.0,1372.0,1512.0,1802.0,2171.0,2468.0,0.0028504435891452944,0.008338819056825009,0.002789788430957062,0.008161375661375661
7462,2889,Travelers Rest,SC,Greenville County,Travelers Rest,1722.3666666666668,345608.6350117668,273900.0,4500199999,36200.0,705.0,711.0,933.0,1232.0,1269.0,0.0049835753282264665,0.006288304734087867,0.003671783258415389,0.004633077765607886
13257,2890,Perry,GA,Houston County,Perry,1786.25,269575.3481169652,205600.0,1303799999,38100.0,685.0,690.0,905.0,1195.0,1270.0,0.00662616226771956,0.008687986381322958,0.004711113270820905,0.00617704280155642
35945,2891,Matteson,IL,Cook County,Matteson,2556.25,267878.77917288407,305200.0,1700799999,43300.0,810.0,900.0,1181.0,1561.0,1603.0,0.009542562527322267,0.008375655307994757,0.005984049968233778,0.005252293577981651
16760,2891,American Canyon,CA,Napa County,American Canyon,3330.833333333333,743745.4457823845,838800.0,0604399999,46950.0,928.0,1119.0,1338.0,1875.0,2247.0,0.004478458795575489,0.003970950564298204,0.0030211949703251814,0.002678826895565093
14563,2894,West Melbourne,FL,Brevard County,West Melbourne,2344.285714285714,372642.4105060042,304400.0,1200399999,45750.0,901.0,952.0,1129.0,1523.0,1896.0,0.006290979363037214,0.007701332832738877,0.0050879876969061495,0.006228646517739816
50719,2895,Amelia,OH,Clermont County,Amelia,1792.8333333333333,304902.1470745036,245600.0,3901399999,41050.0,654.0,786.0,954.0,1228.0,1379.0,0.005880028561738039,0.007299809989142236,0.004522762509976809,0.005614820846905537
398151,2896,Guilford,CT,New Haven County,Guilford,3366.6666666666665,620402.7091702631,,,,,,,,,0.005426582793568556,,,
55745,2900,Hillside,NJ,Union County,Hillside,2200.0,523251.4054842366,488800.0,3400599999,59700.0,1372.0,1512.0,1802.0,2171.0,2468.0,0.004204479867500856,0.004500818330605565,0.0047166619604509605,0.0050490998363338785
11262,2902,Edgewater,MD,Anne Arundel County,Edgewater,3148.333333333333,577510.6776208817,450300.0,2400399999,65150.0,1407.0,1604.0,1965.0,2529.0,2826.0,0.0054515586556827585,0.006991635206158856,0.0048934160172449375,0.006275816122584943
53775,2903,Pace,FL,Santa Rosa County,Pace,2055.4777777777776,325501.97058114834,302100.0,1211399999,49050.0,1219.0,1361.0,1605.0,2147.0,2644.0,0.006314793652732565,0.006803964838721541,0.008122838689054404,0.008752068851373718
10734,2905,Castaic,CA,Los Angeles County,Castaic,3080.7619047619046,813173.6698509293,783300.0,0603799999,75750.0,1856.0,2081.0,2625.0,3335.0,3698.0,0.0037885657381487386,0.003933054902032305,0.004547614042493427,0.004721051959657858
24869,2905,Glassboro,NJ,Gloucester County,Glassboro,2760.0,370345.6213028917,283500.0,3401599999,59700.0,1372.0,1512.0,1802.0,2171.0,2468.0,0.007452497994414521,0.009735449735449736,0.006664045308048926,0.008705467372134039
47137,2907,Pittsboro,NC,Chatham County,Pittsboro,1733.984126984127,554148.8592412187,397800.0,3703599999,38800.0,818.0,851.0,1046.0,1334.0,1567.0,0.00312909446273773,0.0043589344569736725,0.0028277600393252665,0.003939165409753645
37820,2908,Chalmette,LA,Saint Bernard Parish,Chalmette,1654.1666666666667,215972.70297424227,,2208799999,44900.0,1071.0,1236.0,1478.0,1889.0,2217.0,0.0076591469379533065,,0.010265186153013086,
25987,2909,Morris,IL,Grundy County,Morris,1500.0,310109.3126833164,259200.0,1706199999,43300.0,615.0,684.0,897.0,1081.0,1244.0,0.004837004045511525,0.005787037037037037,0.004011488688410891,0.004799382716049383
118878,2910,West Carson,CA,Los Angeles County,West Carson,3084.5,783444.4142738286,783300.0,0603799999,75750.0,1856.0,2081.0,2625.0,3335.0,3698.0,0.003937101272027078,0.003937827141580493,0.0047201817163093325,0.004721051959657858
8589,2911,Hurricane,WV,Putnam County,Hurricane,1200.0,267533.941591407,214200.0,5407999999,50750.0,838.0,843.0,1106.0,1515.0,1749.0,0.004485412179336512,0.0056022408963585435,0.006537488251382967,0.008165266106442578
53977,2912,Portsmouth,NH,Rockingham County,Portsmouth,3082.3809523809523,776239.3519300646,461400.0,3301502340,70650.0,1346.0,1498.0,1963.0,2365.0,2603.0,0.003970915600602866,0.00668049621235577,0.003353347126151004,0.005641525791070655
54461,2912,South Amboy,NJ,Middlesex County,South Amboy,2739.790476190476,527411.6522918796,439300.0,3401399999,67650.0,1551.0,1768.0,2140.0,2695.0,3065.0,0.0051947856371482365,0.006236718589097373,0.0058113998556553895,0.006977008877760073
41951,2914,Brawley,CA,Imperial County,Brawley,1497.5,351147.6661453036,279500.0,0602599999,46950.0,940.0,1056.0,1371.0,1873.0,2287.0,0.004264587648947495,0.005357781753130591,0.006512929517958545,0.008182468694096601
39043,2915,Horizon City,TX,El Paso County,Horizon City,1546.9722222222224,219353.45710639493,167300.0,4811999999,43300.0,732.0,786.0,933.0,1274.0,1284.0,0.007052417785564606,0.009246695888955304,0.005853566280367354,0.00767483562462642
34049,2916,South Euclid,OH,Cuyahoga County,South Euclid,1655.6944444444443,183251.6016807023,183200.0,3903599999,49700.0,881.0,995.0,1208.0,1553.0,1667.0,0.009035088529972727,0.009037633430373605,0.00909678270045673,0.00909934497816594
10164,2918,Arden,NC,Buncombe County,Arden,1696.2271062271063,457229.9214608271,360000.0,3702199999,46550.0,1286.0,1347.0,1512.0,1944.0,2566.0,0.003709790253463168,0.004711741961741962,0.005612056165969533,0.007127777777777778
32208,2921,Jasper,GA,Pickens County,Jasper,1850.0,405083.3985098545,289600.0,1310999999,38100.0,730.0,735.0,905.0,1090.0,1200.0,0.004566960795740917,0.006388121546961326,0.0029623529485887025,0.004143646408839779
56981,2922,Jenkintown,PA,Montgomery County,Jenkintown,1776.6666666666667,515059.28304330143,409900.0,4208999999,52200.0,1158.0,1183.0,1552.0,2043.0,2379.0,0.0034494411132034697,0.004334390501748394,0.004618885783289524,0.005803854598682606
34220,2923,Syosset,NY,Nassau County,Syosset,4875.0,1074450.380174725,658700.0,3605999999,82450.0,1848.0,2241.0,2586.0,3352.0,3591.0,0.0045372034762621955,0.007400941247912555,0.003342173883745137,0.005451647183846971
52767,2924,Key West,FL,Monroe County,Key West,3834.611111111111,1032667.61925487,723800.0,1208399999,38550.0,1014.0,1094.0,1323.0,1691.0,1825.0,0.003713306236790892,0.005297887691504712,0.0017672675757150632,0.0025214147554573087
39476,2926,Lockhart,TX,Caldwell County,Lockhart,1819.111111111111,290094.5837405469,215600.0,4802799999,41100.0,924.0,930.0,1172.0,1631.0,1968.0,0.006270751723989708,0.008437435580292724,0.00678399429118652,0.009128014842300556
5657,2927,Little River,SC,Horry County,Little River,1812.0333333333333,326166.0925854019,260500.0,4505199999,43400.0,1133.0,1199.0,1406.0,1771.0,2065.0,0.005555553978557347,0.0069559820857325655,0.006331130203116713,0.007927063339731286
38791,2929,Green Valley,AZ,Pima County,Green Valley,1445.8333333333333,286550.5369702482,286900.0,0400799999,38200.0,966.0,1078.0,1409.0,1925.0,2004.0,0.005045648661560352,0.005039502730335773,0.006993530778858984,0.006985012199372604
44549,2930,Charles Town,WV,Jefferson County,Charles Town,2006.8888888888887,402002.9391346513,324500.0,5403799999,63800.0,944.0,950.0,1246.0,1746.0,2092.0,0.004992224418082374,0.0061845574387947265,0.00520394205202386,0.006446841294298921
24435,2931,Duarte,CA,Los Angeles County,Duarte,3156.4797619047617,792116.3319944396,783300.0,0603799999,75750.0,1856.0,2081.0,2625.0,3335.0,3698.0,0.003984868932013031,0.00402972010967032,0.004668506191115826,0.004721051959657858
43230,2933,Watertown,CT,Litchfield County,Watertown,1924.8333333333333,392160.1763185413,,,,,,,,,0.004908283526907236,,,
7074,2934,Siloam Springs,AR,Benton County,Siloam Springs,1506.25,280043.3152540259,285100.0,0500799999,50900.0,853.0,925.0,1111.0,1557.0,1798.0,0.005378632225638695,0.005283233952998948,0.006420435347185642,0.006306559102069449
56223,2935,Red Lion,PA,York County,Red Lion,1766.6666666666667,293509.2675722752,235000.0,4201199999,49900.0,928.0,1075.0,1353.0,1689.0,1794.0,0.006019117151834512,0.007517730496453901,0.006112243115315725,0.00763404255319149
26667,2939,Radcliff,KY,Hardin County,Radcliff,1168.861111111111,215975.2474881342,205900.0,2100199999,35450.0,624.0,677.0,867.0,1215.0,1305.0,0.005412014222487829,0.005676838810641628,0.0060423590905791065,0.006338028169014085
22243,2941,Mountain Home,ID,Elmore County,Mountain Home,1763.2777777777776,360109.9603281933,278300.0,1603999999,42250.0,776.0,781.0,1025.0,1436.0,1642.0,0.004896498214519753,0.006335888529564418,0.004559718366311032,0.005900107797340999
33072,2942,New Hope,MN,Hennepin County,New Hope,1383.0037037037036,351637.12099079374,376500.0,2705399999,66200.0,1220.0,1381.0,1685.0,2244.0,2513.0,0.003933042392699809,0.0036733166101027984,0.00714657199137344,0.006674634794156706
45305,2942,Forest Lake,MN,Washington County,Forest Lake,1638.038888888889,421817.8933695657,400900.0,2711399999,53100.0,741.0,823.0,1080.0,1371.0,1559.0,0.0038832845041349637,0.004085903938360911,0.0036959076997573432,0.0038887503117984537
51502,2947,Columbia Heights,MN,Anoka County,Columbia Heights,1586.8287037037037,302954.372392874,325800.0,2700399999,66200.0,1220.0,1381.0,1685.0,2244.0,2513.0,0.005237847175369002,0.004870560784848692,0.008294978481911854,0.007713321055862492
52663,2947,Jacksonville,AL,Calhoun County,Jacksonville,934.3650793650794,204267.61388632536,149500.0,0100999999,47950.0,998.0,1144.0,1267.0,1583.0,1791.0,0.004574220365079764,0.006249933641237989,0.00876790973333976,0.011979933110367894
51948,2949,Evans,CO,Weld County,Evans,1709.1666666666667,402216.06409552,444500.0,0802999999,51000.0,810.0,816.0,1039.0,1421.0,1745.0,0.004249374451291847,0.0038451443569553806,0.004338464213069297,0.0039257592800899885
7018,2951,Sevierville,TN,Sevier County,Sevierville,1708.4666666666665,417815.506933003,259500.0,4715599999,40000.0,849.0,955.0,1149.0,1505.0,1523.0,0.0040890456153907665,0.00658368657675016,0.003645149533055062,0.005868978805394991
395594,2952,Brunswick,ME,Cumberland County,Brunswick,2231.022222222222,501753.3431887797,411400.0,2300502655,54750.0,1197.0,1330.0,1745.0,2191.0,2667.0,0.004446452131327049,0.005423000054016096,0.005315360697051834,0.006482741857073408
50222,2956,Roscoe,IL,Winnebago County,Roscoe,1555.4166666666663,297757.4830352376,155100.0,1720199999,43300.0,810.0,900.0,1181.0,1561.0,1603.0,0.005223770199866289,0.010028476251880504,0.005383575867378943,0.010335267569310122
11043,2958,Darien,CT,Fairfield County,Darien,5759.166666666667,2207498.9126439407,,,,,,,,,0.0026089103073527057,,,
15136,2961,East Ridge,TN,Hamilton County,East Ridge,1464.074074074074,263900.2658996232,282100.0,4706399999,37800.0,820.0,825.0,1069.0,1402.0,1751.0,0.00554783099245132,0.005189911641524544,0.006635082363524439,0.006207018787663949
33911,2962,Secaucus,NJ,Hudson County,Secaucus,2739.5,660920.3768672291,508600.0,3401799999,67000.0,1999.0,2029.0,2299.0,2822.0,3218.0,0.004144977361698643,0.005386354699174204,0.0048689677495697145,0.006327172630751081
34259,2963,The Dalles,OR,Wasco County,The Dalles,2008.3333333333333,393038.99635347625,332500.0,4100799999,48200.0,996.0,1032.0,1354.0,1817.0,2274.0,0.005109755907088558,0.006040100250626566,0.005785685443677699,0.0068390977443609025
4207,2965,Coralville,IA,Johnson County,Coralville,1245.375,258895.69668750104,293100.0,1901599999,54400.0,714.0,719.0,930.0,1303.0,1315.0,0.004810334879776795,0.004248976458546571,0.00507926557615697,0.004486523370863187
21558,2966,Del City,OK,Oklahoma County,Del City,1173.3564814814815,140346.52331420695,207800.0,4010999999,48850.0,886.0,961.0,1180.0,1575.0,1719.0,0.00836042428250665,0.005646566320892597,0.012248254957848249,0.00827237728585178
28840,2967,Fountain Inn,SC,Laurens County,Fountain Inn,1939.8777777777775,306841.88905691385,153500.0,4500399999,44150.0,868.0,1039.0,1175.0,1545.0,1890.0,0.006322076114640149,0.0126376402461093,0.006159524065664443,0.01231270358306189
32359,2968,Labelle,FL,Hendry County,Labelle,1953.055555555556,294226.9191191227,189700.0,1205199999,35600.0,839.0,843.0,965.0,1277.0,1571.0,0.006637922734611611,0.010295495812100982,0.005339416273342258,0.008281497100685292
398547,2970,Westerly,RI,Washington County,Westerly,2133.333333333333,596823.5524441531,469800.0,4400914500,57150.0,1233.0,1319.0,1614.0,1945.0,2359.0,0.0035744791313894347,0.004540939406839789,0.003952592002006723,0.005021285653469562
13091,2971,Ojai,CA,Ventura County,Ojai,4015.277777777778,1154056.375792214,768400.0,0611199999,74850.0,1871.0,2147.0,2569.0,3505.0,4080.0,0.0034792735103789437,0.005225504656139742,0.0035353558851916934,0.005309734513274336
46559,2972,Mineola,NY,Nassau County,Mineola,3664.533333333333,818386.3603834618,658700.0,3605999999,82450.0,1848.0,2241.0,2586.0,3352.0,3591.0,0.004477754653213288,0.005563281210465057,0.004387903041684868,0.005451647183846971
24793,2972,Franklin,OH,Warren County,Franklin,2031.6666666666667,262675.9967212023,319700.0,3900399999,46250.0,788.0,793.0,1040.0,1262.0,1431.0,0.0077344968403147505,0.006354916067146283,0.005447776035352128,0.004476071316859556
41598,2974,Weaverville,NC,Buncombe County,Weaverville,1952.626984126984,487013.6184499606,360000.0,3702199999,46550.0,1286.0,1347.0,1512.0,1944.0,2566.0,0.004009388875698579,0.005423963844797178,0.005268846502007315,0.007127777777777778
396506,2976,Heber City,UT,Wasatch County,Heber City,2690.6666666666665,803833.5810002453,724400.0,4900599999,51700.0,914.0,920.0,1169.0,1638.0,1963.0,0.0033472931838933032,0.0037143383029633716,0.0024420477651074905,0.002709828823854224
53418,2978,Morris Plains,NJ,Morris County,Morris Plains,3590.944444444445,731157.0436372543,557000.0,3402199999,63450.0,1391.0,1605.0,2028.0,2443.0,2747.0,0.004911317583129246,0.006446937961300619,0.003757058793189794,0.004931777378815081
26551,2979,Pleasantville,NJ,Atlantic County,Pleasantville,1881.25,247272.82212124823,272700.0,3400199999,50100.0,1240.0,1414.0,1719.0,2409.0,2654.0,0.007607993405266125,0.006898606527319399,0.01073308411831298,0.009732306563989733
18919,2981,Lake Placid,FL,Highlands County,Lake Placid,1543.3333333333333,249627.9234902015,177900.0,1204399999,35600.0,917.0,922.0,1061.0,1281.0,1418.0,0.006182534837269168,0.008675285741053026,0.005680454254372147,0.007970770095559304
17035,2983,Birmingham,MI,Oakland County,Birmingham,2713.847222222222,713269.3602255668,320400.0,2600599999,50350.0,846.0,851.0,1111.0,1416.0,1496.0,0.003804799944531454,0.008470184838396448,0.002097384359152761,0.00466916354556804
6760,2984,Ridgefield,WA,Clark County,Ridgefield,2261.889610389611,672629.4527913906,487900.0,5300799999,48250.0,1020.0,1134.0,1488.0,2065.0,2444.0,0.0033627573116265454,0.0046359696872096965,0.00363350131317842,0.005009223201475712
5013,2985,Gulf Breeze,FL,Santa Rosa County,Gulf Breeze,2261.7875,482452.4570489411,302100.0,1211399999,49050.0,1219.0,1361.0,1605.0,2147.0,2644.0,0.004688104427604892,0.007486883482290632,0.005480332748583735,0.008752068851373718
31197,2987,Deerfield,IL,Lake County,Deerfield,2704.190476190476,636296.818308114,326600.0,1702399999,45900.0,635.0,747.0,926.0,1181.0,1228.0,0.004249888414310798,0.008279823870760797,0.001929916926608559,0.0037599510104102877
17965,2988,Elmwood Park,NJ,Bergen County,Elmwood Park,2554.444444444445,612170.4216239384,593200.0,3400399999,68550.0,1556.0,1807.0,2072.0,2550.0,3225.0,0.004172766854151706,0.004306211133588073,0.005268140841311581,0.005436614969656102
23938,2988,Canyon,TX,Randall County,Canyon,1182.4444444444446,290219.1568992484,227500.0,4800799999,39700.0,969.0,976.0,1280.0,1670.0,1914.0,0.004074315620918637,0.005197557997557998,0.0065950160576907,0.008413186813186813
33075,2990,New Kensington,PA,Westmoreland County,New Kensington,963.3333333333334,180235.84301557345,193100.0,4212999999,53650.0,998.0,1068.0,1280.0,1632.0,1759.0,0.005344848822606808,0.00498877956153979,0.009759435030067865,0.009109269808389435
44760,2995,Corsicana,TX,Navarro County,Corsicana,1276.4920634920634,173834.9172766924,159900.0,4820399999,47050.0,820.0,912.0,1196.0,1441.0,1586.0,0.007343128086633341,0.007983064812333105,0.0091235985545733,0.00991869918699187
44590,2996,Choctaw,OK,Oklahoma County,Choctaw,1507.5,302231.18595672905,207800.0,4010999999,48850.0,886.0,961.0,1180.0,1575.0,1719.0,0.004987903532284161,0.007254571703561116,0.005687698953231491,0.00827237728585178
398283,2997,Sparta Township,NJ,Sussex County,Sparta Township,2600.0,610771.816801157,342800.0,3401399999,67650.0,1551.0,1768.0,2140.0,2695.0,3065.0,0.004256908928144693,0.007584597432905484,0.005018240717216725,0.008941073512252042
25607,2998,Lino Lakes,MN,Anoka County,Lino Lakes,2373.75,454914.4853251335,325800.0,2700399999,66200.0,1220.0,1381.0,1685.0,2244.0,2513.0,0.005218013663168912,0.007285911602209945,0.005524115149254756,0.007713321055862492
20143,2999,Rensselaer,NY,Rensselaer County,Rensselaer,2064.722222222222,308268.8064531821,244300.0,3603199999,45950.0,828.0,848.0,1085.0,1407.0,1602.0,0.006697798087254084,0.00845158502751626,0.005196763235411241,0.006557511256651658
15287,3001,Leland,NC,Brunswick County,Leland,1635.125668449198,376134.8240845084,314700.0,3701999999,47500.0,1057.0,1158.0,1282.0,1796.0,2153.0,0.0043471796912955465,0.0051958235413066345,0.005724011344177674,0.0068414362885287575
7332,3003,Susanville,CA,Lassen County,Susanville,1537.5,240480.7127888267,259500.0,0602199999,46950.0,841.0,935.0,1227.0,1631.0,2060.0,0.006393444123521559,0.005924855491329479,0.008566175541108561,0.007938342967244702
18510,3004,Hayden,ID,Kootenai County,Hayden,2020.277777777778,624442.3464930685,467400.0,1605599999,47050.0,1001.0,1226.0,1460.0,2046.0,2452.0,0.0032353311544674425,0.004322374364094519,0.003926703584038912,0.005246041934103551
51040,3005,Blue Island,IL,Cook County,Blue Island,1305.0,201624.90392263327,305200.0,1700799999,43300.0,810.0,900.0,1181.0,1561.0,1603.0,0.00647241473950435,0.004275884665792922,0.007950406764310707,0.005252293577981651
53836,3006,Payson,AZ,Gila County,Payson,2150.0,455990.4589189254,247000.0,0400799999,38200.0,966.0,1078.0,1409.0,1925.0,2004.0,0.004715010934871924,0.008704453441295546,0.004394828796968993,0.00811336032388664
52779,3008,Kingsland,GA,Camden County,Kingsland,1650.9333333333334,296164.63856620423,233900.0,1303999999,43300.0,922.0,974.0,1079.0,1512.0,1808.0,0.0055743769456267685,0.0070582870172438365,0.006104712597536664,0.0077297990594271055
10157,3009,Arcata,CA,Humboldt County,Arcata,1807.2222222222224,500534.67407283606,418800.0,0602399999,46950.0,1065.0,1132.0,1478.0,2071.0,2482.0,0.0036105834737020473,0.004315239308075985,0.004958697426102448,0.005926456542502388
10764,3012,Centerville,OH,Montgomery County,Centerville,1820.0916666666665,383817.2383458566,167400.0,3911199999,42600.0,664.0,674.0,884.0,1168.0,1172.0,0.004742079002263539,0.010872710075667064,0.003053536639081109,0.007001194743130227
24815,3013,Fulton,MO,Callaway County,Fulton,1087.5,239116.89175238123,196200.0,2902799999,46800.0,756.0,761.0,998.0,1202.0,1420.0,0.004547984845529719,0.005542813455657492,0.00593851814312846,0.007237512742099898
17392,3015,Charleston,IL,Coles County,Charleston,712.125,159700.50643889306,121900.0,1701599999,43300.0,707.0,712.0,870.0,1133.0,1389.0,0.004459128000777403,0.005841878589007383,0.008697530339588994,0.011394585726004922
45171,3017,Enumclaw,WA,Pierce County,Enumclaw,2390.5,682027.3176700515,484400.0,5305399999,60400.0,1479.0,1673.0,2057.0,2882.0,3292.0,0.0035049915715494357,0.004934971098265896,0.004826786134089414,0.006796036333608588
395676,3018,Verona,WI,Dane County,Verona,2408.333333333333,600521.3111388977,366100.0,5500199999,46400.0,676.0,729.0,933.0,1165.0,1237.0,0.004010404441377597,0.006578348356551033,0.0020598769386785142,0.003378858235454794
395844,3020,Scarborough,ME,Cumberland County,Scarborough,2693.75,712151.3737734949,411400.0,2300502655,54750.0,1197.0,1330.0,1745.0,2191.0,2667.0,0.0037825525572274857,0.006547763733592611,0.0037449903183761316,0.006482741857073408
399071,3022,Westborough,MA,Worcester County,Westborough,2816.746031746032,757043.1269363062,390700.0,2502701885,62350.0,1139.0,1332.0,1661.0,2165.0,2475.0,0.003720720698099698,0.007209485620030796,0.0032692985537245804,0.006334783721525467
38162,3024,Decatur,TX,Wise County,Decatur,1572.5,440181.5169653571,277200.0,4802599999,40400.0,844.0,849.0,1114.0,1421.0,1513.0,0.0035723898877920352,0.005672799422799423,0.0034372183785242286,0.005458152958152958
32771,3026,McComb,MS,Pike County,McComb,1350.0,93793.72055537648,110500.0,2800599999,34550.0,719.0,724.0,950.0,1163.0,1265.0,0.01439328765301458,0.012217194570135747,0.01348704361560255,0.011447963800904978
26373,3029,Palmyra,PA,Lebanon County,Palmyra,1477.0833333333337,343395.26428331947,227300.0,4203199999,42900.0,733.0,738.0,915.0,1118.0,1537.0,0.004301408571886015,0.006498386860243439,0.004475891661487483,0.006761988561372635
51547,3030,Corinth,TX,Denton County,Corinth,2126.296825396825,421648.2331007106,403400.0,4800199999,39700.0,846.0,851.0,1033.0,1245.0,1563.0,0.005042821618770924,0.005270939081301005,0.0037068814174935193,0.0038745661874070403
42776,3034,Newport,NC,Carteret County,Newport,1770.0,340046.93720511725,304200.0,3703199999,48350.0,923.0,929.0,1219.0,1584.0,2002.0,0.005205163776941567,0.005818540433925049,0.00588742253188532,0.006581196581196581
118694,3038,Valinda,CA,Los Angeles County,Valinda,2965.0,773186.7971242223,783300.0,0603799999,75750.0,1856.0,2081.0,2625.0,3335.0,3698.0,0.003834778362781116,0.0037852674581897103,0.004782802828183665,0.004721051959657858
44837,3041,Dade City,FL,Pasco County,Dade City,1801.5,324494.2629523265,265800.0,1206399999,35600.0,640.0,711.0,933.0,1199.0,1237.0,0.005551716026069372,0.00677765237020316,0.003812085886343499,0.004653875094055681
55057,3042,Watkinsville,GA,Oconee County,Watkinsville,2248.888888888889,521277.5167752973,425100.0,1300599999,38100.0,629.0,715.0,905.0,1268.0,1300.0,0.004314187388707767,0.005290258501267676,0.002493873144658146,0.0030581039755351682
54158,3043,Riverbank,CA,Stanislaus County,Riverbank,2361.25,487348.7754054419,426600.0,0609999999,49250.0,1130.0,1209.0,1566.0,2194.0,2549.0,0.004845092712166141,0.005535044538209096,0.00523034042278941,0.005975152367557431
53027,3043,Lomita,CA,Los Angeles County,Lomita,3330.904761904762,906380.3641916286,783300.0,0603799999,75750.0,1856.0,2081.0,2625.0,3335.0,3698.0,0.003674952474147527,0.004252399798167703,0.004079964820617144,0.004721051959657858
39524,3045,Loves Park,IL,Winnebago County,Loves Park,1574.1666666666667,191922.27942646583,155100.0,1720199999,43300.0,810.0,900.0,1181.0,1561.0,1603.0,0.008202104890431971,0.010149366000429831,0.008352339315635225,0.010335267569310122
13021,3047,North Liberty,IA,Johnson County,North Liberty,1601.2987012987014,305439.52698265977,293100.0,1901599999,54400.0,714.0,719.0,930.0,1303.0,1315.0,0.005242604705152027,0.005463318667003417,0.0043052712037321035,0.004486523370863187
34065,3048,South Saint Paul,MN,Dakota County,South Saint Paul,1493.488888888889,303319.94614908175,362100.0,2700399999,66200.0,1220.0,1381.0,1685.0,2244.0,2513.0,0.004923807048794738,0.0041245205437417535,0.008284981030442557,0.006940071803369235
16122,3051,Tipp City,OH,Miami County,Tipp City,1744.5,347145.12861782056,209200.0,3909799999,54500.0,1104.0,1194.0,1445.0,1741.0,1939.0,0.005025275759869749,0.008338910133843212,0.005585560159580076,0.009268642447418738
4107,3055,Clarks Summit,PA,Lackawanna County,Clarks Summit,1815.6666666666667,353543.79091804445,189900.0,4206999999,41850.0,779.0,928.0,1123.0,1462.0,1596.0,0.0051356202917662306,0.009561172546954539,0.004514292263076319,0.008404423380726698
14813,3057,Bloomfield,CT,Hartford County,Bloomfield,2484.81746031746,358848.4683691119,,,,,,,,,0.006924419857803529,,,
16560,3058,Parma Heights,OH,Cuyahoga County,Parma Heights,1583.1331168831168,215074.69473450872,183200.0,3903599999,49700.0,881.0,995.0,1208.0,1553.0,1667.0,0.0073608525579327636,0.008641556314864175,0.007750795611067907,0.00909934497816594
31494,3061,Exton,PA,Chester County,Exton,2356.182108740932,610431.2773099922,461800.0,4202799999,54050.0,1226.0,1234.0,1431.0,1743.0,1897.0,0.0038598646503239446,0.005102170005935323,0.0031076389276112667,0.004107838891294933
47689,3063,Show Low,AZ,Navajo County,Show Low,1762.5,437031.7607224461,186100.0,0401799999,35150.0,999.0,1055.0,1384.0,1711.0,1835.0,0.00403288767179405,0.00947071466953251,0.004198779505101891,0.009860290166577109
53115,3065,Maitland,FL,Orange County,Maitland,2106.902777777778,485902.7366654743,358300.0,1208799999,65150.0,1565.0,1903.0,2274.0,3026.0,3344.0,0.004336058677579132,0.005880275684559805,0.006882035740214853,0.009332961205693553
12876,3067,Mountlake Terrace,WA,Snohomish County,Mountlake Terrace,2027.03313840156,691619.4926716568,644600.0,5306199999,78550.0,2238.0,2293.0,2671.0,3521.0,4104.0,0.0029308502144312536,0.0031446371988854485,0.005933898687769281,0.006366739062984797
46080,3073,La Canada Flintridge,CA,Los Angeles County,La Canada Flintridge,6592.5,2407433.8389899083,783300.0,0603799999,75750.0,1856.0,2081.0,2625.0,3335.0,3698.0,0.00273839301135936,0.008416315587897358,0.0015360754427010865,0.004721051959657858
30903,3076,Clackamas,OR,Clackamas County,Clackamas,1888.2666666666669,600212.099404873,577900.0,4100599999,62050.0,1628.0,1750.0,1997.0,2739.0,3217.0,0.003145999003583793,0.0032674626521312805,0.00535977199258353,0.005566707042740959
12935,3077,New Canaan,CT,Fairfield County,New Canaan,7710.0,2030773.6279686976,,,,,,,,,0.00379658268839743,,,
4603,3078,Erlanger,KY,Kenton County,Erlanger,1230.2777777777776,239943.9885943437,227500.0,2105399999,35450.0,624.0,661.0,867.0,1045.0,1194.0,0.005127354033685424,0.005407814407814407,0.004976161340797794,0.0052483516483516485
48632,3080,Altoona,IA,Polk County,Altoona,1554.3925925925926,327428.36928895226,248400.0,1911199999,46000.0,632.0,702.0,921.0,1216.0,1221.0,0.004747275246699398,0.006257619132820421,0.0037290598937762772,0.004915458937198068
19819,3082,Palisades Park,NJ,Bergen County,Palisades Park,2910.694444444445,962212.566825022,593200.0,3400399999,68550.0,1556.0,1807.0,2072.0,2550.0,3225.0,0.0030250014859489497,0.004906767438375666,0.003351650260234509,0.005436614969656102
21418,3083,Yulee,FL,Nassau County,Yulee,2245.2301587301586,383064.5995440578,351100.0,1208999999,51250.0,1381.0,1454.0,1730.0,2163.0,2739.0,0.005861231138044448,0.006394845225662656,0.007150230021933876,0.007801196240387354
12834,3086,Morrison,CO,Jefferson County,Morrison,2401.6111111111118,733880.3397403912,604400.0,0805999999,70050.0,1639.0,1789.0,2140.0,2794.0,3127.0,0.003272483238835199,0.003973545848959484,0.004260912618406116,0.005173726009265387
34932,3088,Yardley,PA,Bucks County,Yardley,2688.4166666666665,623737.641008362,421700.0,4201199999,49900.0,928.0,1075.0,1353.0,1689.0,1794.0,0.004310172242163311,0.006375187732195083,0.0028762092938623036,0.004254209153426607
21217,3089,West Columbia,SC,Lexington County,West Columbia,1531.125,224631.68378610036,217700.0,4502999999,34000.0,705.0,757.0,933.0,1124.0,1566.0,0.0068161577841261865,0.007033187873220027,0.006971411929098935,0.007193385392742306
20894,3091,Universal City,TX,Bexar County,Universal City,1180.3856209150326,273099.3810111534,244100.0,4801999999,48300.0,1116.0,1231.0,1501.0,1907.0,2243.0,0.004322183435731865,0.0048356641577838285,0.008213127366657766,0.009188857025809094
13168,3092,Palm Springs,FL,Palm Beach County,Palm Springs,2125.5414141414144,271013.4596103277,407300.0,1200199999,52000.0,1176.0,1308.0,1583.0,2016.0,2099.0,0.007842936720551036,0.005218613832903055,0.007745002787012914,0.005153449545789344
54194,3093,Rocky River,OH,Cuyahoga County,Rocky River,1693.3333333333333,397796.0468936839,183200.0,3903599999,49700.0,881.0,995.0,1208.0,1553.0,1667.0,0.0042567877347104415,0.009243085880640465,0.004190589657733645,0.00909934497816594
35765,3098,Prospect,KY,Oldham County,Prospect,2417.047619047619,598434.2858746982,375000.0,2118599999,48300.0,1003.0,1094.0,1330.0,1714.0,1989.0,0.004038952439890295,0.006445460317460317,0.003323673203470936,0.005304
14573,3099,West Saint Paul,MN,Dakota County,West Saint Paul,1441.3128723128723,323444.1461528415,362100.0,2700399999,66200.0,1220.0,1381.0,1685.0,2244.0,2513.0,0.0044561414681834706,0.003980427705917902,0.007769502184196271,0.006940071803369235
16736,3100,Alsip,IL,Cook County,Alsip,1412.5,265863.8650973755,305200.0,1700799999,43300.0,810.0,900.0,1181.0,1561.0,1603.0,0.00531286942466836,0.004628112712975098,0.006029401548844872,0.005252293577981651
19107,3101,Louisville,CO,Boulder County,Louisville,2498.0985060690946,832650.9985386916,713900.0,0801399999,75300.0,1466.0,1702.0,2059.0,2704.0,3092.0,0.0030001747556338432,0.003499227491342057,0.003713440571651847,0.004331138814960079
8671,3102,Dolton,IL,Cook County,Dolton,2424.777777777778,157756.87612463793,305200.0,1700799999,43300.0,810.0,900.0,1181.0,1561.0,1603.0,0.015370346049842226,0.007944881316440949,0.010161205263303568,0.005252293577981651
3711,3103,Blue Bell,PA,Montgomery County,Blue Bell,2983.404761904762,688969.9810206427,409900.0,4208999999,52200.0,1158.0,1183.0,1552.0,2043.0,2379.0,0.0043302391164926155,0.007278372192985513,0.003452980631283442,0.005803854598682606
45795,3104,Homewood,IL,Cook County,Homewood,1780.8333333333333,251231.27524815543,305200.0,1700799999,43300.0,810.0,900.0,1181.0,1561.0,1603.0,0.007088422138423263,0.005834971603320227,0.006380575023617683,0.005252293577981651
51571,3106,Covington,WA,King County,Covington,2605.7777777777774,682414.5836005926,811200.0,5302199999,52800.0,1101.0,1236.0,1503.0,2003.0,2318.0,0.0038184673077017676,0.003212250712250712,0.003396762108701786,0.0028574950690335305
35002,3107,Angier,NC,Harnett County,Angier,1982.805555555556,339161.7307175253,220700.0,3703199999,48350.0,923.0,929.0,1219.0,1584.0,2002.0,0.005846194826759386,0.008984166540804514,0.005902788606971075,0.009071137290439511
39319,3108,Lahaina,HI,Maui County,Lahaina,4119.583333333333,1042138.9843336832,858600.0,1500799999,66450.0,1597.0,1625.0,2135.0,2810.0,3324.0,0.003953007607682279,0.004798023914900225,0.00318959375857653,0.0038714185883997206
6184,3110,Newberry,SC,Newberry County,Newberry,1350.0,165048.52102022828,158200.0,4507199999,39050.0,759.0,766.0,1005.0,1211.0,1332.0,0.008179412888132119,0.008533501896333754,0.00807035404962369,0.008419721871049305
5702,3112,Los Alamos,NM,Los Alamos County,Los Alamos,2300.0,596286.35785463,452500.0,3502899999,83350.0,997.0,1074.0,1409.0,1698.0,2366.0,0.003857207145028668,0.005082872928176795,0.0039678922196251425,0.005228729281767956
35755,3113,Oldsmar,FL,Pinellas County,Oldsmar,2065.6071428571427,376513.456889594,319000.0,1210399999,52150.0,1566.0,1686.0,1978.0,2533.0,3082.0,0.005486144266718324,0.006475257501119569,0.00818563040338753,0.009661442006269592
46320,3117,Louisville,OH,Stark County,Louisville,1644.8333333333333,243566.2581824865,177700.0,3902399999,43250.0,728.0,809.0,1061.0,1292.0,1477.0,0.006753124778478056,0.009256237103732882,0.006064058342980296,0.00831176139561058
11982,3119,Hoschton,GA,Jackson County,Hoschton,2338.027777777778,495649.6910270057,312700.0,1300399999,38100.0,728.0,733.0,905.0,1155.0,1300.0,0.004717097216248217,0.0074769036705397435,0.002622820156119433,0.004157339302846178
236486,3120,Pecan Grove,TX,Fort Bend County,Pecan Grove,2013.4469696969695,407381.1935594426,350300.0,4803399999,50950.0,766.0,786.0,976.0,1273.0,1459.0,0.004942415117656087,0.005747778960025605,0.0035814122572821014,0.0041650014273479875
53498,3124,Nederland,TX,Jefferson County,Nederland,1236.9444444444443,215294.86579014972,159600.0,4800199999,39700.0,846.0,851.0,1033.0,1245.0,1563.0,0.0057453504053836,0.0077502784739626835,0.007259810837864909,0.009793233082706767
52976,3125,Lindale,TX,Smith County,Lindale,1436.6666666666667,300741.1228087709,220800.0,4811799999,39700.0,745.0,760.0,997.0,1201.0,1655.0,0.004777087527136037,0.006506642512077295,0.005503071826503578,0.007495471014492753
26138,3127,Newport,RI,Newport County,Newport,2838.2275132275136,899295.6354210274,559700.0,4400536820,57150.0,1233.0,1319.0,1614.0,1945.0,2359.0,0.003156056141536512,0.005070980012913192,0.0026231640709515687,0.004214757906021082
18591,3130,Hobe Sound,FL,Martin County,Hobe Sound,2604.444444444445,504181.4122504109,386500.0,1207999999,35600.0,731.0,811.0,933.0,1152.0,1336.0,0.005165689137208613,0.006738536725600116,0.0026498398543428475,0.003456662354463131
34981,3132,Carencro,LA,Lafayette Parish,Carencro,1100.0,216255.83521829607,,2205599999,42350.0,740.0,930.0,1052.0,1322.0,1736.0,0.005086567948049227,,0.00802752905255769,
25067,3138,Havelock,NC,Craven County,Havelock,1382.111111111111,232273.9053322997,206200.0,3701199999,41150.0,798.0,803.0,1054.0,1270.0,1584.0,0.0059503503380365155,0.006702769695010238,0.006819534883756617,0.007681862269641125
35781,3141,Morganville,NJ,Monmouth County,Morganville,3487.5,846782.2805511443,566500.0,3402599999,68400.0,1474.0,1654.0,2040.0,2717.0,3023.0,0.004118532095085994,0.00615622241835834,0.0035699849529591283,0.005336275375110326
32045,3142,Hilton,NY,Monroe County,Hilton,1305.8333333333333,300936.2231734983,197100.0,3600799999,47250.0,869.0,939.0,1188.0,1533.0,1752.0,0.0043392361330343516,0.006625232538474547,0.0058218315546212,0.008888888888888889
32186,3145,Jacksonville Beach,FL,Duval County,Jacksonville Beach,2667.444444444445,630843.5868861789,274900.0,1203199999,51250.0,1381.0,1454.0,1730.0,2163.0,2739.0,0.004228376890713677,0.009703326462147853,0.004341805254008533,0.009963623135685704
5846,3150,Mayfield Heights,OH,Cuyahoga County,Mayfield Heights,1322.5238095238094,232135.37816025573,183200.0,3903599999,49700.0,881.0,995.0,1208.0,1553.0,1667.0,0.005697209188901827,0.0072190164275317105,0.007181154433294433,0.00909934497816594
32228,3152,Jessup,MD,Howard County,Jessup,2758.088888888889,528326.5691421583,576700.0,2402599999,65150.0,1407.0,1604.0,1965.0,2529.0,2826.0,0.0052204243548969855,0.004782536654913974,0.00534896438123217,0.0049002947806485175
26149,3153,Newtown Square,PA,Delaware County,Newtown Square,2939.333333333333,777348.1670853319,302400.0,4204599999,59700.0,1372.0,1512.0,1802.0,2171.0,2468.0,0.0037812314453050913,0.009720017636684302,0.003174896532211261,0.008161375661375661
55135,3154,Westbrook,ME,Cumberland County,Westbrook,2224.8888888888887,460256.9626470995,411400.0,2300502655,54750.0,1197.0,1330.0,1745.0,2191.0,2667.0,0.004834014625423092,0.005408091611300167,0.005794589145726652,0.006482741857073408
5057,3157,Hanover,MD,Anne Arundel County,Hanover,2682.819191919192,542536.8988834373,450300.0,2400399999,65150.0,1407.0,1604.0,1965.0,2529.0,2826.0,0.004944952495287494,0.00595784852746878,0.005208862301930102,0.006275816122584943
396551,3158,La Crescenta-Montrose,CA,Los Angeles County,La Crescenta-Montrose,3747.777777777778,1300771.615092089,783300.0,0603799999,75750.0,1856.0,2081.0,2625.0,3335.0,3698.0,0.0028811958489057678,0.0047846007631530425,0.0028429279645206572,0.004721051959657858
45241,3159,Farmington,UT,Davis County,Farmington,1657.297619047619,685000.2076900488,470500.0,4901199999,60250.0,1158.0,1237.0,1532.0,2055.0,2488.0,0.0024194118489924876,0.0035224178938312836,0.0036321156870740374,0.005287991498405951
398234,3160,Hudson,MA,Middlesex County,Hudson,2741.0,615110.5576348719,687200.0,2501700380,82700.0,2263.0,2394.0,2837.0,3418.0,3761.0,0.004456109500931458,0.003988649592549476,0.00611434798723211,0.005472933643771828
15868,3162,Loudon,TN,Loudon County,Loudon,2375.0,492383.5913211019,292600.0,4700999999,49700.0,1256.0,1264.0,1548.0,1989.0,2335.0,0.004823475115463734,0.008116883116883116,0.0047422376398348716,0.007980177717019822
39761,3163,Mesquite,NV,Lincoln County,Mesquite,1483.3333333333333,385727.87979398295,208900.0,3201799999,47650.0,741.0,897.0,1017.0,1425.0,1708.0,0.0038455434803561016,0.007100686133716292,0.00442799208839206,0.008176160842508377
30621,3165,Browns Mills,NJ,Burlington County,Browns Mills,2497.5,330222.6295637428,326700.0,3400599999,59700.0,1372.0,1512.0,1802.0,2171.0,2468.0,0.007563079499728556,0.007644628099173554,0.00747374582795999,0.007554331190694827
34823,3166,Whitehall,OH,Franklin County,Whitehall,1334.109668109668,198459.46725811448,265700.0,3904999999,54500.0,1104.0,1194.0,1445.0,1741.0,1939.0,0.0067223281738156525,0.005021112789272367,0.00977025700405693,0.00729770417764396
38903,3167,Harrison Township,MI,Macomb County,Harrison Township,1435.111111111111,260822.4113454125,231400.0,2600199999,40950.0,654.0,813.0,933.0,1294.0,1385.0,0.005502253827454129,0.00620186305579564,0.005310126506597687,0.005985306828003458
28799,3170,Forest City,NC,Rutherford County,Forest City,900.0,184463.99261825168,180800.0,3709199999,38200.0,682.0,758.0,995.0,1233.0,1319.0,0.0048790009758844935,0.00497787610619469,0.007150446985768497,0.007295353982300885
55623,3171,Columbia,PA,Lancaster County,Columbia,1265.0,288457.9109004265,279400.0,4202999999,59700.0,1372.0,1512.0,1802.0,2171.0,2468.0,0.004385388481984356,0.00452755905511811,0.008555840927697542,0.008833214030064424
48085,3176,Union City,GA,Fulton County,Union City,1915.9259259259256,245405.0718882794,431200.0,1304999999,38100.0,717.0,721.0,905.0,1107.0,1300.0,0.007807197753427649,0.004443241943241943,0.005297364027552881,0.0030148423005565863
38237,3179,Dripping Springs,TX,Hays County,Dripping Springs,2713.85,702183.9466632447,371400.0,4806799999,39700.0,707.0,711.0,933.0,1238.0,1395.0,0.003864870470047239,0.007307081313947227,0.001986658918405917,0.0037560581583198707
5332,3181,Jeannette,PA,Westmoreland County,Jeannette,994.5833333333334,187704.82165749575,193100.0,4212999999,53650.0,998.0,1068.0,1280.0,1632.0,1759.0,0.005298656286774272,0.005150612808562058,0.009371096514556459,0.009109269808389435
56565,3182,Willow Grove,PA,Montgomery County,Willow Grove,2034.722222222222,416622.5135953347,409900.0,4208999999,52200.0,1158.0,1183.0,1552.0,2043.0,2379.0,0.004883850862170513,0.00496394784635819,0.0057102050954229554,0.005803854598682606
32695,3184,Marianna,FL,Jackson County,Marianna,1127.25,190324.52034247352,113900.0,1206399999,35600.0,640.0,711.0,933.0,1199.0,1237.0,0.0059227786202829,0.009896839332748025,0.006499425285686358,0.010860403863037752
35968,3186,Rocky Hill,CT,Hartford County,Rocky Hill,1827.511111111111,409016.11682012654,,,,,,,,,0.004468066259390941,,,
19723,3187,Oakland,MI,Oakland County,Oakland,2375.0,639186.4763438384,320400.0,2600599999,50350.0,846.0,851.0,1111.0,1416.0,1496.0,0.0037156605902944873,0.007412609238451935,0.002340475049718128,0.00466916354556804
25569,3191,Lewisburg,PA,Union County,Lewisburg,1587.9166666666667,323306.78984625736,222900.0,4203199999,42900.0,733.0,738.0,915.0,1118.0,1537.0,0.004911485674092312,0.007123897113802902,0.0047539985186543475,0.006895468820098699
39055,3193,Howard,WI,Brown County,Howard,1895.0,388859.92850456695,245900.0,5500599999,46400.0,679.0,746.0,979.0,1211.0,1494.0,0.0048732200494084705,0.007706384709231395,0.003842000397792219,0.006075640504270029
37590,3194,Broadview Heights,OH,Cuyahoga County,Broadview Heights,1700.0,365891.0937865903,183200.0,3903599999,49700.0,881.0,995.0,1208.0,1553.0,1667.0,0.004646191254361447,0.009279475982532752,0.004556000482953254,0.00909934497816594
12121,3195,Jensen Beach,FL,Saint Lucie County,Jensen Beach,2730.555555555555,429744.8003566169,305800.0,1211199999,47350.0,1311.0,1363.0,1624.0,2259.0,2457.0,0.006353900159558992,0.008929220260155512,0.005717346662393815,0.008034663178548071
37073,3197,Albany,CA,Alameda County,Albany,2837.674074074074,1213240.3998103256,1057400.0,0600199999,79900.0,1937.0,2201.0,2682.0,3432.0,4077.0,0.002338921515074595,0.0026836335105674992,0.0033604222218757192,0.0038556837526007187
23574,3200,Bainbridge Island,WA,Kitsap County,Bainbridge Island,3333.42328042328,1188953.122465368,505700.0,5302999999,55700.0,1178.0,1317.0,1600.0,2242.0,2615.0,0.0028036624972322044,0.006591701167536643,0.002199413879815241,0.0051710500296618545
4862,3202,Gaston,SC,Lexington County,Gaston,1500.0,141385.650771977,217700.0,4502999999,34000.0,705.0,757.0,933.0,1124.0,1566.0,0.010609280303976249,0.006890215893431328,0.011076088637351204,0.007193385392742306
26450,3203,Pendleton,OR,Umatilla County,Pendleton,1094.861111111111,299608.68471077894,256100.0,4102199999,41400.0,716.0,796.0,1044.0,1463.0,1753.0,0.0036543036533403985,0.0042751312421363185,0.005850965240517718,0.006844982428738774
32685,3206,Maple Shade Township,NJ,Burlington County,Maple Shade Township,1790.0,335408.1854415028,326700.0,3400599999,59700.0,1372.0,1512.0,1802.0,2171.0,2468.0,0.005336780906654966,0.005479032751760025,0.007358198479119807,0.007554331190694827
52425,3207,Harriman,TN,Roane County,Harriman,1025.0,228624.68660477645,212300.0,4701199999,41500.0,830.0,922.0,1210.0,1579.0,1604.0,0.004483330366557999,0.004828073480923222,0.0070158652760575905,0.007555346208195949
48047,3213,Truckee,CA,Nevada County,Truckee,4643.888888888889,1020074.4715522476,602800.0,0603999999,46950.0,1099.0,1106.0,1433.0,2008.0,2293.0,0.00455249985995854,0.007703863452038634,0.0022478750953454814,0.0038039150630391504
54257,3214,Saco,ME,York County,Saco,2283.333333333333,527785.9356231269,357200.0,2303100275,53450.0,1162.0,1312.0,1616.0,2134.0,2351.0,0.004326248918773349,0.0063923105636431495,0.004454457463373493,0.006581746920492721
51392,3216,Chickasha,OK,Grady County,Chickasha,1197.2222222222224,151614.1919292875,187900.0,4005199999,48400.0,645.0,717.0,940.0,1232.0,1579.0,0.007896504984049276,0.00637159245461534,0.010414592327454687,0.008403406067056945
4946,3219,Grain Valley,MO,Jackson County,Grain Valley,1747.361111111111,327733.2186089311,213300.0,2900599999,38550.0,615.0,628.0,824.0,993.0,1190.0,0.005331657006048435,0.008192035213835495,0.0036310020847168745,0.005578996718237224
9181,3222,Monmouth Junction,NJ,Middlesex County,Monmouth Junction,2673.777777777778,690783.926075894,439300.0,3401399999,67650.0,1551.0,1768.0,2140.0,2695.0,3065.0,0.0038706427246600686,0.006086450666464325,0.004436988013619847,0.006977008877760073
37869,3224,Chippewa Falls,WI,Chippewa County,Chippewa Falls,1309.4444444444443,337054.8113168733,237700.0,5501799999,51600.0,831.0,889.0,1092.0,1507.0,1581.0,0.0038849599545202882,0.005508811293413733,0.004690631751622332,0.006651241060159865
45802,3231,Hood River,OR,Hood River County,Hood River,2294.444444444445,707827.8660382914,571200.0,4102799999,53450.0,1291.0,1435.0,1883.0,2639.0,3162.0,0.003241528844133303,0.004016884531590415,0.004467187789169274,0.005535714285714285
12133,3232,Johnson City,NY,Broome County,Johnson City,1344.1666666666667,157298.15774209343,145100.0,3600599999,81000.0,2406.0,2511.0,2780.0,3465.0,3738.0,0.008545342717049279,0.009263726165862624,0.023763787533537657,0.025761543762922123
12959,3234,New Richmond,WI,Saint Croix County,New Richmond,1680.0,382235.39076796384,349700.0,5510999999,66200.0,1220.0,1381.0,1685.0,2244.0,2513.0,0.004395197411272272,0.004804117815270232,0.006574482794361441,0.0071861595653417215
35401,3235,Fulshear,TX,Fort Bend County,Fulshear,2190.7247863247862,540538.0555399911,350300.0,4803399999,50950.0,766.0,786.0,976.0,1273.0,1459.0,0.004052859486713249,0.006253853229588314,0.002699162408727127,0.0041650014273479875
30723,3237,Canal Winchester,OH,Fairfield County,Canal Winchester,2153.5,421564.588142087,272200.0,3904599999,54500.0,1104.0,1194.0,1445.0,1741.0,1939.0,0.005108351271843947,0.00791146216017634,0.004599532443048718,0.007123438648052902
25074,3239,Hawthorne,NJ,Passaic County,Hawthorne,2800.0,623267.2486144475,439400.0,3400199999,50100.0,1240.0,1414.0,1719.0,2409.0,2654.0,0.004492454891901559,0.0063723258989531175,0.004258205458252407,0.006040054619936276
832067,3240,Penfield,NY,Monroe County,Penfield,1552.5,386585.35466564685,197100.0,3600799999,47250.0,869.0,939.0,1188.0,1533.0,1752.0,0.004015930715592522,0.007876712328767124,0.004531987512861899,0.008888888888888889
42569,3241,Orinda,CA,Contra Costa County,Orinda,6530.13888888889,1946186.334935464,830800.0,0601399999,79900.0,1937.0,2201.0,2682.0,3432.0,4077.0,0.003355351320512396,0.007860061252875408,0.0020948662144085984,0.004907318247472316
31841,3247,Grayslake,IL,Lake County,Grayslake,2350.222222222222,358095.62231907994,326600.0,1702399999,45900.0,635.0,747.0,926.0,1181.0,1228.0,0.006563113525381398,0.007196026399945567,0.003429251639680182,0.0037599510104102877
30522,3248,Bonaire,GA,Houston County,Bonaire,1850.0,295196.35085601633,205600.0,1303799999,38100.0,685.0,690.0,905.0,1195.0,1270.0,0.006267015139703905,0.00899805447470817,0.004302221204012951,0.00617704280155642
20386,3251,Schwenksville,PA,Montgomery County,Schwenksville,2250.0,530094.9760199271,409900.0,4208999999,52200.0,1158.0,1183.0,1552.0,2043.0,2379.0,0.0042445224002942055,0.005489143693583801,0.004487875017911073,0.005803854598682606
53633,3253,Norton,MA,Bristol County,Norton,2866.8888888888887,584442.0623173658,421800.0,2500500520,59800.0,1081.0,1177.0,1448.0,1745.0,2088.0,0.004905343187520443,0.006796796796796796,0.003572638135798937,0.0049502133712660025
8286,3258,Clive,IA,Polk County,Clive,2297.5,432232.50467801816,248400.0,1911199999,46000.0,632.0,702.0,921.0,1216.0,1221.0,0.005315426246601862,0.009249194847020935,0.0028248685297501083,0.004915458937198068
57229,3265,Ferndale,MI,Oakland County,Ferndale,1691.270202020202,258417.62003522424,320400.0,2600599999,50350.0,846.0,851.0,1111.0,1416.0,1496.0,0.006544717042861355,0.005278621104931967,0.005789078932760406,0.00466916354556804
48883,3266,Affton,MO,Saint Louis County,Affton,1501.111111111111,242156.36193118928,260700.0,2918999999,55700.0,951.0,984.0,1215.0,1570.0,1806.0,0.006198933198119586,0.005758001960533606,0.007457991132659937,0.006927502876869966
46697,3267,Nevada City,CA,Nevada County,Nevada City,2332.5,566507.6890154567,602800.0,0603999999,46950.0,1099.0,1106.0,1433.0,2008.0,2293.0,0.004117331583007622,0.003869442601194426,0.0040476061392653705,0.0038039150630391504
27160,3271,South Burlington,VT,Chittenden County,South Burlington,2722.222222222222,492472.0151266041,404500.0,5000706550,64900.0,1380.0,1476.0,1936.0,2491.0,2567.0,0.005527668859564328,0.00672984480153825,0.005212478925000598,0.00634610630407911
46708,3272,New Cumberland,PA,York County,New Cumberland,1369.888888888889,291623.6814371788,235000.0,4201199999,49900.0,928.0,1075.0,1353.0,1689.0,1794.0,0.004697454205837493,0.005829314420803783,0.006151763777066443,0.00763404255319149
232121,3276,Cinco Ranch,TX,Fort Bend County,Cinco Ranch,2100.0755244755246,550858.5421353062,350300.0,4803399999,50950.0,766.0,786.0,976.0,1273.0,1459.0,0.003812368083346682,0.005995077146661503,0.002648592857150664,0.0041650014273479875
6929,3277,Sandpoint,ID,Bonner County,Sandpoint,2121.472222222222,629492.1891057409,433400.0,1601399999,50200.0,927.0,1031.0,1352.0,1869.0,1924.0,0.0033701327179865314,0.004894952058657642,0.003056431887952799,0.004439317028149516
826200,3279,Woodbridge,NJ,Middlesex County,Woodbridge,2454.4666666666667,478781.34700310807,439300.0,3401399999,67650.0,1551.0,1768.0,2140.0,2695.0,3065.0,0.005126487658782441,0.005587222095758404,0.006401669612204218,0.006977008877760073
16986,3280,Bensenville,IL,DuPage County,Bensenville,1865.6666666666667,342030.3816719243,374100.0,1704399999,59950.0,1458.0,1560.0,1761.0,2262.0,2657.0,0.0054546811237845385,0.004987080103359173,0.007768315747308657,0.007102379043036621
26161,3281,Nolensville,TN,Williamson County,Nolensville,2891.083333333333,822692.0202764749,673700.0,4718799999,57400.0,1589.0,1650.0,1827.0,2308.0,2840.0,0.0035141745174114515,0.004291351244371877,0.003452081617426636,0.00421552619860472
8981,3284,Rockmart,GA,Polk County,Rockmart,1882.0,256705.4255582383,163500.0,1307599999,38100.0,710.0,715.0,905.0,1220.0,1326.0,0.007331360433490464,0.011510703363914373,0.005165453737942804,0.008110091743119266
48052,3286,Tumwater,WA,Thurston County,Tumwater,2064.7917378917377,529207.2057012365,451500.0,5306799999,58350.0,1393.0,1585.0,1843.0,2526.0,3095.0,0.0039016697347416963,0.004573182143724779,0.0058483708586297665,0.006854928017718715
30906,3288,Clanton,AL,Chilton County,Clanton,1149.4444444444443,218731.08658333216,142300.0,0101599999,37000.0,725.0,730.0,941.0,1295.0,1394.0,0.005255057533884325,0.008077613804950416,0.0063731224572366124,0.009796205200281096
37592,3290,Brockport,NY,Monroe County,Brockport,1371.5555555555557,270212.5967989732,197100.0,3600799999,47250.0,869.0,939.0,1188.0,1533.0,1752.0,0.005075838698134177,0.006958678617734935,0.0064837835865343245,0.008888888888888889
8081,3291,Anacortes,WA,Skagit County,Anacortes,2846.3888888888887,724046.0448270928,486200.0,5303599999,62150.0,1411.0,1568.0,2057.0,2685.0,3090.0,0.003931226348413554,0.005854358060240413,0.004267684385649691,0.0063554092965857675
17587,3295,Coronado,CA,San Diego County,Coronado,5366.315837104073,2429978.296748943,791600.0,0606999999,66800.0,1799.0,1999.0,2623.0,3655.0,4046.0,0.00220838015067198,0.006779075084770178,0.001665035447194374,0.005111167256189995
34059,3295,South Orange,NJ,Essex County,South Orange,3288.097222222222,1080841.250164572,494400.0,3401399999,67650.0,1551.0,1768.0,2140.0,2695.0,3065.0,0.0030421648153432035,0.006650682083782812,0.0028357540938905826,0.006199433656957929
22474,3297,Northampton,PA,Northampton County,Northampton,1569.1666666666667,347344.36009949964,285000.0,4209599999,50100.0,1033.0,1213.0,1507.0,1924.0,2005.0,0.004517610898352189,0.005505847953216374,0.0057723695281122495,0.007035087719298246
33328,3298,Park Forest,IL,Cook County,Park Forest,2022.9166666666667,155034.14524139595,305200.0,1700799999,43300.0,810.0,900.0,1181.0,1561.0,1603.0,0.013048200856120334,0.006628167321974661,0.010339657741228867,0.005252293577981651
39963,3301,New Albany,OH,Franklin County,New Albany,1836.5666666666664,619427.5706070585,265700.0,3904999999,54500.0,1104.0,1194.0,1445.0,1741.0,1939.0,0.0029649417523775596,0.006912181658512105,0.0031303094857397435,0.00729770417764396
34243,3302,Taylor,TX,Williamson County,Taylor,1714.1666666666667,292028.3367088925,414600.0,4813999999,58650.0,1531.0,1606.0,1884.0,2361.0,3033.0,0.0058698641576534006,0.004134507155491237,0.010385978409428932,0.007315484804630969
30227,3305,Ansonia,CT,New Haven County,Ansonia,1945.8333333333333,377942.6411037399,,,,,,,,,0.005148488478703385,,,
22663,3306,Sunny Isles Beach,FL,Miami-Dade County,Sunny Isles Beach,3928.136886079628,649620.8851227615,425400.0,1208699999,61950.0,1711.0,1898.0,2329.0,3008.0,3527.0,0.006046814343626456,0.009233984217394518,0.005429320517202104,0.008291020216267042
12580,3307,Mars,PA,Butler County,Mars,2663.8888888888887,551843.216442779,275600.0,4200799999,53650.0,998.0,1068.0,1280.0,1632.0,1759.0,0.00482725674524099,0.009665779712949523,0.003187499542603133,0.006382438316400581
27995,3308,Winthrop,MA,Suffolk County,Winthrop,2889.8148148148152,694513.2300669607,680700.0,2502102935,65700.0,1607.0,1652.0,2155.0,2730.0,2953.0,0.004160921188695278,0.004245357447943022,0.00425189884390725,0.004338181283972381
27797,3313,Watervliet,NY,Albany County,Watervliet,1442.388888888889,310884.5583367806,277400.0,3600199999,58050.0,1074.0,1230.0,1487.0,1792.0,1971.0,0.004639628602351977,0.0051996715533125055,0.006339973945778355,0.007105263157894737
22123,3314,Hanahan,SC,Berkeley County,Hanahan,1772.6772486772486,409009.7186506417,280300.0,4501599999,55450.0,1583.0,1644.0,1820.0,2255.0,2653.0,0.004334071216022601,0.006324214230029428,0.006486398437554187,0.009464859079557617
33748,3315,Rossville,GA,Walker County,Rossville,1745.2222222222224,219860.31233923856,173900.0,1300799999,38100.0,710.0,715.0,905.0,1268.0,1300.0,0.007937868384037367,0.010035780461312377,0.005912845234178212,0.007475560667050029
40224,3318,Pahoa,HI,Hawaii County,Pahoa,1887.5,291539.6980566328,486400.0,1500199999,60450.0,1575.0,1612.0,2075.0,2703.0,3023.0,0.006474246946751468,0.0038805509868421054,0.010369085308625,0.006215049342105263
272632,3319,Point Pleasant,NJ,Ocean County,Point Pleasant,3358.333333333333,713350.4159933883,366600.0,3400799999,59700.0,1372.0,1512.0,1802.0,2171.0,2468.0,0.004707831183720036,0.009160756501182032,0.00345973023168865,0.006732133115111839
54129,3320,Richlands,NC,Onslow County,Richlands,1597.7777777777776,267996.79970524187,219500.0,3700799999,38200.0,834.0,927.0,1216.0,1465.0,1728.0,0.005961928573531865,0.007279169830422677,0.006447838190234184,0.00787243735763098
52842,3322,Laguna Beach,CA,Orange County,Laguna Beach,6204.456871345029,2926886.1920720427,915500.0,0600399999,57700.0,1003.0,1101.0,1445.0,2025.0,2396.0,0.002119814869519297,0.006777123835439682,0.0008186174120777104,0.002617149098853086
41940,3324,Chatham,NJ,Morris County,Chatham,2756.9,1304215.885394274,557000.0,3402199999,63450.0,1391.0,1605.0,2028.0,2443.0,2747.0,0.0021138371575397342,0.004949551166965889,0.002106246389699173,0.004931777378815081
11048,3327,Davidson,NC,Mecklenburg County,Davidson,2057.111111111111,662467.6867456991,371200.0,3711999999,56100.0,1586.0,1647.0,1824.0,2250.0,2852.0,0.003105224831744544,0.005541786398467433,0.004305115641202277,0.007683189655172414
8762,3329,Harrison,NJ,Hudson County,Harrison,2557.6283224400872,584428.678835584,508600.0,3401799999,67000.0,1999.0,2029.0,2299.0,2822.0,3218.0,0.004376288185473559,0.005028761939520423,0.0055062321828756675,0.006327172630751081
16840,3331,Augusta,ME,Kennebec County,Augusta,1456.8833333333332,288636.7470797785,219900.0,2301100590,43650.0,895.0,901.0,1160.0,1454.0,1739.0,0.005047463110892994,0.006625208428073366,0.006024873885927437,0.007908140063665303
829615,3335,East Hampton,NY,Suffolk County,East Hampton,34090.47619047619,2086019.8869125668,539500.0,3610399999,82450.0,1848.0,2241.0,2586.0,3352.0,3591.0,0.016342354358343206,0.06318901981552584,0.0017214600985012147,0.006656163113994439
6274,3338,Oakton,VA,Fairfax County,Oakton,3037.333333333333,1097303.7228145634,699700.0,5160099999,81950.0,2012.0,2056.0,2314.0,2893.0,3413.0,0.002767996927544026,0.004340908008193987,0.003110351244636006,0.0048778047734743465
33167,3338,North Salt Lake,UT,Davis County,North Salt Lake,1765.6547619047622,575813.082442748,470500.0,4901199999,60250.0,1158.0,1237.0,1532.0,2055.0,2488.0,0.003066367916502345,0.0037527200040483786,0.004320846600853979,0.005287991498405951
37982,3340,Commerce,GA,Jackson County,Commerce,1597.8666666666668,331603.0674400128,312700.0,1300399999,38100.0,728.0,733.0,905.0,1155.0,1300.0,0.004818612442286052,0.005109902995416267,0.003920349742347214,0.004157339302846178
43867,3342,Alpine,CA,San Diego County,Alpine,2347.0,959249.220508566,791600.0,0606999999,66800.0,1799.0,1999.0,2623.0,3655.0,4046.0,0.002446705141710398,0.0029648812531581606,0.004217881978423635,0.005111167256189995
398002,3345,Hopkinton,MA,Middlesex County,Hopkinton,3134.722222222222,953236.978029962,687200.0,2501700380,82700.0,2263.0,2394.0,2837.0,3418.0,3761.0,0.003288502538687386,0.004561586470055621,0.0039455036750387,0.005472933643771828
19698,3347,Norwood,OH,Hamilton County,Norwood,1273.425925925926,252091.96333294493,225700.0,3902199999,46800.0,661.0,720.0,905.0,1194.0,1262.0,0.005051434044504135,0.00564211752736343,0.005006109609028833,0.005591493132476739
37404,3348,Bethany,OK,Oklahoma County,Bethany,1214.7222222222224,178094.15214629247,207800.0,4010999999,48850.0,886.0,961.0,1180.0,1575.0,1719.0,0.00682067438814279,0.005845631483263823,0.009652197892426901,0.00827237728585178
43010,3349,Sandy,OR,Clackamas County,Sandy,2138.333333333333,523561.30281260697,577900.0,4100599999,62050.0,1628.0,1750.0,1997.0,2739.0,3217.0,0.004084208137320426,0.0037001788083290067,0.006144457168087207,0.005566707042740959
36958,3351,Pinole,CA,Contra Costa County,Pinole,2821.333333333333,726946.0642441743,830800.0,0601399999,79900.0,1937.0,2201.0,2682.0,3432.0,4077.0,0.003881076564142005,0.003395923607767613,0.005608394075616832,0.004907318247472316
52574,3352,Hopkins,MN,Hennepin County,Hopkins,1592.1669580419582,336891.2274309174,376500.0,2705399999,66200.0,1220.0,1381.0,1685.0,2244.0,2513.0,0.0047260564490906685,0.004228863102369079,0.007459380937769635,0.006674634794156706
52108,3359,Franklin,KY,Simpson County,Franklin,1475.0,250893.3979006081,195700.0,2106199999,41450.0,882.0,993.0,1173.0,1413.0,1793.0,0.005878990887533533,0.0075370464997445066,0.007146461465320424,0.009161982626469086
15337,3360,Great Bend,KS,Barton County,Great Bend,871.6666666666666,118738.47723253648,117200.0,2000399999,42550.0,625.0,711.0,872.0,1051.0,1251.0,0.007341063208681729,0.007437428896473265,0.010535759167182612,0.0106740614334471
42632,3362,Rathdrum,ID,Kootenai County,Rathdrum,1874.1666666666667,558448.2153819321,467400.0,1605599999,47050.0,1001.0,1226.0,1460.0,2046.0,2452.0,0.003356025885739276,0.004009770360861503,0.004390738357580812,0.005246041934103551
23560,3364,Avon,CT,Hartford County,Avon,2256.5,571280.7497646578,,,,,,,,,0.003949896790552766,,,
7005,3365,Sedona,AZ,Yavapai County,Sedona,2814.444444444444,904139.1897220528,392900.0,0402599999,45300.0,1101.0,1293.0,1606.0,2216.0,2548.0,0.0031128442129686362,0.007163258957608664,0.0028181501575916612,0.006485110715194706
26885,3366,Rutherford,NJ,Bergen County,Rutherford,2381.25,745808.0212202487,593200.0,3400399999,68550.0,1556.0,1807.0,2072.0,2550.0,3225.0,0.0031928457890596754,0.004014244774106541,0.004324169100143813,0.005436614969656102
29712,3368,Hermosa Beach,CA,Los Angeles County,Hermosa Beach,4289.383333333334,2155893.773422102,783300.0,0603799999,75750.0,1856.0,2081.0,2625.0,3335.0,3698.0,0.0019896079232719767,0.005476041533682285,0.0017152978711609133,0.004721051959657858
50513,3369,Gretna,NE,Sarpy County,Gretna,1711.2333333333331,426199.811661805,287600.0,3103599999,48150.0,622.0,729.0,907.0,1093.0,1274.0,0.004015096409031777,0.005950046360686138,0.0029892082660302422,0.004429763560500695
47914,3370,Surfside Beach,SC,Horry County,Surfside Beach,1790.888888888889,352486.71626186726,260500.0,4505199999,43400.0,1133.0,1199.0,1406.0,1771.0,2065.0,0.005080727318979059,0.0068748133930475585,0.0058583767975695375,0.007927063339731286
33941,3371,Senoia,GA,Coweta County,Senoia,1895.0,519747.5174550147,321900.0,1306999999,38100.0,722.0,727.0,905.0,1129.0,1322.0,0.0036460010608208755,0.005886921404162784,0.0025435426925621094,0.004106865486175831
39494,3372,Long Beach,MS,Harrison County,Long Beach,1496.5555555555554,233253.21176740245,199300.0,2801599999,38400.0,707.0,711.0,933.0,1165.0,1242.0,0.00641601264229495,0.007509059485978703,0.005324685523466699,0.006231811339688911
55314,3372,Copley,OH,Summit County,Copley,1937.5,339047.90681263927,195700.0,3910999999,46900.0,780.0,845.0,1077.0,1390.0,1537.0,0.0057145316666729305,0.00990035769034236,0.004533282669252281,0.007853857945835463
22653,3375,Sartell,MN,Stearns County,Sartell,1457.2857142857144,345664.53864787973,256500.0,2714599999,51600.0,856.0,883.0,1151.0,1510.0,1798.0,0.004215895908750469,0.005681425786688945,0.0052015749345685125,0.007009746588693957
42604,3376,Otsego,MN,Wright County,Otsego,2422.5,425848.4084685526,332800.0,2715199999,47600.0,640.0,711.0,933.0,1185.0,1237.0,0.0056886440146902495,0.007279146634615385,0.0029047895340234627,0.0037169471153846155
54526,3377,Springtown,TX,Parker County,Springtown,1718.0,394109.79050319776,343600.0,4800999999,44450.0,823.0,896.0,1102.0,1506.0,1709.0,0.004359191376104777,0.005,0.0043363550999785,0.004973806752037253
33162,3379,North Palm Beach,FL,Palm Beach County,North Palm Beach,2977.001282051282,607568.9754114263,407300.0,1200199999,52000.0,1176.0,1308.0,1583.0,2016.0,2099.0,0.004899857304325574,0.007309111912721046,0.00345475178119262,0.005153449545789344
51590,3383,Creve Coeur,MO,Saint Louis County,Creve Coeur,1422.2051282051282,613020.2054232522,260700.0,2918999999,55700.0,951.0,984.0,1215.0,1570.0,1806.0,0.002319997147929544,0.0054553322907753285,0.002946069287802789,0.006927502876869966
10363,3384,Berea,OH,Cuyahoga County,Berea,1900.0,239338.96354238983,183200.0,3903599999,49700.0,881.0,995.0,1208.0,1553.0,1667.0,0.007938531912558763,0.01037117903930131,0.00696501720959761,0.00909934497816594
35541,3386,Hudson,NY,Columbia County,Hudson,2360.833333333333,437135.69226751785,309800.0,3602199999,56350.0,1171.0,1180.0,1347.0,1623.0,1786.0,0.005400687647094607,0.007620507854529803,0.004085687880428225,0.0057650096836668815
49873,3395,Wilton,CT,Fairfield County,Wilton,4100.0,1221451.696217288,,,,,,,,,0.0033566615959495444,,,
56487,3396,Mitchell,SD,Davison County,Mitchell,1203.2142857142858,256181.76018080517,190000.0,4603599999,49500.0,598.0,665.0,872.0,1222.0,1464.0,0.0046967211282532145,0.006332706766917294,0.0057146925642432705,0.007705263157894737
3461,3396,Ashland,MA,Middlesex County,Ashland,2748.595238095238,681959.0478767977,687200.0,2501700380,82700.0,2263.0,2394.0,2837.0,3418.0,3761.0,0.004030440312585745,0.003999702034480847,0.0055149939159975184,0.005472933643771828
31573,3399,Fletcher,NC,Henderson County,Fletcher,2129.1666666666665,455642.2022923927,317800.0,3700799999,38200.0,834.0,927.0,1216.0,1465.0,1728.0,0.004672891703083173,0.006699706314243758,0.0037924494072458974,0.005437382001258653
35491,3401,Lake Forest,IL,Lake County,Lake Forest,4170.0,1145218.086176226,326600.0,1702399999,45900.0,635.0,747.0,926.0,1181.0,1228.0,0.0036412278589864336,0.012767911818738518,0.0010722848467231033,0.0037599510104102877
398549,3402,Foxborough,MA,Norfolk County,Foxborough,2812.083333333333,714402.4521820018,649400.0,2502102935,65700.0,1607.0,1652.0,2155.0,2730.0,2953.0,0.003936273349488622,0.004330279232111692,0.004133524445472775,0.004547274407145057
8372,3404,Concord,MA,Middlesex County,Concord,3193.9,1467792.384660689,687200.0,2501700380,82700.0,2263.0,2394.0,2837.0,3418.0,3761.0,0.0021759889432444064,0.004647700814901048,0.0025623514873797594,0.005472933643771828
11200,3404,East Aurora,NY,Erie County,East Aurora,1370.0,432271.4242262221,217400.0,3602599999,44250.0,808.0,812.0,935.0,1310.0,1314.0,0.0031693050320231973,0.006301747930082796,0.0030397567971375775,0.006044158233670653
36036,3407,Ripon,CA,San Joaquin County,Ripon,2398.333333333333,686045.0720368208,494500.0,0607799999,52300.0,1248.0,1363.0,1736.0,2433.0,2915.0,0.003495883041930242,0.004850016852039096,0.004248991966876994,0.005894843276036401
47667,3409,Shepherdsville,KY,Bullitt County,Shepherdsville,1937.5,274273.437257618,233700.0,2101399999,35450.0,637.0,783.0,867.0,1189.0,1336.0,0.007064118273255007,0.008290543431750107,0.00487105136158384,0.005716730851519042
44770,3410,Cottage Grove,OR,Lane County,Cottage Grove,1395.0,399588.9549800626,395800.0,4100199999,43000.0,669.0,809.0,940.0,1317.0,1579.0,0.0034910874853125084,0.0035245073269327943,0.003951560673339392,0.003989388580090955
22194,3412,Lumberton,TX,Hardin County,Lumberton,2000.0,279150.4344874308,188200.0,4801599999,50500.0,802.0,891.0,1001.0,1403.0,1635.0,0.007164595690751301,0.010626992561105207,0.005857056977189188,0.008687566418703507
15743,3413,Riverton,WY,Fremont County,Riverton,1041.6666666666667,264560.28914087155,252700.0,5601399999,49650.0,707.0,711.0,933.0,1306.0,1502.0,0.0039373508021531,0.004122147473948028,0.005677344868640598,0.00594380688563514
7032,3414,Sharpsburg,GA,Coweta County,Sharpsburg,2346.25,433481.2001891452,321900.0,1306999999,38100.0,722.0,727.0,905.0,1129.0,1322.0,0.005412576137041784,0.007288754271512893,0.0030497285682127818,0.004106865486175831
26970,3417,Sappington,MO,Saint Louis County,Sappington,1435.8333333333333,358511.7760137574,260700.0,2918999999,55700.0,951.0,984.0,1215.0,1570.0,1806.0,0.0040049823447870095,0.0055076077227975955,0.005037491432166226,0.006927502876869966
49481,3418,Makawao,HI,Maui County,Makawao,3125.0,1120017.0907731133,858600.0,1500799999,66450.0,1597.0,1625.0,2135.0,2810.0,3324.0,0.0027901359950167444,0.0036396459352434195,0.0029678118551794107,0.0038714185883997206
24198,3421,Coolidge,AZ,Pinal County,Coolidge,1573.9642857142856,276260.3551016785,312100.0,0400799999,38200.0,966.0,1078.0,1409.0,1925.0,2004.0,0.00569739470991045,0.005043140934682107,0.007254026728744417,0.006421018904197373
11320,3423,Emmaus,PA,Lehigh County,Emmaus,1896.55,381028.9339208358,276100.0,4200399999,53650.0,998.0,1068.0,1280.0,1632.0,1759.0,0.004977443525047458,0.006869069177834118,0.004616447317792032,0.006370880115900036
21335,3427,Windham,ME,Cumberland County,Windham,2450.0,489613.1214267828,411400.0,2300502655,54750.0,1197.0,1330.0,1745.0,2191.0,2667.0,0.0050039508599370236,0.005955274671852212,0.005447157936102874,0.006482741857073408
49144,3428,Enola,PA,Cumberland County,Enola,1858.055555555556,298674.2685838745,261900.0,4202199999,42200.0,749.0,754.0,935.0,1261.0,1375.0,0.006221009812346028,0.007094522930719955,0.004603677466155303,0.005250095456281023
172302,3430,Concord,MO,Saint Louis County,Concord,2480.0,332394.66067723726,260700.0,2918999999,55700.0,951.0,984.0,1215.0,1570.0,1806.0,0.0074610103391767055,0.009512850019179134,0.0054333002711907784,0.006927502876869966
26038,3432,Mukilteo,WA,Snohomish County,Mukilteo,2333.695156695157,927051.8102627284,644600.0,5306199999,78550.0,2238.0,2293.0,2671.0,3521.0,4104.0,0.002517329809251743,0.0036203772210598156,0.004426937043396656,0.006366739062984797
397583,3434,Sharon,MA,Norfolk County,Sharon,3131.75,876782.4697205058,649400.0,2502102935,65700.0,1607.0,1652.0,2155.0,2730.0,2953.0,0.003571866578261215,0.004822528487834925,0.003367996170066374,0.004547274407145057
51075,3435,Bolivar,MO,Polk County,Bolivar,883.3333333333334,256604.8885545124,189600.0,2904599999,38550.0,615.0,628.0,824.0,1078.0,1242.0,0.003442387003261166,0.004658931082981716,0.004840126027981549,0.006550632911392405
25078,3436,Healdsburg,CA,Sonoma County,Healdsburg,3683.3333333333335,1111612.3404628488,779000.0,0601999999,46950.0,1210.0,1217.0,1505.0,2109.0,2415.0,0.003313505256517467,0.0047282841249465125,0.002172519962304891,0.0031001283697047496
6463,3437,Pennsauken,NJ,Camden County,Pennsauken,2382.1666666666665,282769.1044993912,262200.0,3400799999,59700.0,1372.0,1512.0,1802.0,2171.0,2468.0,0.008424423420953314,0.009085303839308416,0.0087279690769941,0.009412662090007629
29748,3440,Iselin,NJ,Middlesex County,Iselin,2470.4166666666665,562204.748911233,439300.0,3401399999,67650.0,1551.0,1768.0,2140.0,2695.0,3065.0,0.004394158305227555,0.005623529858107595,0.005451750462684077,0.006977008877760073
40001,3442,Newburyport,MA,Essex County,Newburyport,3336.6666666666665,922675.0603499184,584000.0,2501700380,82700.0,2263.0,2394.0,2837.0,3418.0,3761.0,0.003616296581595321,0.005713470319634703,0.004076191241772229,0.0064400684931506845
40287,3443,Pembroke,MA,Plymouth County,Pembroke,2800.0,654318.6453793932,513000.0,2502300170,65700.0,1607.0,1652.0,2155.0,2730.0,2953.0,0.0042792606015017,0.005458089668615985,0.004513091627226615,0.005756335282651072
11052,3444,Dayton,NV,Lyon County,Dayton,2000.0,450317.5304218364,342600.0,3200799999,55150.0,988.0,1098.0,1441.0,1821.0,2420.0,0.004441310552859209,0.005837711617046118,0.005373985768959643,0.007063631056625803
31989,3445,Hazelwood,MO,Saint Louis County,Hazelwood,1425.8333333333333,161771.65507428217,260700.0,2918999999,55700.0,951.0,984.0,1215.0,1570.0,1806.0,0.008813863792631783,0.005469249456591228,0.01116388405107633,0.006927502876869966
42732,3447,Pelham,AL,Shelby County,Pelham,1670.873015873016,317943.8284391196,298700.0,0104999999,36100.0,578.0,587.0,772.0,1044.0,1280.0,0.0052552459472977545,0.005593816591473103,0.004025868362609518,0.004285236022765316
33015,3448,Murphy,TX,Collin County,Murphy,3318.6111111111118,591483.1399686716,447600.0,4805999999,43650.0,944.0,950.0,1207.0,1571.0,1899.0,0.005610660535965378,0.007414233939032868,0.003210573339589328,0.004242627345844504
25725,3451,Manhasset,NY,Nassau County,Manhasset,6900.0,2125471.621279621,658700.0,3605999999,82450.0,1848.0,2241.0,2586.0,3352.0,3591.0,0.0032463383330641306,0.010475178381660847,0.0016895073846425062,0.005451647183846971
10934,3455,Conshohocken,PA,Montgomery County,Conshohocken,2301.748447204969,486327.82838850375,409900.0,4208999999,52200.0,1158.0,1183.0,1552.0,2043.0,2379.0,0.0047329153563596075,0.005615390210307316,0.004891762019629961,0.005803854598682606
7007,3459,Selah,WA,Yakima County,Selah,1656.9444444444443,444714.962463307,281100.0,5303599999,62150.0,1411.0,1568.0,2057.0,2685.0,3090.0,0.0037258571991068486,0.005894501758962805,0.006948270826968078,0.010992529348986126
37353,3461,Belle Chasse,LA,Plaquemines Parish,Belle Chasse,2316.666666666667,347296.91181719466,,2207599999,44900.0,1071.0,1236.0,1478.0,1889.0,2217.0,0.00667056512119544,,0.006383586851952642,
25620,3463,Livingston,TX,Polk County,Livingston,1560.0,199375.08284637576,154000.0,4808199999,39700.0,707.0,711.0,933.0,1171.0,1395.0,0.007824448159362144,0.01012987012987013,0.006996862296352688,0.009058441558441559
17827,3464,Dumont,NJ,Bergen County,Dumont,2000.0,648591.4151953469,593200.0,3400399999,68550.0,1556.0,1807.0,2072.0,2550.0,3225.0,0.003083605414970883,0.0033715441672285905,0.004972313731640548,0.005436614969656102
21240,3465,West Richland,WA,Benton County,West Richland,2273.333333333333,502304.4744320752,369400.0,5300599999,52800.0,1101.0,1236.0,1503.0,2003.0,2318.0,0.004525807451553465,0.006154123804367442,0.004614730941070792,0.006275040606388739
15240,3469,Elkins Park,PA,Montgomery County,Elkins Park,2053.75,423764.89890613005,409900.0,4208999999,52200.0,1158.0,1183.0,1552.0,2043.0,2379.0,0.004846437270527531,0.005010368382532325,0.005613961907040777,0.005803854598682606
43102,3469,Taft,CA,Kern County,Taft,1154.5555555555557,210874.79279889763,310600.0,0602199999,46950.0,841.0,935.0,1227.0,1631.0,2060.0,0.005475076182560172,0.0037171782213636694,0.009768829989862917,0.006632324533161623
43998,3471,Avenel,NJ,Middlesex County,Avenel,2110.0,523154.9690081826,439300.0,3401399999,67650.0,1551.0,1768.0,2140.0,2695.0,3065.0,0.004033221750717994,0.004803095834281812,0.005858684675805996,0.006977008877760073
48650,3473,Carnegie,PA,Allegheny County,Carnegie,1401.9444444444443,228519.28388578127,216700.0,4200399999,53650.0,998.0,1068.0,1280.0,1632.0,1759.0,0.006134906519071562,0.006469517510126647,0.00769738102662349,0.008117212736502077
23257,3474,Oxford,AL,Calhoun County,Oxford,971.3888888888888,192425.7644927727,149500.0,0100999999,47950.0,998.0,1144.0,1267.0,1583.0,1791.0,0.005048122799197054,0.006497584541062801,0.009307485433257915,0.011979933110367894
20642,3475,Steamboat Springs,CO,Routt County,Steamboat Springs,3874.444444444445,1281797.6854981773,756200.0,0804399999,51000.0,883.0,889.0,1166.0,1508.0,1680.0,0.003022664565772423,0.005123571071732934,0.0013106592553621746,0.0022216344882306266
16227,3476,Spencerport,NY,Monroe County,Spencerport,1584.1666666666663,312515.8917699147,197100.0,3600799999,47250.0,869.0,939.0,1188.0,1533.0,1752.0,0.00506907555226979,0.008037375274818195,0.005606114908517627,0.008888888888888889
8243,3478,Baraboo,WI,Sauk County,Baraboo,1074.5,309553.81161571434,242400.0,5501999999,46400.0,640.0,711.0,933.0,1172.0,1308.0,0.003471125082878655,0.004432755775577558,0.004225436582973737,0.005396039603960396
38756,3479,Grand Ledge,MI,Eaton County,Grand Ledge,1099.0,299079.69747105025,206700.0,2600199999,40950.0,654.0,813.0,933.0,1294.0,1385.0,0.003674605830127867,0.005316884373488147,0.004630872679460506,0.006700532172230285
53954,3480,Ponte Vedra,FL,Saint Johns County,Ponte Vedra,3115.077777777778,692199.7490043291,457600.0,1211399999,49050.0,1219.0,1361.0,1605.0,2147.0,2644.0,0.004500258461894207,0.0068074252136752144,0.0038197066725366062,0.005777972027972028
13227,3481,Payson,UT,Utah County,Payson,1589.7222222222224,467075.10190204834,489200.0,4900599999,51700.0,914.0,920.0,1169.0,1638.0,1963.0,0.003403568753180099,0.0032496365948941584,0.00420275024724325,0.0040126737530662305
32624,3484,Macomb,IL,McDonough County,Macomb,816.6666666666666,108750.54333371267,103500.0,1711599999,45800.0,765.0,803.0,1000.0,1319.0,1558.0,0.00750954102510217,0.007890499194847021,0.014326365204623487,0.015053140096618357
36328,3485,Vinton,VA,Bedford County,Vinton,1125.0,281002.3250271282,276600.0,5101999999,44250.0,1043.0,1062.0,1200.0,1647.0,1785.0,0.00400352559321846,0.004067245119305857,0.006352260607906623,0.006453362255965293
32661,3486,Manchester,MO,Saint Louis County,Manchester,1375.1111111111113,375771.6719068805,260700.0,2918999999,55700.0,951.0,984.0,1215.0,1570.0,1806.0,0.0036594326127166814,0.005274687806333377,0.0048061100264299396,0.006927502876869966
23008,3487,Saint Joseph,MI,Berrien County,Saint Joseph,1835.952380952381,331830.93578525825,211400.0,2601599999,51800.0,728.0,793.0,1040.0,1412.0,1520.0,0.005532794513590809,0.008684732171014101,0.0045806458532957756,0.0071901608325449385
38926,3488,Havre de Grace,MD,Harford County,Havre de Grace,1964.8333333333333,408134.23129324085,367300.0,2402599999,65150.0,1407.0,1604.0,1965.0,2529.0,2826.0,0.004814184115621553,0.005349396496959796,0.006924192540883795,0.007693983120065342
28061,3493,Youngsville,NC,Franklin County,Youngsville,2082.361111111111,416327.50746855047,240900.0,3706999999,66350.0,1533.0,1592.0,1763.0,2192.0,2961.0,0.005001737991738183,0.008644089294774225,0.007112189194521755,0.012291407222914072
45261,3494,Ferguson,MO,Saint Louis County,Ferguson,1294.1666666666667,119794.49934111656,260700.0,2918999999,55700.0,951.0,984.0,1215.0,1570.0,1806.0,0.01080322280058543,0.004964198951540724,0.015075817420108656,0.006927502876869966
32357,3496,La Vista,NE,Sarpy County,La Vista,1179.809523809524,312409.2427875018,287600.0,3103599999,48150.0,622.0,729.0,907.0,1093.0,1274.0,0.0037764872552507062,0.004102258427710445,0.004077984340772416,0.004429763560500695
20291,3497,Safford,AZ,Graham County,Safford,2000.0,283416.3814824843,202700.0,0400999999,40550.0,985.0,994.0,1259.0,1703.0,2114.0,0.007056755116053883,0.00986679822397632,0.007458990157668955,0.01042920572274297
10390,3500,Beverly Hills,FL,Citrus County,Beverly Hills,1697.2222222222224,240704.9126322453,223200.0,1201799999,36300.0,945.0,951.0,1198.0,1679.0,2012.0,0.007051049368548946,0.007604042214257269,0.00835878245274529,0.009014336917562723
37672,3502,Burtonsville,MD,Montgomery County,Burtonsville,2271.805555555555,487196.2366367092,615200.0,2403199999,81950.0,2012.0,2056.0,2314.0,2893.0,3413.0,0.004663019507783241,0.0036927918653373785,0.007005390730357784,0.00554778933680104
56574,3503,Sanger,TX,Denton County,Sanger,2089.1666666666665,365268.7982111501,403400.0,4800199999,39700.0,846.0,851.0,1033.0,1245.0,1563.0,0.00571953223734973,0.00517889605023963,0.004279040552203094,0.0038745661874070403
33429,3505,Pinecrest,FL,Miami-Dade County,Pinecrest,5260.912698412699,2125001.5309824403,425400.0,1208699999,61950.0,1711.0,1898.0,2329.0,3008.0,3527.0,0.0024757218391181345,0.01236697860463728,0.0016597635100852757,0.008291020216267042
10855,3506,Clemson,SC,Pickens County,Clemson,1475.2777777777776,403219.4676433998,216000.0,4500399999,44150.0,868.0,1039.0,1175.0,1545.0,1890.0,0.0036587464052764617,0.006829989711934156,0.004687273685087752,0.00875
27203,3512,Speedway,IN,Marion County,Speedway,1575.0,245009.1057472378,207000.0,1801399999,55350.0,955.0,1097.0,1283.0,1669.0,2028.0,0.006428332511138747,0.007608695652173913,0.008277243385771035,0.009797101449275362
26569,3513,Polk City,FL,Polk County,Polk City,1737.6944444444443,288529.8845096264,240000.0,1206999999,52700.0,1636.0,1727.0,1958.0,2486.0,2960.0,0.0060225804595519065,0.007240393518518518,0.010258902661090703,0.012333333333333333
55951,3521,Groves,TX,Jefferson County,Groves,1491.25,175624.55898344735,159600.0,4800199999,39700.0,846.0,851.0,1033.0,1245.0,1563.0,0.008491124525132903,0.009343671679197994,0.008899666476300238,0.009793233082706767
45106,3522,El Dorado,KS,Butler County,El Dorado,914.4444444444443,170152.37112908467,199600.0,2000799999,42050.0,625.0,767.0,872.0,1158.0,1464.0,0.005374268006824946,0.004581384992206635,0.008604052886746719,0.007334669338677355
29455,3523,Temple,GA,Carroll County,Temple,1881.8833333333328,287717.54432934296,227500.0,1301399999,57100.0,1591.0,1653.0,1830.0,2205.0,2653.0,0.006540731945005025,0.00827201465201465,0.009220848892562417,0.011661538461538461
50737,3524,Anoka,MN,Anoka County,Anoka,1538.1944444444443,333235.78815894184,325800.0,2700399999,66200.0,1220.0,1381.0,1685.0,2244.0,2513.0,0.00461593411962937,0.004721284359866311,0.007541206825004602,0.007713321055862492
26049,3526,Muscle Shoals,AL,Colbert County,Muscle Shoals,1622.5,258872.77164449956,161600.0,0101799999,36100.0,733.0,760.0,997.0,1226.0,1322.0,0.00626755757159397,0.010040222772277228,0.0051067556916161655,0.008180693069306931
395767,3529,Killingly,CT,Windham County,Killingly,1850.0,361544.0076441435,,,,,,,,,0.005116942781197739,,,
398403,3531,Webster,MA,Worcester County,Webster,1724.0,440136.8194651587,390700.0,2502701885,62350.0,1139.0,1332.0,1661.0,2165.0,2475.0,0.003916963825237239,0.00441259278218582,0.005623251431242556,0.006334783721525467
46098,3533,Laguna Woods,CA,Orange County,Laguna Woods,2977.428571428571,456679.7486350141,915500.0,0600399999,57700.0,1003.0,1101.0,1445.0,2025.0,2396.0,0.006519729811378565,0.0032522431146134036,0.005246565031975881,0.002617149098853086
30159,3534,Aledo,TX,Parker County,Aledo,1845.8650793650795,553859.9309313387,343600.0,4800999999,44450.0,823.0,896.0,1102.0,1506.0,1709.0,0.003332729046243118,0.005372133525509544,0.003085617688801291,0.004973806752037253
35100,3535,Dallas,NC,Gaston County,Dallas,1712.5,274080.51885254594,235000.0,3700799999,38200.0,834.0,927.0,1216.0,1465.0,1728.0,0.00624816388690988,0.007287234042553191,0.006304716611141765,0.0073531914893617024
36317,3540,Sylva,NC,Jackson County,Sylva,1000.0,337395.1874335669,253900.0,3700799999,38200.0,834.0,927.0,1216.0,1465.0,1728.0,0.002963883414006609,0.003938558487593541,0.00512159053940342,0.006805829066561638
30975,3541,Colchester,VT,Chittenden County,Colchester,2726.6666666666665,490656.78247015487,404500.0,5000706550,64900.0,1380.0,1476.0,1936.0,2491.0,2567.0,0.005557177163514541,0.006740832303255047,0.005231762999538567,0.00634610630407911
3862,3542,Bryant,AR,Saline County,Bryant,1281.6666666666667,252608.3542137649,211700.0,0500399999,33550.0,642.0,646.0,848.0,1022.0,1424.0,0.0050737303231946215,0.0060541646984726815,0.005637184900048744,0.006726499763816722
32490,3547,Liberty Hill,TX,Williamson County,Liberty Hill,2233.472222222222,479223.5419509676,414600.0,4813999999,58650.0,1531.0,1606.0,1884.0,2361.0,3033.0,0.004660606223829343,0.005387053116792624,0.006328987903332857,0.007315484804630969
5890,3549,Mechanicville,NY,Saratoga County,Mechanicville,1407.8333333333333,480605.2951667417,324800.0,3609199999,58050.0,1074.0,1230.0,1487.0,1792.0,1971.0,0.0029292921811127737,0.00433446223316913,0.004101078410540981,0.006068349753694581
53586,3553,Nokomis,FL,Sarasota County,Nokomis,2359.5252525252527,509414.0872734758,373100.0,1211599999,53800.0,1266.0,1580.0,1846.0,2425.0,2903.0,0.004631841386943342,0.006324109494841202,0.005698703809974424,0.0077807558295363176
43695,3554,Hernando,FL,Citrus County,Hernando,1791.6666666666667,361394.8010796555,223200.0,1201799999,36300.0,945.0,951.0,1198.0,1679.0,2012.0,0.004957643721808171,0.008027180406212664,0.005567318605550533,0.009014336917562723
398846,3555,Southbridge,MA,Worcester County,Southbridge,2000.0,379416.3844655323,390700.0,2502701885,62350.0,1139.0,1332.0,1661.0,2165.0,2475.0,0.005271253646089414,0.005119017148707448,0.0065231763870356495,0.006334783721525467
12654,3559,McKinleyville,CA,Humboldt County,McKinleyville,1922.0555555555557,497505.1010017762,418800.0,0602399999,46950.0,1065.0,1132.0,1478.0,2071.0,2482.0,0.0038633886400065145,0.004589435423962645,0.004988893571145794,0.005926456542502388
48787,3564,Bridgeville,PA,Allegheny County,Bridgeville,1315.5555555555557,305101.24600421975,216700.0,4200399999,53650.0,998.0,1068.0,1280.0,1632.0,1759.0,0.004311865561956311,0.006070860893195919,0.005765299299943442,0.008117212736502077
50247,3566,Saint Helens,OR,Columbia County,Saint Helens,1813.3333333333333,433743.5404377698,390600.0,4100999999,62050.0,1628.0,1750.0,1997.0,2739.0,3217.0,0.004180657841043967,0.004642430448882061,0.007416825151455023,0.008236047107014848
40493,3567,Rancho Mirage,CA,Riverside County,Rancho Mirage,3778.488888888889,846226.0182779384,510300.0,0606599999,55950.0,1776.0,1852.0,2306.0,3079.0,3745.0,0.0044651060204672945,0.007404446186339191,0.004425531618161585,0.007338820301783264
14063,3571,Swartz Creek,MI,Genesee County,Swartz Creek,1729.5,244900.16904456413,172900.0,2604999999,41500.0,691.0,806.0,986.0,1215.0,1397.0,0.007062061274793507,0.010002891844997109,0.005704365192764689,0.008079814921920185
37186,3576,Artesia,NM,Eddy County,Artesia,2450.0,232401.5906228083,199400.0,3501599999,51800.0,750.0,931.0,1031.0,1379.0,1484.0,0.010542096521087892,0.012286860581745235,0.00638549846420181,0.007442326980942829
13027,3577,North Ogden,UT,Weber County,North Ogden,1859.1666666666667,531876.0375536074,389200.0,4900199999,50150.0,692.0,821.0,972.0,1245.0,1381.0,0.003495488676681139,0.004776892771497088,0.002596469670549522,0.0035483042137718396
20651,3580,Sterling,CO,Logan County,Sterling,1162.5,249573.0416438074,228100.0,0800399999,51000.0,787.0,792.0,972.0,1315.0,1613.0,0.004657955011259305,0.005096448925909689,0.006463037791966675,0.007071459886014906
43493,3582,Streetsboro,OH,Portage County,Streetsboro,1710.5396825396826,284083.5129806695,210500.0,3913399999,50150.0,799.0,880.0,1131.0,1398.0,1504.0,0.0060212564417846965,0.00812607925196999,0.005294217831297869,0.007144893111638955
4273,3583,Crystal River,FL,Citrus County,Crystal River,1877.5,278734.9427393873,223200.0,1201799999,36300.0,945.0,951.0,1198.0,1679.0,2012.0,0.006735789856657594,0.00841173835125448,0.00721832713267381,0.009014336917562723
41693,3586,White Settlement,TX,Tarrant County,White Settlement,1594.7222222222224,223284.62056466207,294100.0,4800799999,39700.0,969.0,976.0,1280.0,1670.0,1914.0,0.007142105077319462,0.005422380898409461,0.008572018955715383,0.006507990479428766
11102,3589,Destin,FL,Okaloosa County,Destin,2195.6182336182337,590615.6049211064,324800.0,1209199999,51000.0,1218.0,1398.0,1571.0,2184.0,2638.0,0.0037175079955964275,0.006759908354735941,0.004466526075538387,0.00812192118226601
28337,3591,Beacon,NY,Dutchess County,Beacon,2517.777777777778,539995.2501000111,368100.0,3602799999,61500.0,1308.0,1492.0,1907.0,2433.0,2631.0,0.0046625924530104045,0.006839928763319147,0.0048722650792071215,0.007147514262428688
7013,3592,Sellersburg,IN,Clark County,Sellersburg,1478.0,299294.07970492286,212400.0,1801599999,43500.0,696.0,709.0,928.0,1191.0,1230.0,0.00493828678955887,0.006958568738229755,0.004109670332312186,0.005790960451977401
47054,3593,Pendleton,IN,Madison County,Pendleton,2005.2777777777776,335407.9745052945,147700.0,1800199999,42450.0,772.0,776.0,928.0,1186.0,1230.0,0.005978622842034198,0.013576694500865115,0.003667175778435715,0.008327691266079892
19437,3599,Montevallo,AL,Shelby County,Montevallo,1727.5,243455.3317376138,298700.0,0104999999,36100.0,578.0,587.0,772.0,1044.0,1280.0,0.007095757516051564,0.005783394710411785,0.005257637985844285,0.004285236022765316
47674,3602,Shiloh,IL,Saint Clair County,Shiloh,1485.3055555555557,315771.84135787847,168800.0,1716399999,55700.0,951.0,984.0,1215.0,1570.0,1806.0,0.004703730228662764,0.008799203528172723,0.00571931934219929,0.010699052132701422
55753,3605,El Segundo,CA,Los Angeles County,El Segundo,3344.970238095238,1678906.58201045,783300.0,0603799999,75750.0,1856.0,2081.0,2625.0,3335.0,3698.0,0.0019923504225528243,0.004270356489333892,0.0022026240409229528,0.004721051959657858
52206,3606,Gibsonton,FL,Hillsborough County,Gibsonton,2383.333333333333,327983.5869391044,333300.0,1205799999,52150.0,1566.0,1686.0,1978.0,2533.0,3082.0,0.007266623783146314,0.00715071507150715,0.009396811678177738,0.009246924692469247
32633,3606,Madison,CT,New Haven County,Madison,3233.333333333333,709985.045845583,,,,,,,,,0.0045540865293612984,,,
30401,3608,Bellaire,TX,Harris County,Bellaire,2656.972222222222,1135792.3041383494,255000.0,4800999999,44450.0,823.0,896.0,1102.0,1506.0,1709.0,0.0023393116968140506,0.010419498910675382,0.001504676509757218,0.006701960784313726
18524,3609,Hebron,KY,Boone County,Hebron,2157.5,356767.0254228663,253200.0,2101399999,35450.0,637.0,783.0,867.0,1189.0,1336.0,0.00604736381520342,0.00852093206951027,0.0037447406985454314,0.0052764612954186415
6584,3611,Portland,TX,San Patricio County,Portland,1570.2777777777776,267720.0070775195,180400.0,4840799999,39750.0,732.0,843.0,933.0,1232.0,1237.0,0.0058653732865138345,0.00870442227149544,0.004620498906687319,0.006856984478935698
831321,3613,Hatfield,PA,Montgomery County,Hatfield,1806.9047619047624,478874.4372155124,409900.0,4208999999,52200.0,1158.0,1183.0,1552.0,2043.0,2379.0,0.003773232859142122,0.004408159946096029,0.0049678993387766825,0.005803854598682606
395464,3615,Lowell,MI,Kent County,Lowell,1200.0,397183.425828679,265700.0,2604199999,40950.0,640.0,711.0,933.0,1231.0,1567.0,0.00302127410653235,0.004516371847948814,0.003945280437446827,0.005897628904779827
11932,3616,Hockley,TX,Harris County,Hockley,2004.8015873015872,315976.3990665222,255000.0,4800999999,44450.0,823.0,896.0,1102.0,1506.0,1709.0,0.006344782690176548,0.007861967009025833,0.005408631799871249,0.006701960784313726
29393,3619,Seagoville,TX,Dallas County,Seagoville,2270.666666666667,272823.23963052145,277900.0,4805999999,43650.0,944.0,950.0,1207.0,1571.0,1899.0,0.008322849144896092,0.008170804845867819,0.006960550730838671,0.006833393306944944
13092,3623,Ojus,FL,Miami-Dade County,Ojus,2376.029100529101,220866.2454913052,425400.0,1208699999,61950.0,1711.0,1898.0,2329.0,3008.0,3527.0,0.010757773761417237,0.00558539986020005,0.015968940804668347,0.008291020216267042
37814,3624,Central,SC,Pickens County,Central,1278.1666666666667,279774.2840705911,216000.0,4500399999,44150.0,868.0,1039.0,1175.0,1545.0,1890.0,0.00456856380103958,0.005917438271604939,0.006755445756133633,0.00875
8640,3625,Fairview Park,OH,Cuyahoga County,Fairview Park,1519.5,284181.1398981144,183200.0,3903599999,49700.0,881.0,995.0,1208.0,1553.0,1667.0,0.005346941744778617,0.008294213973799126,0.005865976892758114,0.00909934497816594
3614,3626,Belleview,FL,Marion County,Belleview,1636.888888888889,258800.60034700367,220800.0,1204799999,35600.0,806.0,811.0,933.0,1242.0,1247.0,0.006324903754837215,0.007413446054750403,0.0048183814037834685,0.005647644927536232
57294,3629,Verona,PA,Allegheny County,Verona,1509.5,174787.29937619672,216700.0,4200399999,53650.0,998.0,1068.0,1280.0,1632.0,1759.0,0.008636211014114279,0.006965851407475773,0.010063660267523694,0.008117212736502077
396094,3634,Suitland-Silver Hill,MD,Prince Georges County,Suitland-Silver Hill,1600.0111111111112,326563.6359473775,404300.0,2403399999,81950.0,2012.0,2056.0,2314.0,2893.0,3413.0,0.004899538512515023,0.003957484816005717,0.010451255511345334,0.008441751174870145
14032,3635,Summerfield,NC,Guilford County,Summerfield,2347.5,502381.62723417976,234900.0,3708199999,42800.0,999.0,1039.0,1150.0,1463.0,1646.0,0.004672742538225304,0.009993614303959132,0.0032763937030538238,0.007007237122179651
4868,3635,Gautier,MS,Jackson County,Gautier,1324.138888888889,191239.3245017474,181700.0,2800399999,35050.0,780.0,784.0,933.0,1286.0,1291.0,0.006923988527667017,0.00728750076438574,0.006750703618952616,0.007105118326912493
53105,3643,Madison,NJ,Morris County,Madison,3537.015873015873,1018139.5512877484,557000.0,3402199999,63450.0,1391.0,1605.0,2028.0,2443.0,2747.0,0.0034739990883786375,0.006350118263942321,0.0026980584307186375,0.004931777378815081
41673,3646,Westlake Village,CA,Ventura County,Westlake Village,5675.036507936507,1554118.7482382853,768400.0,0611199999,74850.0,1871.0,2147.0,2569.0,3505.0,4080.0,0.003651610608500543,0.007385523826049593,0.0026252820156921716,0.005309734513274336
19798,3646,Overland,MO,Saint Louis County,Overland,1271.25,149618.62934881137,260700.0,2918999999,55700.0,951.0,984.0,1215.0,1570.0,1806.0,0.008496602365179328,0.0048762945914844645,0.012070689377788687,0.006927502876869966
395478,3650,Amesbury,MA,Essex County,Amesbury,2686.6666666666665,623042.6663687732,584000.0,2501700380,82700.0,2263.0,2394.0,2837.0,3418.0,3761.0,0.004312171239130601,0.004600456621004566,0.00603650472594424,0.0064400684931506845
18567,3652,Highland,UT,Utah County,Highland,2860.0,963034.1599637776,489200.0,4900599999,51700.0,914.0,920.0,1169.0,1638.0,1963.0,0.0029697804282535238,0.005846279640228946,0.002038349293937646,0.0040126737530662305
395591,3653,Middletown,RI,Newport County,Middletown,3304.1666666666665,754474.0789162838,559700.0,4400536820,57150.0,1233.0,1319.0,1614.0,1945.0,2359.0,0.004379430332997956,0.005903460187004943,0.0031266813081086034,0.004214757906021082
22976,3655,Abington,MA,Plymouth County,Abington,2719.722222222222,590280.8801015309,513000.0,2502300170,65700.0,1607.0,1652.0,2155.0,2730.0,2953.0,0.004607505196093117,0.005301602772363006,0.005002703119050834,0.005756335282651072
123783,3656,Brownsville,FL,Miami-Dade County,Brownsville,2833.083333333333,422744.7897296108,425400.0,1208699999,61950.0,1711.0,1898.0,2329.0,3008.0,3527.0,0.0067016398597020774,0.006659810374549443,0.008343095138454298,0.008291020216267042
25872,3656,Metuchen,NJ,Middlesex County,Metuchen,3088.611111111111,677969.542778586,439300.0,3401399999,67650.0,1551.0,1768.0,2140.0,2695.0,3065.0,0.004555678266095505,0.0070307560007081965,0.004520852053970483,0.006977008877760073
398586,3662,Bellingham,MA,Norfolk County,Bellingham,2626.222222222222,534011.6158625968,649400.0,2502102935,65700.0,1607.0,1652.0,2155.0,2730.0,2953.0,0.004917912165599707,0.0040440748725319095,0.00552984225863697,0.004547274407145057
48349,3667,Waterford,CT,New London County,Waterford,2143.055555555555,413589.04472278734,,,,,,,,,0.0051816061931523405,,,
13942,3670,Spanish Lake,MO,Saint Louis County,Spanish Lake,1343.5416666666667,146024.7668399183,260700.0,2918999999,55700.0,951.0,984.0,1215.0,1570.0,1806.0,0.009200779400247515,0.005153592890934663,0.012367764996877912,0.006927502876869966
16183,3672,South Charleston,WV,Kanawha County,South Charleston,998.3333333333334,166849.52390514666,135000.0,5403999999,38400.0,723.0,856.0,1054.0,1356.0,1397.0,0.005983435313251971,0.007395061728395062,0.008372813822316864,0.010348148148148148
44402,3675,Calera,AL,Shelby County,Calera,1637.326984126984,253977.02844285025,298700.0,0104999999,36100.0,578.0,587.0,772.0,1044.0,1280.0,0.006446752267972984,0.005481509822989568,0.005039825876567513,0.004285236022765316
32353,3682,La Marque,TX,Galveston County,La Marque,1941.638095238095,239253.24834624867,284900.0,4800199999,39700.0,846.0,851.0,1033.0,1245.0,1563.0,0.008115409544735398,0.006815156529442243,0.006532826662976034,0.0054861354861354865
40184,3688,Orting,WA,Pierce County,Orting,3200.0,566482.8979109311,484400.0,5305399999,60400.0,1479.0,1673.0,2057.0,2882.0,3292.0,0.005648890746394854,0.006606110652353427,0.005811296355353706,0.006796036333608588
46095,3692,Laconia,NH,Belknap County,Laconia,1831.111111111111,426875.162312371,340000.0,3300101060,58650.0,1019.0,1182.0,1479.0,1864.0,2221.0,0.004289570517975402,0.00538562091503268,0.005202926279357422,0.006532352941176471
399104,3693,Stonington,CT,New London County,Stonington,2685.555555555555,606250.5672271055,,,,,,,,,0.004429778215035514,,,
51047,3694,Bluffdale,UT,Salt Lake County,Bluffdale,2113.654220779221,614436.6046554627,484500.0,4903599999,61350.0,1243.0,1453.0,1748.0,2348.0,2670.0,0.0034399874694386492,0.004362547411309021,0.004345444232602593,0.005510835913312693
41030,3695,Springfield,NJ,Union County,Springfield,2700.833333333333,718159.4298053822,488800.0,3400599999,59700.0,1372.0,1512.0,1802.0,2171.0,2468.0,0.0037607712455509303,0.005525436442989634,0.003436562826542313,0.0050490998363338785
30526,3699,Bonita,CA,San Diego County,Bonita,3695.0,1101509.6774130072,791600.0,0606999999,66800.0,1799.0,1999.0,2623.0,3655.0,4046.0,0.0033544870969068868,0.004667761495704901,0.003673140674989246,0.005111167256189995
17979,3700,Emmett,ID,Gem County,Emmett,1800.0,448235.3550770295,367300.0,1603999999,42250.0,776.0,781.0,1025.0,1436.0,1642.0,0.004015747485359938,0.004900626191124422,0.0036632540949783432,0.004470460114347944
29611,3701,Saint Simons Island,GA,Glynn County,Saint Simons Island,2582.5,688567.2307560454,268300.0,1306199999,38100.0,710.0,715.0,905.0,1137.0,1300.0,0.003750541537047036,0.00962541930674618,0.0018879783148736291,0.004845322400298174
30030,3702,Lexington,VA,Rockbridge County,Lexington,1862.5,354434.6708456366,238700.0,5104599999,45300.0,892.0,948.0,1141.0,1597.0,1885.0,0.00525484709370082,0.007802681189777964,0.005318328467987138,0.00789694176790951
54370,3703,Seymour,CT,New Haven County,Seymour,1891.6666666666663,405052.01616903365,,,,,,,,,0.004670182078237696,,,
50442,3703,El Reno,OK,Canadian County,El Reno,1310.8333333333333,177761.77871734454,230300.0,4001799999,48850.0,886.0,961.0,1180.0,1575.0,1719.0,0.007374101130129122,0.0056918512085685335,0.009670245270966531,0.0074641771602257925
45782,3705,Holland,OH,Lucas County,Holland,1383.0,289993.2319053313,155200.0,3908599999,49700.0,881.0,995.0,1208.0,1553.0,1667.0,0.004769076819184119,0.008911082474226804,0.005748410019942102,0.010740979381443298
48385,3706,Weehawken,NJ,Hudson County,Weehawken,3622.055555555555,853625.6573537821,508600.0,3401799999,67000.0,1999.0,2029.0,2299.0,2822.0,3218.0,0.004243142792572374,0.007121619259841831,0.0037698023393248495,0.006327172630751081
17504,3707,Cody,WY,Park County,Cody,1433.3333333333333,516009.7694668404,374200.0,5601199999,52400.0,709.0,736.0,933.0,1265.0,1534.0,0.002777725186897729,0.0038303937288437554,0.0029728119325821744,0.0040994120791020845
396690,3708,Setauket,NY,Suffolk County,Setauket,2695.0,828255.9410077017,539500.0,3610399999,82450.0,1848.0,2241.0,2586.0,3352.0,3591.0,0.0032538251361301615,0.004995366079703429,0.004335616350220189,0.006656163113994439
46297,3710,Lone Tree,CO,Douglas County,Lone Tree,2024.916735679779,904412.5088353128,674000.0,0800199999,70050.0,1639.0,1789.0,2140.0,2794.0,3127.0,0.002238930483488594,0.0030043275010085742,0.0034574930902126705,0.00463946587537092
44995,3711,Duncan,SC,Spartanburg County,Duncan,1846.6666666666667,309683.11766977864,216000.0,4507599999,34000.0,787.0,792.0,949.0,1143.0,1258.0,0.005963084718863508,0.008549382716049382,0.004062216918590412,0.005824074074074074
48972,3713,Berthoud,CO,Larimer County,Berthoud,2632.5,621266.7626025238,532200.0,0804599999,52800.0,1211.0,1219.0,1599.0,2241.0,2463.0,0.004237310215940572,0.004946448703494926,0.003964480555313059,0.004627959413754228
51143,3715,Bristol,RI,Bristol County,Bristol,2402.777777777778,594413.06579162,468000.0,4400105140,57150.0,1233.0,1319.0,1614.0,1945.0,2359.0,0.004042269452098662,0.005134140550807217,0.003968620704624587,0.0050405982905982905
18373,3717,Great Falls,VA,Fairfax County,Great Falls,4452.777777777777,1679610.3820799284,699700.0,5160099999,81950.0,2012.0,2056.0,2314.0,2893.0,3413.0,0.0026510777888046426,0.006363838470455591,0.0020320188755761,0.0048778047734743465
12520,3719,Malibu,CA,Los Angeles County,Malibu,14199.613553113551,3218294.259742947,783300.0,0603799999,75750.0,1856.0,2081.0,2625.0,3335.0,3698.0,0.004412155137811329,0.018127937639618986,0.0011490558977957997,0.004721051959657858
26348,3721,Owens Cross Roads,AL,Madison County,Owens Cross Roads,1816.9166666666667,427324.43372887606,267800.0,0100399999,46500.0,972.0,1043.0,1244.0,1550.0,1975.0,0.004251843618704573,0.006784602937515559,0.004621781120180635,0.007374906646751307
38178,3726,Delmar,NY,Albany County,Delmar,2067.4166666666665,440660.7100360722,277400.0,3600199999,58050.0,1074.0,1230.0,1487.0,1792.0,1971.0,0.004691629227614663,0.0074528358567652,0.004472828993169496,0.007105263157894737
30267,3727,Artesia,CA,Los Angeles County,Artesia,2700.0,853768.6619567904,783300.0,0603799999,75750.0,1856.0,2081.0,2625.0,3335.0,3698.0,0.0031624491742432313,0.0034469551895825352,0.004331384091241284,0.004721051959657858
38922,3727,Hauppauge,NY,Suffolk County,Hauppauge,3075.6,786048.1490571188,539500.0,3610399999,82450.0,1848.0,2241.0,2586.0,3352.0,3591.0,0.0039127374114286085,0.005700834105653383,0.004568422436090562,0.006656163113994439
38807,3729,Greenwood Village,CO,Arapahoe County,Greenwood Village,2228.0493591375944,1445416.3695385735,526000.0,0800599999,70050.0,1639.0,1789.0,2140.0,2794.0,3127.0,0.0015414585071074462,0.004235835283531548,0.002163390470662959,0.005944866920152091
52439,3730,Hastings,MN,Dakota County,Hastings,1595.0,341463.0083589418,362100.0,2700399999,66200.0,1220.0,1381.0,1685.0,2244.0,2513.0,0.004671076986246648,0.004404860535763601,0.007359508756387352,0.006940071803369235
3980,3732,Carpinteria,CA,Santa Barbara County,Carpinteria,4547.222222222222,1458133.9884622896,735700.0,0608399999,88250.0,2381.0,2688.0,3028.0,4011.0,4468.0,0.0031185215201091393,0.006180810414873211,0.003064190283851649,0.0060731276335462825
18404,3733,Grosse Pointe Woods,MI,Wayne County,Grosse Pointe Woods,1840.0,357355.287988061,170200.0,2601799999,41850.0,764.0,769.0,976.0,1305.0,1406.0,0.005148937379265738,0.010810810810810811,0.003934459758286754,0.00826086956521739
56662,3734,Vine Grove,KY,Meade County,Vine Grove,1882.5,263039.13700357854,195000.0,2105799999,35450.0,624.0,674.0,867.0,1191.0,1194.0,0.007156729684580699,0.009653846153846153,0.004539248469263933,0.006123076923076923
831318,3740,Pittston,PA,Luzerne County,Pittston,1182.5,206030.9452329648,163800.0,4204999999,42200.0,781.0,861.0,1118.0,1392.0,1512.0,0.005739429087523309,0.0072191697191697195,0.007338703408317331,0.009230769230769232
25474,3741,Lake Saint Louis,MO,Saint Charles County,Lake Saint Louis,1800.1666666666667,436553.130960589,296800.0,2918399999,55700.0,951.0,984.0,1215.0,1570.0,1806.0,0.00412359124009852,0.006065251572327044,0.004136953492982831,0.0060849056603773585
46125,3744,Lake Zurich,IL,Lake County,Lake Zurich,2958.333333333333,487047.3437843997,326600.0,1702399999,45900.0,635.0,747.0,926.0,1181.0,1228.0,0.006074015947498715,0.009057971014492752,0.0025213154648546783,0.0037599510104102877
44609,3751,Clairton,PA,Allegheny County,Clairton,1412.5,165235.01279136573,216700.0,4200399999,53650.0,998.0,1068.0,1280.0,1632.0,1759.0,0.008548430360722007,0.006518227964928473,0.010645443543015937,0.008117212736502077
39048,3753,Hot Springs Village,AR,Garland County,Hot Springs Village,1668.75,303401.5382070451,176400.0,0500199999,38600.0,624.0,682.0,895.0,1103.0,1503.0,0.005500136913812294,0.009460034013605442,0.00495383117990105,0.008520408163265306
23422,3759,Alachua,FL,Alachua County,Alachua,2065.6666666666665,336380.86824420263,266800.0,1200199999,52000.0,1176.0,1308.0,1583.0,2016.0,2099.0,0.006140856575609565,0.007742378810594702,0.006239950598130295,0.007867316341829085
20616,3767,Stafford,TX,Fort Bend County,Stafford,1568.288786482335,298867.4315574981,350300.0,4803399999,50950.0,766.0,786.0,976.0,1273.0,1459.0,0.005247439569810125,0.004476987686218484,0.0048817631027799286,0.0041650014273479875
28774,3770,Half Moon Bay,CA,San Mateo County,Half Moon Bay,4466.666666666667,1541963.4238774609,1494500.0,0600599999,54950.0,1253.0,1260.0,1493.0,2084.0,2507.0,0.0028967397005012427,0.002988736478197837,0.0016258492005574512,0.0016774841083974574
16647,3772,Andover,KS,Butler County,Andover,1819.6666666666667,331867.9819434443,199600.0,2000799999,42050.0,625.0,767.0,872.0,1158.0,1464.0,0.005483104022299951,0.009116566466265866,0.004411392721366804,0.007334669338677355
32942,3775,Moraga,CA,Contra Costa County,Moraga,3837.5,1643474.2116499494,830800.0,0601399999,79900.0,1937.0,2201.0,2682.0,3432.0,4077.0,0.0023349925254667553,0.004619041887337506,0.0024807203977401855,0.004907318247472316
15190,3777,Highland Park,NJ,Middlesex County,Highland Park,2555.583333333333,587940.026348411,439300.0,3401399999,67650.0,1551.0,1768.0,2140.0,2695.0,3065.0,0.004346673502067206,0.0058173988921769474,0.00521311675110157,0.006977008877760073
43785,3783,Centerville,UT,Davis County,Centerville,1625.0,578737.6460548033,470500.0,4901199999,60250.0,1158.0,1237.0,1532.0,2055.0,2488.0,0.002807835313768618,0.0034537725823591925,0.004299011852711583,0.005287991498405951
49746,3784,Lock Haven,PA,Clinton County,Lock Haven,936.6666666666666,202513.13035211223,179100.0,4203199999,42900.0,733.0,738.0,915.0,1118.0,1537.0,0.004625214498625704,0.005229852968546436,0.007589631335645239,0.008581797878280291
23089,3786,Lansdowne,PA,Delaware County,Lansdowne,1449.375,280295.5714069733,302400.0,4204599999,59700.0,1372.0,1512.0,1802.0,2171.0,2468.0,0.005170880840980501,0.004792906746031746,0.008804991058587236,0.008161375661375661
24889,3791,Glenwood Springs,CO,Garfield County,Glenwood Springs,2745.0,870748.9667312369,490600.0,0801499999,70050.0,1639.0,1789.0,2140.0,2794.0,3127.0,0.0031524585212023165,0.005595189563799429,0.003591161309945225,0.006373827965756217
4904,3792,Glen Carbon,IL,Madison County,Glen Carbon,1625.0,331798.2291635223,167900.0,1700199999,46550.0,669.0,749.0,975.0,1261.0,1319.0,0.004897554770249062,0.009678379988088147,0.003975307533512931,0.007855866587254318
52081,3793,Fort Thomas,KY,Campbell County,Fort Thomas,1331.75,338757.9179978606,234500.0,2101399999,35450.0,637.0,783.0,867.0,1189.0,1336.0,0.003931273423425665,0.00567910447761194,0.003943819255638587,0.005697228144989339
831320,3796,Abington,PA,Montgomery County,Abington,2600.0,412863.7090641652,409900.0,4208999999,52200.0,1158.0,1183.0,1552.0,2043.0,2379.0,0.006297477697648454,0.006343010490363503,0.005762192093348335,0.005803854598682606
39223,3797,Kensington,MD,Montgomery County,Kensington,3425.0,811238.3592699621,615200.0,2403199999,81950.0,2012.0,2056.0,2314.0,2893.0,3413.0,0.0042219403962630376,0.005567295188556567,0.004207148196334525,0.00554778933680104
47409,3803,Roanoke,TX,Denton County,Roanoke,1603.9133333333332,432160.90515792574,403400.0,4800199999,39700.0,846.0,851.0,1033.0,1245.0,1563.0,0.0037113799841455137,0.003975987440092546,0.0036167084559137266,0.0038745661874070403
397939,3804,Kaukauna,WI,Outagamie County,Kaukauna,1373.5,300982.6018240741,244100.0,5508799999,55750.0,769.0,866.0,1106.0,1528.0,1563.0,0.004563386693038217,0.005626792298238427,0.005192991191276836,0.006403113478082753
44519,3807,Center Point,AL,Jefferson County,Center Point,1280.8333333333333,155221.7730816705,224900.0,0107399999,47950.0,998.0,1144.0,1267.0,1583.0,1791.0,0.00825163447050317,0.005695123758707573,0.011538329735852578,0.007963539350822588
26210,3809,Northbridge,MA,Worcester County,Northbridge,1550.0,511302.6264638021,390700.0,2502701885,62350.0,1139.0,1332.0,1661.0,2165.0,2475.0,0.0030314727908203557,0.003967238290248272,0.004840577520826052,0.006334783721525467
50649,3810,Addison,TX,Dallas County,Addison,1549.4763557808226,491275.3987068639,277900.0,4805999999,43650.0,944.0,950.0,1207.0,1571.0,1899.0,0.003153987274468368,0.005575661589711488,0.0038654490027356376,0.006833393306944944
18411,3813,Gulf Shores,AL,Baldwin County,Gulf Shores,1639.7737373737373,460669.8657752573,287000.0,0100399999,46500.0,972.0,1043.0,1244.0,1550.0,1975.0,0.003559542004368305,0.005713497342765635,0.004287235060787598,0.006881533101045296
41949,3814,Braselton,GA,Jackson County,Braselton,2402.2507936507936,450374.7255773596,312700.0,1300399999,38100.0,728.0,733.0,905.0,1155.0,1300.0,0.00533389343856101,0.007682285876721438,0.0028864852447780236,0.004157339302846178
34865,3822,Wimberley,TX,Hays County,Wimberley,1762.5555555555557,602586.7576846958,371400.0,4806799999,39700.0,707.0,711.0,933.0,1238.0,1395.0,0.0029249822255101978,0.004745706934721474,0.0023150193432062366,0.0037560581583198707
396862,3824,Bryn Mawr-Skyway,WA,King County,Bryn Mawr-Skyway,2064.458333333333,676446.1421529966,811200.0,5302199999,52800.0,1101.0,1236.0,1503.0,2003.0,2318.0,0.003051918260280949,0.0025449437047994736,0.00342673252983934,0.0028574950690335305
4962,3829,Granville,OH,Licking County,Granville,2450.0,509679.3057354589,250700.0,3907399999,42600.0,703.0,707.0,928.0,1261.0,1265.0,0.004806944234207606,0.00977263661747108,0.0024819528392949477,0.005045871559633028
20367,3835,Satellite Beach,FL,Brevard County,Satellite Beach,2964.6825396825398,512718.1367847436,304400.0,1200399999,45750.0,901.0,952.0,1129.0,1523.0,1896.0,0.005782285288899803,0.009739430156644349,0.003697938231500488,0.006228646517739816
35777,3840,Moore,SC,Spartanburg County,Moore,2000.0,294446.8270123022,216000.0,4507599999,34000.0,787.0,792.0,949.0,1143.0,1258.0,0.0067923978678718746,0.009259259259259259,0.004272418258891409,0.005824074074074074
29540,3841,Trenton,OH,Butler County,Trenton,1836.6666666666663,275999.2921967118,243000.0,3901799999,55900.0,883.0,993.0,1287.0,1707.0,1885.0,0.0066546064377499435,0.00755829903978052,0.006829727659795996,0.007757201646090535
20502,3843,Silverton,OR,Marion County,Silverton,1636.75,557239.2805277904,383300.0,4102599999,40700.0,640.0,711.0,933.0,1307.0,1567.0,0.0029372480677416508,0.004270153926428385,0.002812077423034163,0.004088181581007044
37901,3845,Claymont,DE,New Castle County,Claymont,1605.0,316102.78595637693,329800.0,1000399999,59700.0,1372.0,1512.0,1802.0,2171.0,2468.0,0.005077462367641058,0.004866585809581565,0.007807586992734037,0.007483323226197695
51448,3851,Clementon,NJ,Camden County,Clementon,1815.055555555556,312090.10643959715,262200.0,3400799999,59700.0,1372.0,1512.0,1802.0,2171.0,2468.0,0.005815806134523676,0.006922408678701587,0.00790797256649872,0.009412662090007629
44346,3851,Browns Summit,NC,Guilford County,Browns Summit,1763.6666666666667,300346.6141009044,234900.0,3708199999,42800.0,999.0,1039.0,1150.0,1463.0,1646.0,0.0058721043749610765,0.007508159500496665,0.005480334795607219,0.007007237122179651
29637,3854,Westwood,MA,Norfolk County,Westwood,3093.6666666666665,1236386.348285773,649400.0,2502102935,65700.0,1607.0,1652.0,2155.0,2730.0,2953.0,0.002502184427186517,0.004763884611436197,0.002388412007374782,0.004547274407145057
397619,3856,Bordentown Township,NJ,Burlington County,Bordentown Township,2281.3888888888887,443463.43785650126,326700.0,3400599999,59700.0,1372.0,1512.0,1802.0,2171.0,2468.0,0.005144480230244179,0.006983130973029962,0.005565284055725494,0.007554331190694827
40381,3860,Plymouth Meeting,PA,Montgomery County,Plymouth Meeting,2173.488888888889,535551.2992922609,409900.0,4208999999,52200.0,1158.0,1183.0,1552.0,2043.0,2379.0,0.004058413996495177,0.005302485701119515,0.004442151486036696,0.005803854598682606
45382,3861,Gainesville,TX,Cooke County,Gainesville,1543.75,253703.222412436,224600.0,4804599999,39700.0,732.0,752.0,933.0,1307.0,1395.0,0.006084865557956463,0.006873330365093499,0.00549855057706835,0.0062110418521816564
41580,3866,Waterville,ME,Kennebec County,Waterville,1468.888888888889,253904.19710914124,219900.0,2301100590,43650.0,895.0,901.0,1160.0,1454.0,1739.0,0.00578520916791889,0.006679803951290991,0.0068490399914598,0.007908140063665303
27892,3868,Westchester,IL,Cook County,Westchester,2491.666666666667,358272.0364096709,305200.0,1700799999,43300.0,810.0,900.0,1181.0,1561.0,1603.0,0.006954678047542448,0.008164045434687638,0.0044742537432283114,0.005252293577981651
398938,3873,Exeter,NH,Rockingham County,Exeter,2487.083333333333,606010.5162706537,461400.0,3301502340,70650.0,1346.0,1498.0,1963.0,2365.0,2603.0,0.004104026690227539,0.00539029764484901,0.004295304999026551,0.005641525791070655
30426,3876,Benson,NC,Johnston County,Benson,1801.4444444444443,313897.0881312937,267600.0,3700799999,38200.0,834.0,927.0,1216.0,1465.0,1728.0,0.005738965133983512,0.006731855173559209,0.005504988944902953,0.006457399103139014
45576,3884,Grimes,IA,Polk County,Grimes,1694.9629629629628,353180.3346337643,248400.0,1911199999,46000.0,632.0,702.0,921.0,1216.0,1221.0,0.004799143091363171,0.00682352239518101,0.003457157379009039,0.004915458937198068
18668,3885,Hurricane,UT,Washington County,Hurricane,2103.1203703703704,510985.5148811781,465600.0,4905399999,50350.0,1146.0,1166.0,1485.0,1976.0,2494.0,0.004115812110367588,0.004517011104747359,0.004880764576232541,0.005356529209621993
33511,3888,Portsmouth,RI,Newport County,Portsmouth,2789.8611111111118,675137.0212027833,559700.0,4400536820,57150.0,1233.0,1319.0,1614.0,1945.0,2359.0,0.004132288740648326,0.004984565144025571,0.0034941055310481243,0.004214757906021082
9324,3889,Wynnewood,PA,Montgomery County,Wynnewood,2351.032467532468,798078.8677910032,409900.0,4208999999,52200.0,1158.0,1183.0,1552.0,2043.0,2379.0,0.002945864829173931,0.005735624463362938,0.0029809083989215464,0.005803854598682606
24101,3890,Clayton,MO,Saint Louis County,Clayton,1857.6031746031747,843807.3982525262,260700.0,2918999999,55700.0,951.0,984.0,1215.0,1570.0,1806.0,0.0022014540029515715,0.007125443707722189,0.0021402988451394434,0.006927502876869966
25101,3893,Hershey,PA,Dauphin County,Hershey,1866.6666666666667,400512.0014827729,222300.0,4204399999,52700.0,953.0,1114.0,1371.0,1763.0,1818.0,0.0046607009521709855,0.008397061028639977,0.0045391898202036705,0.008178137651821862
397319,3896,Scituate,MA,Plymouth County,Scituate,3566.6666666666665,983673.0915335116,513000.0,2502300170,65700.0,1607.0,1652.0,2155.0,2730.0,2953.0,0.0036258658464534787,0.006952566601689409,0.0030020136012833057,0.005756335282651072
47544,3897,San Anselmo,CA,Marin County,San Anselmo,4057.444444444445,1609905.835046103,1390000.0,0600399999,57700.0,1003.0,1101.0,1445.0,2025.0,2396.0,0.002520299234972492,0.0029190247801758598,0.0014882858039528663,0.0017237410071942445
22865,3907,Souderton,PA,Montgomery County,Souderton,2150.0,462996.3140562957,409900.0,4208999999,52200.0,1158.0,1183.0,1552.0,2043.0,2379.0,0.004643665477947156,0.005245181751646743,0.005138269847458737,0.005803854598682606
46216,3909,Lemay,MO,Saint Louis County,Lemay,1231.6666666666667,168320.75547239752,260700.0,2918999999,55700.0,951.0,984.0,1215.0,1570.0,1806.0,0.007317378437436045,0.004724459787750927,0.010729514580251282,0.006927502876869966
41932,3911,Ashland City,TN,Cheatham County,Ashland City,1738.9,347433.8338346979,291400.0,4702199999,57400.0,1589.0,1650.0,1827.0,2308.0,2840.0,0.005004981756691359,0.005967398764584763,0.008174218292600758,0.009746053534660262
28883,3914,Morgan,UT,Morgan County,Morgan,2950.0,719087.69973689,600900.0,4901999999,50000.0,1003.0,1074.0,1409.0,1907.0,1932.0,0.004102420332150567,0.00490930271259777,0.002686737654818609,0.003215177234148777
51713,3917,Dexter,MI,Washtenaw County,Dexter,2367.5,504040.772488496,353000.0,2600799999,40950.0,640.0,745.0,933.0,1165.0,1567.0,0.0046970406546903605,0.006706798866855524,0.0031088754829566184,0.004439093484419263
47316,3918,Red Oak,TX,Ellis County,Red Oak,2224.055555555555,346988.25183394284,306400.0,4802799999,41100.0,924.0,930.0,1172.0,1631.0,1968.0,0.006409599010343194,0.007258666956774005,0.005671661762605785,0.006422976501305483
19663,3920,North East,MD,Cecil County,North East,1824.6666666666667,398060.1773115266,311800.0,2401599999,59700.0,1372.0,1512.0,1802.0,2171.0,2468.0,0.004583896532907036,0.005852041907205474,0.006200067579401478,0.007915330339961514
13767,3928,Selinsgrove,PA,Snyder County,Selinsgrove,1205.0,245240.7882694761,205500.0,4210999999,43500.0,691.0,828.0,945.0,1200.0,1403.0,0.004913538276006188,0.005863746958637469,0.0057209080508188225,0.006827250608272506
18955,3934,Larchmont,NY,Westchester County,Larchmont,6831.944444444445,1605653.899180724,638400.0,3611999999,85000.0,2406.0,2511.0,2780.0,3465.0,3738.0,0.004254929688104272,0.010701667362851575,0.002328023493672761,0.005855263157894737
17622,3936,Crest Hill,IL,Will County,Crest Hill,1519.2777777777776,278805.03663082985,298000.0,1710399999,46000.0,605.0,786.0,883.0,1237.0,1319.0,0.005449247962437197,0.005098247576435495,0.004730904491322044,0.004426174496644296
46137,3939,Lakeway,TX,Travis County,Lakeway,3026.8490028490028,742002.5865929747,487600.0,4804199999,44250.0,1034.0,1089.0,1206.0,1690.0,1863.0,0.004079297104269233,0.006207647667860958,0.002510772918669013,0.003820754716981132
21839,3942,Fruita,CO,Mesa County,Fruita,1955.888888888889,477327.2607600636,349400.0,0800199999,70050.0,1639.0,1789.0,2140.0,2794.0,3127.0,0.0040975847174001,0.005597850283024868,0.006551060995386639,0.008949627933600457
28620,3942,Hugo,MN,Washington County,Hugo,2340.833333333333,433632.65166975744,400900.0,2711399999,53100.0,741.0,823.0,1080.0,1371.0,1559.0,0.005398194357181494,0.005838945705495966,0.0035952089723799005,0.0038887503117984537
25159,3945,Hollidaysburg,PA,Blair County,Hollidaysburg,920.0,258189.4519359497,156700.0,4200799999,53650.0,998.0,1068.0,1280.0,1632.0,1759.0,0.0035632749250663763,0.005871091257179323,0.00681282673173017,0.011225271218889598
23592,3947,Bangor,PA,Northampton County,Bangor,1700.0,329406.06505806616,285000.0,4209599999,50100.0,1033.0,1213.0,1507.0,1924.0,2005.0,0.005160803580530103,0.0059649122807017545,0.006086712458213446,0.007035087719298246
48660,3948,Cortez,CO,Montezuma County,Cortez,1579.1666666666667,343984.95288920664,308100.0,0808399999,51000.0,886.0,892.0,1170.0,1436.0,1965.0,0.004590801584205624,0.005125500378664936,0.005712459174436338,0.006377799415774099
38599,3950,Franklinton,NC,Franklin County,Franklinton,1858.1666666666663,369209.4203833644,240900.0,3706999999,66350.0,1533.0,1592.0,1763.0,2192.0,2961.0,0.00503282571917385,0.007713435727134356,0.00801983870543032,0.012291407222914072
52822,3951,La Grange,NC,Lenoir County,La Grange,1375.0,174835.59719232935,111400.0,3700399999,38800.0,818.0,851.0,1046.0,1334.0,1567.0,0.007864531148581943,0.012342908438061042,0.00896270567987484,0.014066427289048474
26192,3951,North Myrtle Beach,SC,Horry County,North Myrtle Beach,2115.1666666666665,391630.0815674022,260500.0,4505199999,43400.0,1133.0,1199.0,1406.0,1771.0,2065.0,0.005400930026113512,0.00811964171465131,0.0052728329543413775,0.007927063339731286
38988,3954,Highland,IL,Madison County,Highland,1450.0,265123.0632115278,167900.0,1700199999,46550.0,669.0,749.0,975.0,1261.0,1319.0,0.005469158293645396,0.008636092912447886,0.0049750481305643295,0.007855866587254318
23637,3959,Beaver,PA,Beaver County,Beaver,1177.7777777777776,266480.3191415333,185500.0,4200799999,53650.0,998.0,1068.0,1280.0,1632.0,1759.0,0.0044197552058328,0.006349206349206348,0.006600862704107459,0.009482479784366577
10575,3965,Broussard,LA,Lafayette Parish,Broussard,1608.3333333333333,277071.2345181597,,2205599999,42350.0,740.0,930.0,1052.0,1322.0,1736.0,0.005804764742649315,,0.00626553674191039,
55220,3968,Willowbrook,IL,DuPage County,Willowbrook,2060.546328671329,315225.3799862279,374100.0,1704399999,59950.0,1458.0,1560.0,1761.0,2262.0,2657.0,0.006536739931160852,0.005508009432428037,0.008428889831510659,0.007102379043036621
399115,3969,Tiverton,RI,Newport County,Tiverton,2700.0,544484.4892807142,559700.0,4400536820,57150.0,1233.0,1319.0,1614.0,1945.0,2359.0,0.0049588189437073,0.004824012864034304,0.004332538477113156,0.004214757906021082
35236,3972,Budd Lake,NJ,Morris County,Budd Lake,2235.25,560103.0368980654,557000.0,3402199999,63450.0,1391.0,1605.0,2028.0,2443.0,2747.0,0.0039907835750706685,0.004013016157989228,0.0049044547503496825,0.004931777378815081
47961,3974,Tenafly,NJ,Bergen County,Tenafly,5965.277777777777,1255122.6668017774,593200.0,3400399999,68550.0,1556.0,1807.0,2072.0,2550.0,3225.0,0.004752744839656281,0.010056098748782497,0.0025694699691925227,0.005436614969656102
20280,3978,Ruther Glen,VA,Caroline County,Ruther Glen,2200.0,340618.6325576689,283100.0,5101399999,81950.0,2012.0,2056.0,2314.0,2893.0,3413.0,0.006458836333997454,0.007771105616389968,0.010020003821787868,0.01205581066760862
12589,3982,Martin,TN,Weakley County,Martin,924.1666666666666,209153.4798020556,136300.0,4701199999,41500.0,830.0,922.0,1210.0,1579.0,1604.0,0.004418605263184264,0.0067803864025434086,0.007669009387355341,0.011768158473954512
12557,3983,Marcus Hook,PA,Delaware County,Marcus Hook,1703.4444444444443,326073.4337088065,302400.0,4204599999,59700.0,1372.0,1512.0,1802.0,2171.0,2468.0,0.0052241129400491795,0.005633083480305702,0.007568847213121934,0.008161375661375661
10057,3984,Alamosa,CO,Alamosa County,Alamosa,1225.0,314476.2167071121,218800.0,0800199999,70050.0,1639.0,1789.0,2140.0,2794.0,3127.0,0.003895366119660825,0.005598720292504571,0.009943518249942367,0.014291590493601463
3455,3995,Asbury Park,NJ,Monmouth County,Asbury Park,2669.312169312169,668906.3516637519,566500.0,3402599999,68400.0,1474.0,1654.0,2040.0,2717.0,3023.0,0.003990561851704448,0.004711936750771702,0.00451931722950601,0.005336275375110326
12896,3997,Myerstown,PA,Lebanon County,Myerstown,1350.0,313574.61760259856,227300.0,4203199999,42900.0,733.0,738.0,915.0,1118.0,1537.0,0.00430519539598352,0.005939287285525737,0.004901544684167904,0.006761988561372635
21021,3998,Vail,AZ,Pima County,Vail,2104.883838383839,417606.5692767988,286900.0,0400799999,38200.0,966.0,1078.0,1409.0,1925.0,2004.0,0.005040351357568505,0.007336646351982707,0.004798775085053091,0.006985012199372604
398522,3999,Delafield,WI,Waukesha County,Delafield,2413.333333333333,737158.5101679456,373600.0,5500399999,46400.0,660.0,733.0,933.0,1307.0,1567.0,0.0032738322898605717,0.006459671663097787,0.0021257300545075345,0.004194325481798715
55732,4000,Gambrills,MD,Anne Arundel County,Gambrills,2733.7261904761904,618703.7008229836,450300.0,2400399999,65150.0,1407.0,1604.0,1965.0,2529.0,2826.0,0.004418473959085518,0.006070899823398157,0.004567614507947711,0.006275816122584943
26173,4004,North Bend,WA,King County,North Bend,3409.190476190476,1009716.605211671,811200.0,5302199999,52800.0,1101.0,1236.0,1503.0,2003.0,2318.0,0.003376383490767485,0.004202650981497135,0.0022956936511052705,0.0028574950690335305
168163,4007,Northview,MI,Kent County,Northview,1224.1666666666667,349591.9748853012,265700.0,2604199999,40950.0,640.0,711.0,933.0,1231.0,1567.0,0.003501701282096958,0.0046073265587755615,0.0044823683395882365,0.005897628904779827
49424,4007,Lowell,AR,Benton County,Lowell,1927.9166666666663,349554.1154447231,285100.0,0500799999,50900.0,853.0,925.0,1111.0,1557.0,1798.0,0.005515359658157245,0.006762247164737518,0.005143695698482851,0.006306559102069449
19486,4010,Mount Clemens,MI,Macomb County,Mount Clemens,1229.1666666666667,181281.18909917245,231400.0,2600199999,40950.0,654.0,813.0,933.0,1294.0,1385.0,0.006780442431863317,0.005311869778161914,0.007640064624919887,0.005985306828003458
37392,4011,Berkley,MI,Oakland County,Berkley,2200.0,319086.11959867325,320400.0,2600599999,50350.0,846.0,851.0,1111.0,1416.0,1496.0,0.006894690382543194,0.00686641697877653,0.004688389460129372,0.00466916354556804
31988,4016,Hazel Park,MI,Oakland County,Hazel Park,1449.4074074074076,164571.45316251044,320400.0,2600599999,50350.0,846.0,851.0,1111.0,1416.0,1496.0,0.008807161749833684,0.004523743468812133,0.009090276419463436,0.00466916354556804
27104,4019,Signal Mountain,TN,Sequatchie County,Signal Mountain,2431.6666666666665,629995.8088143719,217800.0,4715399999,47750.0,1231.0,1284.0,1426.0,1796.0,1942.0,0.0038598140378790302,0.011164677073767983,0.0030825601898126433,0.00891643709825528
14554,4022,West Haven,UT,Weber County,West Haven,1625.0925925925924,526769.7913910472,389200.0,4900199999,50150.0,692.0,821.0,972.0,1245.0,1381.0,0.003085014780937212,0.00417546914849073,0.0026216385650232087,0.0035483042137718396
34058,4026,South Ogden,UT,Weber County,South Ogden,1630.2166666666665,430358.6682423653,389200.0,4900199999,50150.0,692.0,821.0,972.0,1245.0,1381.0,0.003788041898458001,0.004188634806440561,0.0032089512815906885,0.0035483042137718396
51500,4029,Columbia Falls,MT,Flathead County,Columbia Falls,1970.0,598098.5653880426,467700.0,3002999999,48250.0,1202.0,1249.0,1639.0,2184.0,2752.0,0.003293771485176321,0.004212101774641865,0.004601248287921439,0.005884113748129143
50507,4031,Hubert,NC,Onslow County,Hubert,1525.6349206349205,274660.15530182404,219500.0,3700799999,38200.0,834.0,927.0,1216.0,1465.0,1728.0,0.005554627750641153,0.006950500777380048,0.006291411282794554,0.00787243735763098
398847,4033,Clinton,MA,Worcester County,Clinton,1958.888888888889,454445.6406833607,390700.0,2502701885,62350.0,1139.0,1332.0,1661.0,2165.0,2475.0,0.004310502100852505,0.005013792907317351,0.005446195932869515,0.006334783721525467
12119,4041,Jennings,MO,Saint Louis County,Jennings,1199.111111111111,71543.97985829173,260700.0,2918999999,55700.0,951.0,984.0,1215.0,1570.0,1806.0,0.01676047535356866,0.004599582321101308,0.025243214084220256,0.006927502876869966
38899,4044,Harper Woods,MI,Wayne County,Harper Woods,1316.357142857143,162830.32531866417,170200.0,2601799999,41850.0,764.0,769.0,976.0,1305.0,1406.0,0.008084225959022005,0.007734178277656539,0.00863475521066738,0.00826086956521739
398120,4048,Hooksett,NH,Merrimack County,Hooksett,2484.5,529622.9913859816,330600.0,3301300660,61950.0,1120.0,1230.0,1614.0,2132.0,2140.0,0.004691072782732222,0.007515124016938899,0.004040610084542948,0.00647307924984876
41690,4049,White House,TN,Robertson County,White House,1894.145238095238,392398.07561429706,296700.0,4700199999,49700.0,1256.0,1264.0,1548.0,1989.0,2335.0,0.004827101241844685,0.006384041921453448,0.005950589834938844,0.00786990225817324
33145,4051,North Chicago,IL,Lake County,North Chicago,1350.0,211286.1991211458,326600.0,1702399999,45900.0,635.0,747.0,926.0,1181.0,1228.0,0.006389437670871946,0.004133496631965708,0.005812021822096852,0.0037599510104102877
41854,4052,Carmel-by-the-Sea,CA,Monterey County,Carmel-by-the-Sea,5120.5,2362585.8838643115,723100.0,0604799999,46950.0,1071.0,1227.0,1509.0,2081.0,2534.0,0.0021673286186002123,0.0070813165537270085,0.0010725536020960722,0.0035043562439496614
51095,4055,Boulder City,NV,Clark County,Boulder City,1731.111111111111,476003.0177486788,400800.0,3200399999,51000.0,1316.0,1476.0,1750.0,2452.0,2841.0,0.003636764992160422,0.004319139498780217,0.005968449556132852,0.007088323353293413
18427,4056,Haddonfield,NJ,Camden County,Haddonfield,1990.5555555555557,814474.6389553937,262200.0,3400799999,59700.0,1372.0,1512.0,1802.0,2171.0,2468.0,0.0024439748769937725,0.007591745063140944,0.003030174153937241,0.009412662090007629
50142,4060,Spanish Fort,AL,Baldwin County,Spanish Fort,1682.6333333333332,394307.0503237886,287000.0,0100399999,46500.0,972.0,1043.0,1244.0,1550.0,1975.0,0.004267317391235141,0.005862833914053425,0.005008786929825911,0.006881533101045296
24687,4061,Fate,TX,Rockwall County,Fate,2401.047619047619,367460.5738217735,386000.0,4819199999,39700.0,707.0,711.0,933.0,1307.0,1395.0,0.0065341639079140494,0.006220330619294349,0.0037963256452013426,0.0036139896373056993
398429,4062,Hampton,NH,Rockingham County,Hampton,2363.472222222222,609505.9140712492,461400.0,3301502340,70650.0,1346.0,1498.0,1963.0,2365.0,2603.0,0.003877685462369345,0.0051223931994413135,0.004270672260771071,0.005641525791070655
34189,4065,Superior,MI,Washtenaw County,Superior,2012.9444444444448,328338.12857000803,353000.0,2600799999,40950.0,640.0,745.0,933.0,1165.0,1567.0,0.006130705724648261,0.005702392193893611,0.004772519130887004,0.004439093484419263
12976,4072,Newport,KY,Campbell County,Newport,1639.3083333333334,228088.52502940115,234500.0,2101399999,35450.0,637.0,783.0,867.0,1189.0,1336.0,0.0071871582891862825,0.006990653873489695,0.005857374893488335,0.005697228144989339
53328,4076,Millbrook,AL,Elmore County,Millbrook,1370.0555555555557,211995.89178650043,213600.0,0102599999,37500.0,578.0,600.0,772.0,1080.0,1309.0,0.006462651441072872,0.006414117769454848,0.006174647956472122,0.006128277153558052
21934,4078,Glens Falls,NY,Warren County,Glens Falls,1294.1666666666667,265866.7229707293,247600.0,3602599999,44250.0,808.0,812.0,935.0,1310.0,1314.0,0.00486772715368801,0.00522684437264405,0.004942325934278979,0.005306946688206785
12238,4079,La Grange,IL,Cook County,La Grange,2450.183333333333,621843.6831774797,305200.0,1700799999,43300.0,810.0,900.0,1181.0,1561.0,1603.0,0.003940191722803155,0.00802812363477501,0.0025778182578120516,0.005252293577981651
37964,4081,College Park,GA,Fulton County,College Park,1756.563492063492,288790.0085186077,431200.0,1304999999,38100.0,717.0,721.0,905.0,1107.0,1300.0,0.006082493993036849,0.004073663014989546,0.00450154077929686,0.0030148423005565863
45785,4087,Holliston,MA,Middlesex County,Holliston,2900.0,745076.2366587146,687200.0,2501700380,82700.0,2263.0,2394.0,2837.0,3418.0,3761.0,0.0038922191546532404,0.004220023282887078,0.005047805600224427,0.005472933643771828
53126,4091,Manassas Park,VA,Manassas Park City,Manassas Park,2120.410714285714,461704.8113171991,,5168399999,81950.0,2012.0,2056.0,2314.0,2893.0,3413.0,0.0045925679401875585,,0.007392169014360153,
18065,4092,Fairview,NJ,Bergen County,Fairview,2179.5,650666.4114829497,593200.0,3400399999,68550.0,1556.0,1807.0,2072.0,2550.0,3225.0,0.0033496427071325967,0.0036741402562373566,0.004956456861896134,0.005436614969656102
55184,4093,Whitefish,MT,Flathead County,Whitefish,3120.833333333333,858050.9076023438,467700.0,3002999999,48250.0,1202.0,1249.0,1639.0,2184.0,2752.0,0.0036371190866214386,0.006672724681063359,0.003207268910990291,0.005884113748129143
37845,4096,Chelsea,AL,Shelby County,Chelsea,2164.555555555555,382314.4133081725,298700.0,0104999999,36100.0,578.0,587.0,772.0,1044.0,1280.0,0.005661715803036623,0.007246587062455826,0.003348029672551815,0.004285236022765316
38474,4097,Fairhaven,MA,Bristol County,Fairhaven,2000.0,502127.392499027,421800.0,2500500520,59800.0,1081.0,1177.0,1448.0,1745.0,2088.0,0.003983052965993835,0.00474158368895211,0.0041583072964975635,0.0049502133712660025
125563,4098,Opa-locka,FL,Miami-Dade County,Opa-locka,2672.222222222222,469691.1796383268,425400.0,1208699999,61950.0,1711.0,1898.0,2329.0,3008.0,3527.0,0.00568931744530501,0.006281669539779554,0.007509189341634801,0.008291020216267042
31648,4104,Fraser,MI,Macomb County,Fraser,1266.6666666666667,238691.80818238636,231400.0,2600199999,40950.0,654.0,813.0,933.0,1294.0,1385.0,0.005306703553474262,0.005473926822241429,0.005802461385443569,0.005985306828003458
31083,4107,Coweta,OK,Wagoner County,Coweta,1532.5,267806.53555740503,216000.0,4005599999,37650.0,678.0,753.0,910.0,1275.0,1312.0,0.0057224144915294815,0.007094907407407407,0.004899058931736823,0.006074074074074074
31213,4111,Dennis,MA,Barnstable County,Dennis,2874.5,662796.7108936901,575900.0,2500500520,59800.0,1081.0,1177.0,1448.0,1745.0,2088.0,0.004336925565191977,0.004991317937141865,0.0031502872082521645,0.003625629449557215
34825,4114,Whitehouse,TX,Smith County,Whitehouse,1600.0,291516.84925311984,220800.0,4811799999,39700.0,745.0,760.0,997.0,1201.0,1655.0,0.005488533524217474,0.007246376811594203,0.00567720186411245,0.007495471014492753
30385,4125,Bedford,MA,Middlesex County,Bedford,3121.25,1037485.3260685292,687200.0,2501700380,82700.0,2263.0,2394.0,2837.0,3418.0,3761.0,0.00300847628546973,0.004541981955762515,0.003625111512904014,0.005472933643771828
251873,4129,Sedro-Woolley,WA,Skagit County,Sedro-Woolley,1915.555555555556,498061.4157468767,486200.0,5303599999,62150.0,1411.0,1568.0,2057.0,2685.0,3090.0,0.003846022789545043,0.003939850998674529,0.006204054163413435,0.0063554092965857675
11475,4131,Forest Park,IL,Cook County,Forest Park,1582.9357864357862,274331.69422174426,305200.0,1700799999,43300.0,810.0,900.0,1181.0,1561.0,1603.0,0.0057701527740950265,0.005186552380195892,0.00584329129212567,0.005252293577981651
18843,4134,Kirksville,MO,Adair County,Kirksville,915.0,152710.29524420734,159500.0,2900199999,42350.0,607.0,636.0,824.0,1155.0,1384.0,0.005991737482641715,0.005736677115987461,0.009062912214181568,0.008677115987460815
22276,4136,Robbinsdale,MN,Hennepin County,Robbinsdale,1623.148148148148,315736.81083885394,376500.0,2705399999,66200.0,1220.0,1381.0,1685.0,2244.0,2513.0,0.005140826449205417,0.004311150459888839,0.007959160648146875,0.006674634794156706
126611,4139,West Park,FL,Broward County,West Park,2920.777777777778,430073.8612296116,380400.0,1200399999,45750.0,901.0,952.0,1129.0,1523.0,1896.0,0.006791339909445014,0.007678175020446314,0.004408545068466151,0.00498422712933754
26739,4145,Rex,GA,Clayton County,Rex,1930.8333333333333,241170.4969136558,194500.0,1300399999,38100.0,728.0,733.0,905.0,1155.0,1300.0,0.008006092611007112,0.009927163667523563,0.005390377416129087,0.006683804627249357
31516,4146,Fairview Heights,IL,Saint Clair County,Fairview Heights,887.5,197898.8546262337,168800.0,1716399999,55700.0,951.0,984.0,1215.0,1570.0,1806.0,0.004484614131174219,0.0052577014218009475,0.009125873939042973,0.010699052132701422
7811,4147,Welby,CO,Adams County,Welby,2092.222222222222,411693.9737999588,458400.0,0800199999,70050.0,1639.0,1789.0,2140.0,2794.0,3127.0,0.005081984083737957,0.004564184603451619,0.0075954475872882276,0.006821553228621291
46342,4149,Luling,LA,Saint Charles Parish,Luling,1725.0,280189.9867064038,,2208999999,44900.0,1071.0,1236.0,1478.0,1889.0,2217.0,0.006156536927950733,,0.007912488330009725,
3634,4154,Bennington,NE,Douglas County,Bennington,1618.75,414975.42255413136,245800.0,3100199999,46200.0,662.0,756.0,907.0,1192.0,1203.0,0.0039008334277648516,0.006585638730675346,0.0028989668655450915,0.004894222945484134
38623,4155,Fruitland Park,FL,Lake County,Fruitland Park,1956.25,299465.06678395864,287900.0,1200399999,45750.0,901.0,952.0,1129.0,1523.0,1896.0,0.006532481471073506,0.006794894060437652,0.006331289389983575,0.006585620006946857
5802,4156,Marblehead,MA,Essex County,Marblehead,3471.25,1043123.3470164788,584000.0,2501700380,82700.0,2263.0,2394.0,2837.0,3418.0,3761.0,0.0033277464356716796,0.005943921232876712,0.0036055179962725782,0.0064400684931506845
30145,4158,Alamo,CA,Contra Costa County,Alamo,6107.777777777777,2479436.535737182,830800.0,0601399999,79900.0,1937.0,2201.0,2682.0,3432.0,4077.0,0.002463373306694387,0.007351682447975178,0.0016443252090692585,0.004907318247472316
19562,4161,Nesconset,NY,Suffolk County,Nesconset,3650.0,753304.9987607999,539500.0,3610399999,82450.0,1848.0,2241.0,2586.0,3352.0,3591.0,0.004845314986631331,0.0067655236329935125,0.004766993456710441,0.006656163113994439
31870,4162,Greenwood,AR,Sebastian County,Greenwood,1060.0,232504.52551055505,166000.0,0512599999,46350.0,887.0,892.0,1032.0,1376.0,1628.0,0.0045590510450166655,0.0063855421686746985,0.007002014246497294,0.009807228915662651
36409,4170,Warrenville,IL,DuPage County,Warrenville,2361.1956709956708,353568.6786380836,374100.0,1704399999,59950.0,1458.0,1560.0,1761.0,2262.0,2657.0,0.006678181110642478,0.00631166979683419,0.0075148059218212914,0.007102379043036621
33300,4181,Pacific Grove,CA,Monterey County,Pacific Grove,3154.018648018648,1398843.0021906216,723100.0,0604799999,46950.0,1071.0,1227.0,1509.0,2081.0,2534.0,0.00225473383580529,0.0043618014769999285,0.0018114970701012876,0.0035043562439496614
5474,4186,Lady Lake,FL,Lake County,Lady Lake,1695.0,339525.5465650474,287900.0,1200399999,45750.0,901.0,952.0,1129.0,1523.0,1896.0,0.00499226057405158,0.005887460923931921,0.00558426315539929,0.006585620006946857
32462,4188,Lebanon,NH,Grafton County,Lebanon,2171.428571428571,462856.350125001,298500.0,3300900580,55250.0,1104.0,1156.0,1516.0,2019.0,2109.0,0.004691366059560695,0.007274467575975113,0.004556489285348325,0.007065326633165829
3312,4191,Adairsville,GA,Bartow County,Adairsville,1922.5,299669.7051254988,262200.0,1300599999,38100.0,629.0,715.0,905.0,1268.0,1300.0,0.006415396575355775,0.007332189168573608,0.004338109517795842,0.004958047292143402
398947,4192,Duxbury,MA,Plymouth County,Duxbury,4013.75,1090258.6990749023,513000.0,2502300170,65700.0,1607.0,1652.0,2155.0,2730.0,2953.0,0.0036814656956240892,0.007824074074074074,0.0027085314728565396,0.005756335282651072
5415,4195,Key Biscayne,FL,Miami-Dade County,Key Biscayne,7261.849747474746,1588425.28928236,425400.0,1208699999,61950.0,1711.0,1898.0,2329.0,3008.0,3527.0,0.004571728866615818,0.017070638804595077,0.0022204380802785346,0.008291020216267042
26894,4196,Safety Harbor,FL,Pinellas County,Safety Harbor,2619.833333333333,494694.6285254851,319000.0,1210399999,52150.0,1566.0,1686.0,1978.0,2533.0,3082.0,0.0052958596723440415,0.008212643678160918,0.006230106053882946,0.009661442006269592
11899,4197,Highland,NY,Ulster County,Highland,1450.0,420138.7413430106,315100.0,3603599999,44250.0,795.0,800.0,1050.0,1265.0,1411.0,0.003451240881440609,0.004601713741669311,0.003358414402560482,0.004477943509996827
11209,4198,East Cleveland,OH,Cuyahoga County,East Cleveland,790.0277777777778,74987.38396354982,183200.0,3903599999,49700.0,881.0,995.0,1208.0,1553.0,1667.0,0.010535475916346113,0.0043123786996603596,0.022230406128186875,0.00909934497816594
43078,4200,Verona,NJ,Essex County,Verona,3611.3888888888887,755053.0586368819,494400.0,3401399999,67650.0,1551.0,1768.0,2140.0,2695.0,3065.0,0.004782960412621371,0.007304589176555195,0.004059317375037628,0.006199433656957929
13829,4207,Short Hills,NJ,Essex County,Short Hills,6810.833333333333,2272429.683276326,494400.0,3401399999,67650.0,1551.0,1768.0,2140.0,2695.0,3065.0,0.0029971591127579637,0.013775957389428262,0.0013487766079436914,0.006199433656957929
18451,4209,Hampton Bays,NY,Suffolk County,Hampton Bays,9888.888888888889,928397.8632100387,539500.0,3610399999,82450.0,1848.0,2241.0,2586.0,3352.0,3591.0,0.010651563603019245,0.018329729173102667,0.003867953753775045,0.006656163113994439
27817,4213,Webb City,MO,Jasper County,Webb City,1187.5,224712.3978053788,158500.0,2903599999,40350.0,615.0,628.0,824.0,1016.0,1242.0,0.005284532636372303,0.00749211356466877,0.005527064871052126,0.00783596214511041
7804,4215,Weatherford,OK,Custer County,Weatherford,1031.6666666666663,227939.67218196395,177000.0,4001999999,40800.0,786.0,792.0,1039.0,1292.0,1466.0,0.004526051374870312,0.005828625235404894,0.006431526315566928,0.008282485875706215
50992,4218,Bethlehem,GA,Barrow County,Bethlehem,2187.166666666667,366728.1660666368,255200.0,1300599999,38100.0,629.0,715.0,905.0,1268.0,1300.0,0.005963999684358155,0.008570402298850576,0.0035448599815586074,0.005094043887147335
54345,4220,Scotts Valley,CA,Santa Cruz County,Scotts Valley,4158.333333333333,1258481.6199582082,1015200.0,0608399999,88250.0,2381.0,2688.0,3028.0,4011.0,4468.0,0.003304246377051914,0.0040960730233779875,0.00355031009523077,0.004401103230890465
50762,4221,Arlington,TN,Shelby County,Arlington,2372.0634920634925,415335.8469137044,229700.0,4704199999,37450.0,710.0,714.0,937.0,1129.0,1573.0,0.005711193747638025,0.010326789255827133,0.003787296501587129,0.006848062690465825
43268,4222,Sorrento,FL,Lake County,Sorrento,2324.5,420966.47351198224,287900.0,1200399999,45750.0,901.0,952.0,1129.0,1523.0,1896.0,0.00552181740414498,0.008073984022229941,0.004503921616803132,0.006585620006946857
33430,4228,Pinehurst,NC,Moore County,Pinehurst,2144.333333333333,539484.9717073512,315300.0,3705599999,50100.0,1090.0,1269.0,1411.0,1874.0,1922.0,0.003974778623669516,0.006800930330901785,0.0035626571652539146,0.006095781795115763
57127,4234,Brandywine,MD,Prince Georges County,Brandywine,2107.0,522775.7269473754,404300.0,2403399999,81950.0,2012.0,2056.0,2314.0,2893.0,3413.0,0.004030409009812536,0.005211476626267623,0.006528612221400183,0.008441751174870145
9307,4237,Sweet Home,OR,Linn County,Sweet Home,1575.0,354880.98411957984,344600.0,4103999999,45850.0,1060.0,1140.0,1495.0,2095.0,2510.0,0.004438107620523538,0.004570516540917005,0.007072793731754972,0.007283807312826465
7920,4239,Whitefish Bay,WI,Milwaukee County,Whitefish Bay,1878.5555555555557,625128.6002064426,216500.0,5506199999,53500.0,841.0,918.0,1147.0,1521.0,1554.0,0.003005070564576922,0.008676930972542983,0.0024858885027605627,0.007177829099307159
52003,4242,Federal Heights,CO,Adams County,Federal Heights,1592.7166666666665,408061.2212399873,458400.0,0800199999,70050.0,1639.0,1789.0,2140.0,2794.0,3127.0,0.003903131647322019,0.003474512798138452,0.007663065827470436,0.006821553228621291
4985,4249,Greensboro,GA,Greene County,Greensboro,2675.0,708725.8627666398,342200.0,1312999999,39050.0,669.0,750.0,920.0,1289.0,1478.0,0.0037743789813986088,0.007817066043249561,0.0020854325736475304,0.004319111630625365
37495,4252,Bonham,TX,Fannin County,Bonham,1425.5,231089.74836472824,213500.0,4800599999,39700.0,855.0,900.0,1038.0,1330.0,1434.0,0.0061685990403613136,0.006676814988290398,0.00620538128648062,0.006716627634660422
41289,4257,Troy,AL,Pike County,Troy,965.0,179652.606383639,149000.0,0108199999,47650.0,844.0,1009.0,1168.0,1527.0,1632.0,0.005371477872908181,0.006476510067114094,0.009084198848275805,0.010953020134228188
36859,4259,North Bend,OR,Coos County,North Bend,2095.0,366742.458330509,302800.0,4101199999,41550.0,845.0,898.0,1148.0,1609.0,1928.0,0.005712455573147688,0.0069187582562747684,0.00525709515275835,0.006367239101717305
50689,4260,Allouez,WI,Brown County,Allouez,1350.0,320194.96694418206,245900.0,5500599999,46400.0,679.0,746.0,979.0,1211.0,1494.0,0.004216181200110302,0.005490036600244001,0.004665907194788734,0.006075640504270029
53162,4262,Marina del Rey,CA,Los Angeles County,Marina del Rey,4060.2740169238414,1366826.747250478,783300.0,0603799999,75750.0,1856.0,2081.0,2625.0,3335.0,3698.0,0.00297058425663057,0.005183549108801023,0.0027055367532417204,0.004721051959657858
243607,4264,Fort Hunt,VA,Fairfax County,Fort Hunt,4283.333333333333,990256.2077493306,699700.0,5160099999,81950.0,2012.0,2056.0,2314.0,2893.0,3413.0,0.004325479910970272,0.006121671192415797,0.00344658278664783,0.0048778047734743465
8823,4269,Lyndhurst,OH,Cuyahoga County,Lyndhurst,1914.0,234991.23301380523,183200.0,3903599999,49700.0,881.0,995.0,1208.0,1553.0,1667.0,0.008144984710504313,0.01044759825327511,0.00709388166792617,0.00909934497816594
158219,4272,East Riverdale,MD,Prince Georges County,East Riverdale,1511.0,380986.7728906998,404300.0,2403399999,81950.0,2012.0,2056.0,2314.0,2893.0,3413.0,0.003966016952597687,0.0037373237694781104,0.008958316253617407,0.008441751174870145
8350,4273,Collingswood,NJ,Camden County,Collingswood,1560.7222222222224,444360.4418862445,262200.0,3400799999,59700.0,1372.0,1512.0,1802.0,2171.0,2468.0,0.0035122888428078497,0.005952411221289941,0.005554049747371085,0.009412662090007629
124533,4274,Gladeview,FL,Miami-Dade County,Gladeview,3100.0,404623.6608343812,425400.0,1208699999,61950.0,1711.0,1898.0,2329.0,3008.0,3527.0,0.007661440246987629,0.007287259050305595,0.00871674185520173,0.008291020216267042
27222,4276,Spring Lake,MI,Ottawa County,Spring Lake,1786.25,415273.0455626875,291200.0,2612799999,40950.0,657.0,711.0,933.0,1129.0,1444.0,0.00430138680823761,0.006134100274725275,0.0034772302595354005,0.004958791208791209
35130,4284,Auburn,GA,Barrow County,Auburn,2363.722222222222,368938.9806477432,255200.0,1300599999,38100.0,629.0,715.0,905.0,1268.0,1300.0,0.006406810736215116,0.009262234413096482,0.0035236179102506337,0.005094043887147335
51193,4291,Burlington,WA,Skagit County,Burlington,2196.277777777778,539508.5258517455,486200.0,5303599999,62150.0,1411.0,1568.0,2057.0,2685.0,3090.0,0.004070886135321808,0.004517231134878194,0.005727434974492169,0.0063554092965857675
27508,4293,University Heights,OH,Cuyahoga County,University Heights,1933.1944444444448,279800.85799887654,183200.0,3903599999,49700.0,881.0,995.0,1208.0,1553.0,1667.0,0.0069091798297923985,0.010552371421639983,0.005957808749845554,0.00909934497816594
39768,4297,Miami Springs,FL,Miami-Dade County,Miami Springs,3133.333333333333,723175.8478241903,425400.0,1208699999,61950.0,1711.0,1898.0,2329.0,3008.0,3527.0,0.004332740567540456,0.007365616674502428,0.004877098717568678,0.008291020216267042
25652,4303,Los Osos,CA,San Luis Obispo County,Los Osos,2300.0,868479.360049848,777200.0,0607999999,69500.0,1669.0,1855.0,2434.0,3250.0,3683.0,0.0026483070361833206,0.002959341224909933,0.00424074557141877,0.004738805970149254
162295,4304,Rossville,MD,Baltimore County,Rossville,1774.6592592592594,305641.5529786649,330000.0,2451099999,65150.0,1407.0,1604.0,1965.0,2529.0,2826.0,0.005806341585311662,0.005377755331088665,0.009246124986798724,0.008563636363636364
9859,4307,Edgewater,NJ,Bergen County,Edgewater,3915.607142857143,704997.2909587839,593200.0,3400399999,68550.0,1556.0,1807.0,2072.0,2550.0,3225.0,0.005554074027053333,0.006600821211829304,0.004574485663078303,0.005436614969656102
55461,4311,Cromwell,CT,Middlesex County,Cromwell,3002.3888888888887,370903.8501857422,,,,,,,,,0.008094790300465591,,,
32864,4313,Millbury,MA,Worcester County,Millbury,2285.222222222222,505867.898357706,390700.0,2502701885,62350.0,1139.0,1332.0,1661.0,2165.0,2475.0,0.004517428818158195,0.005849045872081449,0.004892581656268479,0.006334783721525467
23584,4314,Ball Ground,GA,Cherokee County,Ball Ground,2192.6666666666665,478150.07040447387,389800.0,1305799999,57100.0,1591.0,1653.0,1830.0,2205.0,2653.0,0.004585729046974434,0.0056251068924234645,0.005548467236982293,0.006806054386865059
16231,4317,Uniontown,OH,Summit County,Uniontown,1956.2777777777776,318736.4554212308,195700.0,3910999999,46900.0,780.0,845.0,1077.0,1390.0,1537.0,0.006137602851837046,0.009996309544086753,0.004822165691617406,0.007853857945835463
5343,4318,Jericho,NY,Nassau County,Jericho,5900.0,1215122.9738187692,658700.0,3605999999,82450.0,1848.0,2241.0,2586.0,3352.0,3591.0,0.004855475640838276,0.008957036587217247,0.0029552564451271607,0.005451647183846971
3436,4320,Ardmore,PA,Delaware County,Ardmore,2846.730158730159,519182.5027746541,302400.0,4204599999,59700.0,1372.0,1512.0,1802.0,2171.0,2468.0,0.005483101112838839,0.009413790207441002,0.004753627071040201,0.008161375661375661
37327,4321,Beachwood,OH,Cuyahoga County,Beachwood,2260.9053030303025,485613.0492342817,183200.0,3903599999,49700.0,881.0,995.0,1208.0,1553.0,1667.0,0.004655775429831046,0.012341186151912131,0.0034327743099748617,0.00909934497816594
48336,4332,Warrensville Heights,OH,Cuyahoga County,Warrensville Heights,1300.0,135531.24019950695,183200.0,3903599999,49700.0,881.0,995.0,1208.0,1553.0,1667.0,0.009591884484244018,0.007096069868995633,0.012299747257872907,0.00909934497816594
56395,4333,Norwalk,IA,Warren County,Norwalk,1203.5,337119.052894631,252800.0,1903999999,46000.0,646.0,728.0,877.0,1158.0,1163.0,0.0035699554494659862,0.004760680379746835,0.0034498198485491834,0.004600474683544304
9304,4336,Swampscott,MA,Essex County,Swampscott,3036.155555555556,831493.683928708,584000.0,2501700380,82700.0,2263.0,2394.0,2837.0,3418.0,3761.0,0.0036514475265886385,0.005198896499238966,0.004523185290151244,0.0064400684931506845
57006,4344,Lampasas,TX,Lampasas County,Lampasas,1183.3333333333333,288140.24702921446,236000.0,4800799999,39700.0,969.0,976.0,1280.0,1670.0,1914.0,0.004106796414363299,0.00501412429378531,0.006642598594725089,0.008110169491525423
12950,4345,New Market,MD,Frederick County,New Market,2651.75,602791.9689435988,437700.0,2402199999,81950.0,2012.0,2056.0,2314.0,2893.0,3413.0,0.004399113021773047,0.006058373315055974,0.0056619865158146175,0.0077975782499428836
44647,4347,Clifton,CO,Mesa County,Clifton,1430.0,335587.142481138,349400.0,0800199999,70050.0,1639.0,1789.0,2140.0,2794.0,3127.0,0.004261188284591012,0.0040927303949627935,0.009317997039102164,0.008949627933600457
23962,4350,Carrboro,NC,Orange County,Carrboro,1628.8737373737374,448230.7683538678,428500.0,3704199999,38200.0,854.0,860.0,1128.0,1360.0,1696.0,0.0036340069722473386,0.0038013389436960033,0.003783765238224448,0.003957992998833139
13286,4352,Pike Road,AL,Montgomery County,Pike Road,1845.6888888888889,396406.80961245904,160100.0,0109999999,36100.0,578.0,687.0,772.0,1088.0,1199.0,0.004656047383982374,0.011528350336595184,0.003024670542799665,0.007489069331667707
38286,4353,East Greenwich,RI,Kent County,East Greenwich,2933.333333333333,805606.2287126692,333900.0,4400318640,57150.0,1233.0,1319.0,1614.0,1945.0,2359.0,0.0036411502652117,0.008785065388838973,0.0029282295939662734,0.007064989517819706
40041,4355,North Branford,CT,New Haven County,North Branford,1850.0,454537.3039883647,,,,,,,,,0.0040700729813968285,,,
34876,4357,Winnetka,IL,Cook County,Winnetka,2390.555555555555,1715780.8894005,305200.0,1700799999,43300.0,810.0,900.0,1181.0,1561.0,1603.0,0.0013932755460347992,0.007832750837337992,0.0009342684779290751,0.005252293577981651
760887,4359,Berlin,NJ,Camden County,Berlin,2650.0,392373.50012320885,262200.0,3400799999,59700.0,1372.0,1512.0,1802.0,2171.0,2468.0,0.006753769047012288,0.010106788710907704,0.00628992528604767,0.009412662090007629
34346,4360,Tuckahoe,VA,Henrico County,Tuckahoe,1838.8076923076924,455844.4802280532,333600.0,5108799999,56750.0,1488.0,1545.0,1711.0,2166.0,2677.0,0.004033848762165027,0.005512013466150157,0.005872616903599954,0.008024580335731415
11847,4372,Hazel Green,AL,Madison County,Hazel Green,1542.5,255707.7043149724,267800.0,0100399999,46500.0,972.0,1043.0,1244.0,1550.0,1975.0,0.006032278159675623,0.0057598954443614635,0.007723662473490668,0.007374906646751307
50539,4375,Middleton,ID,Canyon County,Middleton,2093.6111111111118,502946.2876357908,350300.0,1602799999,53500.0,1300.0,1534.0,1838.0,2575.0,3080.0,0.004162693238979036,0.005976623211850162,0.0061239143735968594,0.00879246360262632
40409,4376,Portales,NM,Roosevelt County,Portales,934.1666666666666,133670.4508395209,136000.0,3504199999,36050.0,678.0,711.0,933.0,1307.0,1567.0,0.006988580204522447,0.006868872549019607,0.011722860139682436,0.011522058823529411
46130,4377,Lakeland,TN,Shelby County,Lakeland,1936.388888888889,456523.86491709226,229700.0,4704199999,37450.0,710.0,714.0,937.0,1129.0,1573.0,0.004241594005694642,0.008430077879359552,0.003445603003220143,0.006848062690465825
29482,4377,Thompsons Station,TN,Williamson County,Thompsons Station,2508.772222222222,738146.7532042955,673700.0,4718799999,57400.0,1589.0,1650.0,1827.0,2308.0,2840.0,0.0033987445061996685,0.003723871489123084,0.0038474734023709488,0.00421552619860472
12711,4379,Middletown,MD,Frederick County,Middletown,2074.5,579324.0275336494,437700.0,2402199999,81950.0,2012.0,2056.0,2314.0,2893.0,3413.0,0.003580897565791892,0.004739547635366689,0.005891348947721247,0.0077975782499428836
11949,4387,Holly Hill,FL,Volusia County,Holly Hill,1802.6666666666667,208962.491516271,278000.0,1202399999,38300.0,815.0,820.0,1076.0,1305.0,1427.0,0.008626747573625198,0.006484412470023981,0.006828976768248792,0.005133093525179856
17597,4388,Coto de Caza,CA,Orange County,Coto de Caza,5568.75,2003565.1872143047,915500.0,0600399999,57700.0,1003.0,1101.0,1445.0,2025.0,2396.0,0.00277942042292251,0.006082741671217914,0.0011958682528973887,0.002617149098853086
22177,4397,Moody,AL,Saint Clair County,Moody,1925.5,257590.04433452152,218500.0,0111599999,47950.0,998.0,1144.0,1267.0,1583.0,1791.0,0.007475055974987267,0.008812356979405035,0.006952908465958034,0.00819679633867277
25185,4399,Hopkins,SC,Richland County,Hopkins,1630.8333333333333,187187.2338106463,224200.0,4502799999,35600.0,707.0,711.0,933.0,1244.0,1453.0,0.00871231066421464,0.0072740112994350275,0.0077622814890774905,0.0064808206958073145
6041,4402,Morehead City,NC,Carteret County,Morehead City,1862.5,407232.5114977169,304200.0,3703199999,48350.0,923.0,929.0,1219.0,1584.0,2002.0,0.0045735542900298175,0.006122616699539777,0.004916110436853527,0.006581196581196581
44208,4402,Blue Ash,OH,Hamilton County,Blue Ash,2015.611111111111,444400.66583226825,225700.0,3902199999,46800.0,661.0,720.0,905.0,1194.0,1262.0,0.004535571762333656,0.008930487864914094,0.00283977972363417,0.005591493132476739
31697,4409,Gardendale,AL,Jefferson County,Gardendale,1918.3333333333333,265478.91201246093,224900.0,0107399999,47950.0,998.0,1144.0,1267.0,1583.0,1791.0,0.007225934891744966,0.0085297169112198,0.006746298553144345,0.007963539350822588
44572,4411,Chicago Ridge,IL,Cook County,Chicago Ridge,1507.5,224622.6380161358,305200.0,1700799999,43300.0,810.0,900.0,1181.0,1561.0,1603.0,0.0067112558792569625,0.004939384010484928,0.007136413382719012,0.005252293577981651
17358,4412,Centerton,AR,Benton County,Centerton,1692.0555555555557,350355.9223602624,285100.0,0500799999,50900.0,853.0,925.0,1111.0,1557.0,1798.0,0.004829533190581138,0.005934954596827624,0.005131924095609152,0.006306559102069449
17907,4414,Eatontown,NJ,Monmouth County,Eatontown,2259.1666666666665,609043.6874755971,566500.0,3402599999,68400.0,1474.0,1654.0,2040.0,2717.0,3023.0,0.003709367181902178,0.0039879376287143276,0.004963519140194888,0.005336275375110326
32352,4416,La Grange Park,IL,Cook County,La Grange Park,1660.4444444444443,475071.84646067146,305200.0,1700799999,43300.0,810.0,900.0,1181.0,1561.0,1603.0,0.003495143854166284,0.005440512596475899,0.0033742264710958903,0.005252293577981651
4914,4417,Glenn Heights,TX,Dallas County,Glenn Heights,2221.444444444445,334814.3849699516,277900.0,4805999999,43650.0,944.0,950.0,1207.0,1571.0,1899.0,0.006634853650758798,0.007993682779576988,0.005671799317016886,0.006833393306944944
37133,4419,Ammon,ID,Bonneville County,Ammon,1464.9444444444446,412929.5249417425,327000.0,1601599999,53500.0,1300.0,1534.0,1838.0,2575.0,3080.0,0.0035476863628269837,0.004479952429493715,0.007458899918659333,0.009418960244648318
28021,4420,Woodruff,SC,Spartanburg County,Woodruff,1543.3333333333337,284649.3740609284,216000.0,4507599999,34000.0,787.0,792.0,949.0,1143.0,1258.0,0.005421875029322873,0.007145061728395063,0.004419472216126246,0.005824074074074074
245091,4425,Lincolnia,VA,Fairfax County,Lincolnia,2429.505291005291,709094.218289696,699700.0,5160099999,81950.0,2012.0,2056.0,2314.0,2893.0,3413.0,0.0034262094208935318,0.0034722099342651006,0.004813182665953764,0.0048778047734743465
13717,4428,Santa Rosa Beach,FL,Walton County,Santa Rosa Beach,1915.5370370370367,861478.2322543142,376400.0,1201399999,38100.0,811.0,843.0,933.0,1242.0,1247.0,0.0022235466496053694,0.005089099460778524,0.0014475119083820066,0.0033129649309245482
16033,4439,Seabrook,TX,Chambers County,Seabrook,2013.25,347657.37179170555,289900.0,4800999999,44450.0,823.0,896.0,1102.0,1506.0,1709.0,0.005790902662654347,0.006944636081407382,0.00491575941908669,0.005895136253880649
42485,4440,Forest Hill,TX,Tarrant County,Forest Hill,1855.0,224621.1275008634,294100.0,4800799999,39700.0,969.0,976.0,1280.0,1670.0,1914.0,0.008258350497296252,0.006307378442706562,0.00852101501446093,0.006507990479428766
10424,4445,Black Mountain,NC,Buncombe County,Black Mountain,1798.8888888888887,485627.5538020229,360000.0,3702199999,46550.0,1286.0,1347.0,1512.0,1944.0,2566.0,0.003704256224353873,0.004996913580246913,0.0052838846970493115,0.007127777777777778
5610,4447,Leon Valley,TX,Bexar County,Leon Valley,1284.3863636363635,265513.560049762,244100.0,4801999999,48300.0,1116.0,1231.0,1501.0,1907.0,2243.0,0.00483736636048135,0.005261722096011321,0.008447779463992805,0.009188857025809094
53655,4449,Oak Park,CA,Ventura County,Oak Park,3246.714285714286,1141255.0616744764,768400.0,0611199999,74850.0,1871.0,2147.0,2569.0,3505.0,4080.0,0.0028448629887788887,0.004225291886666171,0.003575011526357419,0.005309734513274336
32539,4450,Live Oak,TX,Bexar County,Live Oak,1416.7539682539682,252110.0941250908,244100.0,4801999999,48300.0,1116.0,1231.0,1501.0,1907.0,2243.0,0.005619584464361073,0.005803990037910562,0.008896906757279931,0.009188857025809094
7113,4458,Snoqualmie,WA,King County,Snoqualmie,3426.366666666667,1124414.1393443227,811200.0,5302199999,52800.0,1101.0,1236.0,1503.0,2003.0,2318.0,0.003047246158488079,0.004223824786324787,0.00206151801092762,0.0028574950690335305
26095,4465,New Fairfield,CT,Fairfield County,New Fairfield,2500.0,573908.6693364597,,,,,,,,,0.004356093806511833,,,
43491,4465,Little Falls,NJ,Passaic County,Little Falls,3231.25,607830.6639181967,439400.0,3400199999,50100.0,1240.0,1414.0,1719.0,2409.0,2654.0,0.005316036507883172,0.007353777878925808,0.004366347664811431,0.006040054619936276
11572,4468,Garden City,ID,Ada County,Garden City,1843.0317460317465,477671.0389238922,476000.0,1600199999,53500.0,1300.0,1534.0,1838.0,2575.0,3080.0,0.0038583702922073086,0.0038719154328398036,0.006447952144929472,0.006470588235294118
35727,4470,Justice,IL,Cook County,Justice,1332.5,293545.2421432787,305200.0,1700799999,43300.0,810.0,900.0,1181.0,1561.0,1603.0,0.004539334346797589,0.004365989515072084,0.005460827735772259,0.005252293577981651
50898,4471,Bay Village,OH,Cuyahoga County,Bay Village,2675.0,413883.55514085497,183200.0,3903599999,49700.0,881.0,995.0,1208.0,1553.0,1667.0,0.006463170538606277,0.014601528384279475,0.004027702911348285,0.00909934497816594
49592,4473,New Hope,PA,Bucks County,New Hope,2741.6666666666665,918413.7715432744,421700.0,4201199999,49900.0,928.0,1075.0,1353.0,1689.0,1794.0,0.0029852194638367124,0.006501462334993281,0.0019533679215038525,0.004254209153426607
4908,4477,Glendale,WI,Milwaukee County,Glendale,1745.711111111111,351355.115210806,216500.0,5506199999,53500.0,841.0,918.0,1147.0,1521.0,1554.0,0.004968509167893342,0.008063330767256864,0.00442287569676517,0.007177829099307159
47757,4478,South Daytona,FL,Volusia County,South Daytona,1509.138888888889,243236.5010090576,278000.0,1202399999,38300.0,815.0,820.0,1076.0,1305.0,1427.0,0.0062044096286054205,0.005428557154276579,0.005866718169683182,0.005133093525179856
47909,4479,Sunbury,OH,Delaware County,Sunbury,1606.1,485557.8053811858,419500.0,3903799999,43950.0,664.0,747.0,884.0,1184.0,1224.0,0.0033077421106208677,0.0038286054827175206,0.0025208121184234745,0.0029177592371871274
9827,4482,California,MD,Saint Marys County,California,2538.333333333333,395256.674724086,390900.0,2403799999,64400.0,1493.0,1624.0,1831.0,2285.0,2818.0,0.006421987269677986,0.006493561865779824,0.007129544370040407,0.007209004860578153
12211,4486,Kingston,PA,Luzerne County,Kingston,1533.8333333333333,223481.25659371013,163800.0,4204999999,42200.0,781.0,861.0,1118.0,1392.0,1512.0,0.0068633645465930445,0.009364061864061864,0.006765668061142247,0.009230769230769232
45461,4488,Glenpool,OK,Tulsa County,Glenpool,1675.0,241185.9117472683,213500.0,4014199999,37100.0,678.0,822.0,910.0,1275.0,1312.0,0.006944850086248751,0.00784543325526932,0.005439787052631858,0.00614519906323185
57024,4488,Rogers,MN,Hennepin County,Rogers,2029.0277777777776,460261.7092814529,376500.0,2705399999,66200.0,1220.0,1381.0,1685.0,2244.0,2513.0,0.004408421854047856,0.005389184004721853,0.005459937138640584,0.006674634794156706
8000,4491,Woodland Park,CO,Teller County,Woodland Park,2185.777777777778,551447.6185778189,445000.0,0802799999,51000.0,789.0,794.0,1042.0,1331.0,1667.0,0.003963708798697671,0.004911860174781523,0.0030229525776159596,0.003746067415730337
20448,4492,Sharonville,OH,Hamilton County,Sharonville,2113.75,282785.59286561265,225700.0,3902199999,46800.0,661.0,720.0,905.0,1194.0,1262.0,0.007474744305677946,0.009365307930881701,0.004462745033123864,0.005591493132476739
29973,4501,Paradise Valley,AZ,Maricopa County,Paradise Valley,2139.1666666666665,3170302.4890910126,414700.0,0401399999,56100.0,1530.0,1679.0,1950.0,2624.0,2934.0,0.0006747515967411701,0.00515834739972671,0.0009254637404777217,0.007074993971545695
26540,4502,Platte City,MO,Platte County,Platte City,1633.3777777777775,396189.3840713927,317600.0,2901399999,41250.0,675.0,679.0,891.0,1174.0,1496.0,0.004122719697818671,0.005142877134061012,0.0037759719471191664,0.004710327455919395
54411,4505,Shorewood,WI,Milwaukee County,Shorewood,1320.625,534171.8650192489,216500.0,5506199999,53500.0,841.0,918.0,1147.0,1521.0,1554.0,0.0024722848328082784,0.006099884526558892,0.002909176056930669,0.007177829099307159
12265,4508,Lake Forest Park,WA,King County,Lake Forest Park,2249.694444444445,1033185.2995354471,811200.0,5302199999,52800.0,1101.0,1236.0,1503.0,2003.0,2318.0,0.0021774355921014158,0.002773291968003507,0.0022435472136917226,0.0028574950690335305
46674,4514,Narragansett,RI,Washington County,Narragansett,2687.5,835747.6646693856,469800.0,4400914500,57150.0,1233.0,1319.0,1614.0,1945.0,2359.0,0.0032156835293858117,0.005720519369944658,0.0028226223054218158,0.005021285653469562
52592,4519,Hueytown,AL,Jefferson County,Hueytown,1284.2222222222224,165070.54711878856,224900.0,0107399999,47950.0,998.0,1144.0,1267.0,1583.0,1791.0,0.007779838648611655,0.005710192184180624,0.010849906487019488,0.007963539350822588
22458,4520,Liberty Lake,WA,Spokane County,Liberty Lake,1879.3666666666668,576101.3149394725,370500.0,5304599999,50100.0,955.0,961.0,1261.0,1767.0,1917.0,0.0032622155477359405,0.005072514619883041,0.003327539705757151,0.005174089068825911
12137,4521,Johnstown,OH,Licking County,Johnstown,2174.0,435716.0392329394,250700.0,3907399999,42600.0,703.0,707.0,928.0,1261.0,1265.0,0.004989488116680854,0.008671719186278421,0.0029032670044164123,0.005045871559633028
50933,4523,Bedford,OH,Cuyahoga County,Bedford,1292.0833333333333,155956.72052316103,183200.0,3903599999,49700.0,881.0,995.0,1208.0,1553.0,1667.0,0.008284883966519717,0.007052856622998544,0.01068886287431541,0.00909934497816594
49233,4529,Fairview,TN,Williamson County,Fairview,2472.5,534023.091281821,673700.0,4718799999,57400.0,1589.0,1650.0,1827.0,2308.0,2840.0,0.004629949603986661,0.003670031171144426,0.005318122093153537,0.00421552619860472
47415,4530,Rochester,MI,Oakland County,Rochester,1466.6666666666667,482928.64357093576,320400.0,2600599999,50350.0,846.0,851.0,1111.0,1416.0,1496.0,0.0030370256272679195,0.004577611319184353,0.0030977661398132778,0.00466916354556804
49455,4532,Mounds View,MN,Ramsey County,Mounds View,2100.0,343329.9646430187,304900.0,2710199999,50450.0,640.0,782.0,933.0,1307.0,1567.0,0.0061165648683868855,0.006887504099704822,0.004564122451791548,0.005139389963922597
56340,4535,North Adams,MA,Berkshire County,North Adams,1500.0,258152.33838837477,283800.0,2500300555,61400.0,1077.0,1234.0,1571.0,2016.0,2166.0,0.005810522613757384,0.005285412262156448,0.008390394654265661,0.0076321353065539116
34702,4537,Webster,TX,Harris County,Webster,1433.4419191919194,272956.3889986937,255000.0,4800999999,44450.0,823.0,896.0,1102.0,1506.0,1709.0,0.0052515419201225565,0.005621340859576155,0.0062610734493860065,0.006701960784313726
27341,4539,Swansea,IL,Saint Clair County,Swansea,1464.4444444444443,268864.18465880136,168800.0,1716399999,55700.0,951.0,984.0,1215.0,1570.0,1806.0,0.00544678141606283,0.008675618746708793,0.006717146064998881,0.010699052132701422
12070,4540,Isanti,MN,Isanti County,Isanti,1465.0,335933.76726590464,283200.0,2700199999,47600.0,707.0,711.0,933.0,1307.0,1327.0,0.004360978689112832,0.005173022598870056,0.0039501834269301895,0.004685734463276837
46028,4549,Keystone Heights,FL,Clay County,Keystone Heights,1549.5,278174.04649894766,281500.0,1200599999,47050.0,1367.0,1375.0,1609.0,2137.0,2702.0,0.005570253657743236,0.0055044404973357015,0.009713343261195367,0.009598579040852576
56812,4552,Soldotna,AK,Kenai Peninsula Borough,Soldotna,1850.0,353338.12076137075,,0212299999,55800.0,943.0,949.0,1245.0,1745.0,2091.0,0.0052357781153463765,,0.005917844345507715,
32847,4553,Midland,GA,Muscogee County,Midland,2550.0,383026.5611401966,182300.0,1306999999,38100.0,722.0,727.0,905.0,1129.0,1322.0,0.006657501747161188,0.013987931980252331,0.0034514577685282703,0.007251782775644542
7729,4554,Waddell,AZ,Maricopa County,Waddell,2404.583333333333,520008.1712849933,414700.0,0401399999,56100.0,1530.0,1679.0,1950.0,2624.0,2934.0,0.0046241260543874955,0.005798368298368298,0.005642219030423669,0.007074993971545695
5665,4560,Livingston,MT,Park County,Livingston,1591.6666666666667,528948.8575156351,429700.0,3004799999,43650.0,1055.0,1077.0,1400.0,1766.0,1856.0,0.0030091125900950054,0.003704134667597549,0.0035088458432772753,0.004319292529671864
7653,4565,Vadnais Heights,MN,Ramsey County,Vadnais Heights,1595.0,372237.67804603634,304900.0,2710199999,50450.0,640.0,782.0,933.0,1307.0,1567.0,0.004284896704633804,0.005231223351918662,0.004209675947436471,0.005139389963922597
7205,4583,Spring Branch,TX,Comal County,Spring Branch,2122.5,642307.5627094309,398800.0,4805799999,45800.0,732.0,843.0,933.0,1307.0,1378.0,0.003304491684710527,0.005322216649949849,0.0021453896544316167,0.0034553660982948845
25571,4594,Lewisville,NC,Forsyth County,Lewisville,2325.0,392232.2347397172,227800.0,3701399999,39100.0,759.0,763.0,930.0,1245.0,1562.0,0.005927610721599297,0.010206321334503951,0.003982334600919614,0.0068568920105355575
25688,4595,Lynnfield,MA,Essex County,Lynnfield,3671.1666666666665,1089077.515399401,584000.0,2501700380,82700.0,2263.0,2394.0,2837.0,3418.0,3761.0,0.0033708956568810687,0.0062862442922374424,0.003453381368010996,0.0064400684931506845
397261,4599,Big Rapids,MI,Mecosta County,Big Rapids,1225.0,211316.5748038058,169900.0,2604199999,40950.0,640.0,711.0,933.0,1231.0,1567.0,0.0057969896641441206,0.0072101236021188935,0.007415414533643948,0.00922307239552678
15079,4604,Alcoa,TN,Blount County,Alcoa,1828.8888888888887,310146.19408281817,275700.0,4700599999,37800.0,681.0,685.0,899.0,1216.0,1480.0,0.005896860654045368,0.006633619473662999,0.004771943129519095,0.005368153790351831
47583,4616,Sausalito,CA,Marin County,Sausalito,3977.196428571429,1489027.1888590811,1390000.0,0600399999,57700.0,1003.0,1101.0,1445.0,2025.0,2396.0,0.0026710032283687357,0.002861292394655704,0.0016091042648024832,0.0017237410071942445
11745,4617,Grover Beach,CA,San Luis Obispo County,Grover Beach,2580.555555555555,771081.829384502,777200.0,0607999999,69500.0,1669.0,1855.0,2434.0,3250.0,3683.0,0.00334666887120842,0.0033203236690112652,0.004776406160342111,0.004738805970149254
36743,4623,Lumberton Township,NJ,Burlington County,Lumberton Township,2126.6666666666665,492312.26503154216,326700.0,3400599999,59700.0,1372.0,1512.0,1802.0,2171.0,2468.0,0.004319751543322635,0.006509539842873176,0.005013078436796363,0.007554331190694827
44278,4629,Boyds,MD,Montgomery County,Boyds,3108.333333333333,850566.6775037561,615200.0,2403199999,81950.0,2012.0,2056.0,2314.0,2893.0,3413.0,0.003654426414229714,0.005052557433896835,0.004012618987163329,0.00554778933680104
399223,4636,York,ME,York County,York,2655.625,755937.1660286057,357200.0,2303100275,53450.0,1162.0,1312.0,1616.0,2134.0,2351.0,0.003513023461925548,0.007434560470324748,0.0031100468473474092,0.006581746920492721
54299,4646,San Marino,CA,Los Angeles County,San Marino,6562.5,2702088.528378536,783300.0,0603799999,75750.0,1856.0,2081.0,2625.0,3335.0,3698.0,0.0024286769034684488,0.008378016085790885,0.0013685710002325825,0.004721051959657858
7832,4649,West Carrollton,OH,Montgomery County,West Carrollton,1125.0,172893.36111083397,167400.0,3911199999,42600.0,664.0,674.0,884.0,1168.0,1172.0,0.006506901090775917,0.006720430107526882,0.006778744958568333,0.007001194743130227
46671,4650,Nanticoke,PA,Luzerne County,Nanticoke,1010.0,161391.34874578466,163800.0,4204999999,42200.0,781.0,861.0,1118.0,1392.0,1512.0,0.006258080174984471,0.006166056166056166,0.009368531905521308,0.009230769230769232
3301,4654,Aberdeen,NC,Moore County,Aberdeen,1735.6613756613758,350195.89705185377,315300.0,3705599999,50100.0,1090.0,1269.0,1411.0,1874.0,1922.0,0.00495625845497663,0.005504793452779498,0.005488356706005062,0.006095781795115763
36497,4655,Somerville,NJ,Somerset County,Somerville,2304.011111111111,541718.6561875333,523900.0,3402199999,63450.0,1391.0,1605.0,2028.0,2443.0,2747.0,0.004253150754168421,0.004397807045449725,0.005070897907287575,0.005243367054781447
7182,4660,Southern Pines,NC,Moore County,Southern Pines,2004.940476190476,464983.2949527979,315300.0,3705599999,50100.0,1090.0,1269.0,1411.0,1874.0,1922.0,0.004311854851460856,0.0063588343678733774,0.004133481827976442,0.006095781795115763
23220,4665,Ellenton,FL,Manatee County,Ellenton,2486.25,398943.99269362056,359800.0,1208199999,53800.0,1266.0,1580.0,1846.0,2425.0,2903.0,0.006232077799224766,0.006910088938299055,0.007276710649029461,0.008068371317398555
23853,4673,Brown Deer,WI,Milwaukee County,Brown Deer,1503.111111111111,285142.5210777158,216500.0,5506199999,53500.0,841.0,918.0,1147.0,1521.0,1554.0,0.005271437965232261,0.006942776494739543,0.005449906222777823,0.007177829099307159
398052,4674,Kingston,MA,Plymouth County,Kingston,2935.444444444445,680698.4886377604,513000.0,2502300170,65700.0,1607.0,1652.0,2155.0,2730.0,2953.0,0.00431240041434346,0.00572211392679229,0.004338190916083354,0.005756335282651072
42304,4680,Leeds,AL,Jefferson County,Leeds,1824.0,245865.1722364945,224900.0,0107399999,47950.0,998.0,1144.0,1267.0,1583.0,1791.0,0.007418700190059933,0.008110271231658514,0.00728448028530556,0.007963539350822588
397684,4681,Haddon Township,NJ,Camden County,Haddon Township,2953.0,459918.9900666008,262200.0,3400799999,59700.0,1372.0,1512.0,1802.0,2171.0,2468.0,0.006420695956851828,0.01126239511823036,0.005366162418391572,0.009412662090007629
14971,4693,Derby,CT,New Haven County,Derby,1650.0,342038.27903588297,,,,,,,,,0.004824021465231673,,,
20195,4695,River Ridge,LA,Jefferson Parish,River Ridge,2209.444444444445,348853.64268481726,,2205399999,40300.0,657.0,690.0,903.0,1265.0,1516.0,0.006333442378414941,,0.004345661946748475,
49334,4698,Forest Acres,SC,Richland County,Forest Acres,1347.75,324127.47327325883,224200.0,4502799999,35600.0,707.0,711.0,933.0,1244.0,1453.0,0.004158086281269241,0.0060113737734165925,0.004482804204551443,0.0064808206958073145
46304,4702,Longs,SC,Horry County,Longs,1780.4444444444443,291339.9234289549,260500.0,4505199999,43400.0,1133.0,1199.0,1406.0,1771.0,2065.0,0.006111227131143999,0.006834719556408616,0.007087940353988469,0.007927063339731286
395524,4703,North Smithfield,RI,Providence County,North Smithfield,2439.722222222222,515586.7744636821,339100.0,4400711800,57150.0,1233.0,1319.0,1614.0,1945.0,2359.0,0.00473193329049226,0.007194698384612864,0.004575369495181199,0.006956649955765261
10008,4707,Bound Brook,NJ,Somerset County,Bound Brook,2286.972222222222,507008.16147208,523900.0,3402199999,63450.0,1391.0,1605.0,2028.0,2443.0,2747.0,0.004510720726037388,0.004365283875209434,0.005418058738983973,0.005243367054781447
32018,4710,Hewitt,TX,McLennan County,Hewitt,1804.1666666666667,298833.3234970986,219200.0,4807799999,44450.0,823.0,896.0,1102.0,1506.0,1709.0,0.006037367739157724,0.008230687347931873,0.005718907048251575,0.007796532846715328
54616,4712,Sumner,WA,Pierce County,Sumner,2108.777777777778,600258.2940950788,484400.0,5305399999,60400.0,1479.0,1673.0,2057.0,2882.0,3292.0,0.0035131172672205587,0.004353381044132489,0.005484305727025171,0.006796036333608588
45444,4716,Gladstone,OR,Clackamas County,Gladstone,1770.5555555555554,524532.6168183218,577900.0,4100599999,62050.0,1628.0,1750.0,1997.0,2739.0,3217.0,0.0033754918164961493,0.003063774970679279,0.006133079043803766,0.005566707042740959
5900,4719,Melvindale,MI,Wayne County,Melvindale,1030.8333333333333,144101.37177629632,170200.0,2601799999,41850.0,764.0,769.0,976.0,1305.0,1406.0,0.007153528940262998,0.006056600078339208,0.009757020232830826,0.00826086956521739
9080,4720,North Saint Paul,MN,Ramsey County,North Saint Paul,1278.211111111111,330120.32339230104,304900.0,2710199999,50450.0,640.0,782.0,933.0,1307.0,1567.0,0.003871955225222953,0.004192230603840968,0.004746754104374978,0.005139389963922597
4582,4727,Emeryville,CA,Alameda County,Emeryville,2971.532961190856,469447.36506464594,1057400.0,0600199999,79900.0,1937.0,2201.0,2682.0,3432.0,4077.0,0.006329853317595374,0.002810225989399334,0.008684679696601494,0.0038556837526007187
41013,4728,Splendora,TX,Montgomery County,Splendora,1804.3333333333333,249408.0410771659,317500.0,4833799999,42750.0,830.0,835.0,1096.0,1433.0,1639.0,0.0072344633538702924,0.005682939632545931,0.006571560375204181,0.005162204724409449
6145,4740,New Carrollton,MD,Prince Georges County,New Carrollton,1687.8333333333333,419002.5476058969,404300.0,2403399999,81950.0,2012.0,2056.0,2314.0,2893.0,3413.0,0.004028217353276969,0.0041747052518756695,0.008145535199013112,0.008441751174870145
55232,4743,Windsor Locks,CT,Hartford County,Windsor Locks,1819.1666666666663,316486.39987901744,,,,,,,,,0.00574800897404146,,,
34744,4747,West Henrietta,NY,Monroe County,West Henrietta,1796.2222222222224,353853.37611897755,197100.0,3600799999,47250.0,869.0,939.0,1188.0,1533.0,1752.0,0.005076176584558773,0.009113253283725127,0.004951203289949445,0.008888888888888889
831323,4752,Haverstraw,NY,Rockland County,Haverstraw,3086.027777777778,452024.6640181256,564200.0,3602399999,46100.0,896.0,901.0,1118.0,1387.0,1877.0,0.006827122551998694,0.005469740832644059,0.004152428284144988,0.003326834455866714
39739,4754,Melissa,TX,Collin County,Melissa,2288.5778280542986,451166.88727336907,447600.0,4805999999,43650.0,944.0,950.0,1207.0,1571.0,1899.0,0.0050725748999119556,0.005112997828539541,0.004209085492680154,0.004242627345844504
42588,4755,Moseley,VA,Chesterfield County,Moseley,2696.875,612116.8425290111,336700.0,5104199999,56750.0,1488.0,1545.0,1711.0,2166.0,2677.0,0.00440581734176377,0.008009726759726759,0.004373348050577655,0.00795069795069795
29907,4760,Newberry,FL,Alachua County,Newberry,2120.860317460317,337245.9832168993,266800.0,1200199999,52000.0,1176.0,1308.0,1583.0,2016.0,2099.0,0.006288763760000928,0.007949251564693843,0.0062239436626589295,0.007867316341829085
5368,4766,Justin,TX,Denton County,Justin,2232.2630952380955,374534.98587968,403400.0,4800199999,39700.0,846.0,851.0,1033.0,1245.0,1563.0,0.005960092326208515,0.005533621951507426,0.004173174894006074,0.0038745661874070403
16005,4773,Superior,CO,Boulder County,Superior,2451.133928571429,828156.4448274988,713900.0,0801399999,75300.0,1466.0,1702.0,2059.0,2704.0,3092.0,0.0029597474533715534,0.003433441558441559,0.0037335940803359317,0.004331138814960079
45510,4775,Grand Terrace,CA,San Bernardino County,Grand Terrace,2216.7333333333336,592101.9904914798,475000.0,0606999999,66800.0,1799.0,1999.0,2623.0,3655.0,4046.0,0.003743836989119583,0.00466680701754386,0.006833282213156521,0.008517894736842105
26089,4786,New Brighton,PA,Beaver County,New Brighton,1075.0,153408.97598632253,185500.0,4200799999,53650.0,998.0,1068.0,1280.0,1632.0,1759.0,0.00700741265684378,0.005795148247978436,0.011466082663616938,0.009482479784366577
34624,4794,Walden,NY,Orange County,Walden,1818.75,412376.256965436,361100.0,3602399999,46100.0,896.0,901.0,1118.0,1387.0,1877.0,0.004410413958804717,0.00503669343672113,0.004551668453980182,0.005198006092495154
27373,4798,Tarrytown,NY,Westchester County,Tarrytown,3117.6444444444446,813911.7680840078,638400.0,3611999999,85000.0,2406.0,2511.0,2780.0,3465.0,3738.0,0.0038304452235449894,0.004883528265107213,0.004592635401745639,0.005855263157894737
19736,4801,Ocklawaha,FL,Marion County,Ocklawaha,1625.0,246869.03128998468,220800.0,1204799999,35600.0,806.0,811.0,933.0,1242.0,1247.0,0.006582437624957478,0.007359601449275362,0.005051261365121215,0.005647644927536232
47330,4803,Rehoboth Beach,DE,Sussex County,Rehoboth Beach,1900.0,818576.1886411143,353300.0,1000599999,48750.0,1031.0,1066.0,1398.0,1763.0,2197.0,0.0023211034310124685,0.00537786583639966,0.0026839285462812597,0.006218511180300029
5490,4805,Lake Elmo,MN,Washington County,Lake Elmo,3725.0,620726.5966314845,400900.0,2711399999,53100.0,741.0,823.0,1080.0,1371.0,1559.0,0.006001031726712805,0.009291593913694189,0.0025115727414618157,0.0038887503117984537
8015,4808,Wrentham,MA,Norfolk County,Wrentham,3070.75,757434.0846706736,649400.0,2502102935,65700.0,1607.0,1652.0,2155.0,2730.0,2953.0,0.004054148159090488,0.004728595626732369,0.0038986890869638397,0.004547274407145057
6462,4819,Pennington,NJ,Mercer County,Pennington,2968.333333333333,685934.2807924219,351000.0,3400399999,68550.0,1556.0,1807.0,2072.0,2550.0,3225.0,0.004327431091363712,0.008456790123456789,0.0047016165984215515,0.009188034188034188
21876,4821,Elgin,TX,Travis County,Elgin,1885.3333333333333,287392.48017099453,487600.0,4804199999,44250.0,1034.0,1089.0,1206.0,1690.0,1863.0,0.006560134531744136,0.0038665572873940388,0.006482424310098653,0.003820754716981132
27810,4822,Waynesville,MO,Pulaski County,Waynesville,1302.571428571429,245205.0626472946,189700.0,2904599999,38550.0,615.0,628.0,824.0,1078.0,1242.0,0.005312171838984665,0.006866480909707058,0.005065148274636177,0.006547179757511861
43111,4823,Vineyard,UT,Utah County,Vineyard,2121.4333333333334,522268.1850604134,489200.0,4900599999,51700.0,914.0,920.0,1169.0,1638.0,1963.0,0.0040619616396659055,0.004336535840828564,0.003758605360525512,0.0040126737530662305
3612,4824,Bellefontaine Neighbors,MO,Saint Louis County,Bellefontaine Neighbors,1321.6666666666667,104233.10225818351,260700.0,2918999999,55700.0,951.0,984.0,1215.0,1570.0,1806.0,0.012679912983813168,0.005069684183608234,0.01732654944421179,0.006927502876869966
6376,4832,Pagosa Springs,CO,Archuleta County,Pagosa Springs,2093.333333333333,575880.4880094175,451400.0,0800799999,51000.0,1066.0,1110.0,1284.0,1799.0,2156.0,0.0036350134740093854,0.004637424309555456,0.00374383234870903,0.004776251661497563
30888,4835,Chubbuck,ID,Bannock County,Chubbuck,1199.5555555555554,382499.2660756392,267200.0,1600599999,46350.0,781.0,868.0,1139.0,1596.0,1908.0,0.003136098973111084,0.004489354624085162,0.0049882448653449,0.0071407185628742514
27152,4853,Somersworth,NH,Strafford County,Somersworth,1848.3333333333333,439061.5692117703,332400.0,3301703460,70250.0,1475.0,1517.0,1961.0,2429.0,2749.0,0.0042097360892951125,0.005560569594865623,0.00626108088880375,0.008270156438026473
37363,4858,Bellmawr,NJ,Camden County,Bellmawr,1626.25,319369.88220261404,262200.0,3400799999,59700.0,1372.0,1512.0,1802.0,2171.0,2468.0,0.0050920581138840055,0.006202326468344775,0.007727716787127272,0.009412662090007629
20629,4859,Star,ID,Ada County,Star,2399.212121212121,585931.4949859238,476000.0,1600199999,53500.0,1300.0,1534.0,1838.0,2575.0,3080.0,0.004094697318275678,0.005040361599185128,0.005256587205768813,0.006470588235294118
24990,4862,Gulfport,FL,Pinellas County,Gulfport,1996.75,364685.3632595812,319000.0,1210399999,52150.0,1566.0,1686.0,1978.0,2533.0,3082.0,0.005475267727097464,0.006259404388714734,0.008451120638494744,0.009661442006269592
12516,4864,Maiden,NC,Catawba County,Maiden,1600.0,295664.4232151912,218100.0,3702599999,56100.0,1586.0,1647.0,1824.0,2250.0,2852.0,0.00541154049784165,0.007336084364970197,0.009646070937402742,0.013076570380559377
8963,4867,Mauldin,SC,Greenville County,Mauldin,1301.1796536796537,295204.9219624269,273900.0,4500199999,36200.0,705.0,711.0,933.0,1232.0,1269.0,0.004407716663495418,0.00475056463555916,0.004298708814081073,0.004633077765607886
33311,4868,Palos Verdes Estates,CA,Los Angeles County,Palos Verdes Estates,10666.666666666666,2726462.3556991145,783300.0,0603799999,75750.0,1856.0,2081.0,2625.0,3335.0,3698.0,0.003912273589389625,0.013617600748968041,0.0013563363500215155,0.004721051959657858
20204,4880,Robinson,TX,McLennan County,Robinson,2160.333333333333,302964.7054604772,219200.0,4807799999,44450.0,823.0,896.0,1102.0,1506.0,1709.0,0.0071306435845384505,0.009855535279805351,0.005640921101362234,0.007796532846715328
26451,4888,Pendleton,SC,Anderson County,Pendleton,1450.0,286540.9658959328,212500.0,4500799999,43550.0,787.0,792.0,947.0,1204.0,1581.0,0.005060358456830977,0.006823529411764706,0.005517535669137775,0.00744
51863,4891,El Sobrante,CA,Contra Costa County,El Sobrante,2360.0,682653.9981757572,830800.0,0601399999,79900.0,1937.0,2201.0,2682.0,3432.0,4077.0,0.0034570954045630457,0.0028406355320173327,0.0059722787984760745,0.004907318247472316
18420,4892,Guttenberg,NJ,Hudson County,Guttenberg,2676.7261904761904,421516.9675872712,508600.0,3401799999,67000.0,1999.0,2029.0,2299.0,2822.0,3218.0,0.006350221690475601,0.005262929985206824,0.007634330875028757,0.006327172630751081
13608,4894,Round Lake,IL,Lake County,Round Lake,2433.6111111111118,320220.9265283236,326600.0,1702399999,45900.0,635.0,747.0,926.0,1181.0,1228.0,0.007599787863632511,0.007451350615771928,0.0038348524355149636,0.0037599510104102877
32403,4896,Lakeside,VA,Henrico County,Lakeside,2147.5,341234.5427882448,333600.0,5108799999,56750.0,1488.0,1545.0,1711.0,2166.0,2677.0,0.006293325354615826,0.006437350119904077,0.007845043992692232,0.008024580335731415
51852,4897,Edgewood,WA,Pierce County,Edgewood,2214.09126984127,743529.2706519862,484400.0,5305399999,60400.0,1479.0,1673.0,2057.0,2882.0,3292.0,0.0029778131907299047,0.004570791225931606,0.0044275324858607246,0.006796036333608588
31558,4904,Firestone,CO,Weld County,Firestone,2928.8888888888887,584906.6738731993,444500.0,0802999999,51000.0,810.0,816.0,1039.0,1421.0,1745.0,0.005007446520474882,0.00658917635295588,0.0029833819273163142,0.0039257592800899885
35127,4908,Atoka,TN,Tipton County,Atoka,2185.0,351156.4692109735,220100.0,4700599999,37800.0,681.0,685.0,899.0,1216.0,1480.0,0.00622229744167766,0.009927305770104498,0.0042146454067198795,0.006724216265333939
27238,4910,Stallings,NC,Union County,Stallings,2381.25,474922.745316034,374400.0,3700799999,38200.0,834.0,927.0,1216.0,1465.0,1728.0,0.005013973374586247,0.006360176282051282,0.003638486505526524,0.004615384615384616
20191,4911,River Forest,IL,Cook County,River Forest,2095.0,693402.4254063327,305200.0,1700799999,43300.0,810.0,900.0,1181.0,1561.0,1603.0,0.0030213335333696494,0.00686435124508519,0.002311788856320548,0.005252293577981651
43334,4912,Weston,MA,Middlesex County,Weston,8800.0,2225306.376803366,687200.0,2501700380,82700.0,2263.0,2394.0,2837.0,3418.0,3761.0,0.003954511653645251,0.012805587892898719,0.0016901043556090667,0.005472933643771828
30459,4916,Big Bear City,CA,San Bernardino County,Big Bear City,1971.6666666666667,406479.1336895951,475000.0,0606999999,66800.0,1799.0,1999.0,2623.0,3655.0,4046.0,0.004850597492594333,0.004150877192982456,0.009953770475927305,0.008517894736842105
22889,4918,Saint Ann,MO,Saint Louis County,Saint Ann,1370.8333333333333,157246.44980916564,260700.0,2918999999,55700.0,951.0,984.0,1215.0,1570.0,1806.0,0.008717737888499087,0.005258278992456207,0.011485155958635392,0.006927502876869966
44298,4920,Breinigsville,PA,Lehigh County,Breinigsville,2369.6666666666665,476968.2760006327,276100.0,4200399999,53650.0,998.0,1068.0,1280.0,1632.0,1759.0,0.0049681850678545405,0.008582639140408065,0.003687876298082489,0.006370880115900036
18759,4926,Johnstown,CO,Weld County,Johnstown,2141.904761904762,516876.7774058315,444500.0,0802999999,51000.0,810.0,816.0,1039.0,1421.0,1745.0,0.004143936921784013,0.004818683378863356,0.0033760464317202127,0.0039257592800899885
51911,4931,Englewood,OH,Montgomery County,Englewood,1735.0,233920.38221327637,167400.0,3911199999,42600.0,664.0,674.0,884.0,1168.0,1172.0,0.007417053544389807,0.010364396654719235,0.005010251731426429,0.007001194743130227
5806,4937,Marco Island,FL,Collier County,Marco Island,4199.166666666667,841982.7620813664,486800.0,1202199999,56800.0,1362.0,1596.0,1860.0,2453.0,2662.0,0.004987235910016022,0.008626061353053958,0.003161584915847426,0.005468364831552999
43877,4939,Alton,TX,Hidalgo County,Alton,1116.6666666666667,192661.3566898856,124000.0,4813199999,39700.0,732.0,752.0,933.0,1307.0,1395.0,0.005796007491341878,0.009005376344086023,0.007240683985452466,0.01125
56628,4941,Scappoose,OR,Columbia County,Scappoose,1765.8333333333337,498128.2067134139,390600.0,4100999999,62050.0,1628.0,1750.0,1997.0,2739.0,3217.0,0.0035449374468956014,0.004520822665983957,0.006458176743745057,0.008236047107014848
44406,4947,California City,CA,Kern County,California City,1786.3333333333333,280254.8127239311,310600.0,0602199999,46950.0,841.0,935.0,1227.0,1631.0,2060.0,0.006373961310320068,0.005751234170422837,0.007350453610333649,0.006632324533161623
36482,4952,Troutman,NC,Iredell County,Troutman,2136.472222222222,406939.9966639076,292300.0,3702799999,38800.0,818.0,851.0,1046.0,1334.0,1567.0,0.005250091511615994,0.007309176264872467,0.003850690551054847,0.005360930550803968
50297,4953,Poquoson,VA,Poquoson City,Poquoson,1852.5,455897.610481211,,5173599999,53250.0,1475.0,1483.0,1696.0,2361.0,2809.0,0.004063412392191838,,0.006161471206297906,
8625,4957,Independence,OR,Polk County,Independence,1966.75,423117.5632037944,419500.0,4101399999,45650.0,862.0,1000.0,1257.0,1761.0,2111.0,0.004648235315754821,0.004688319427890345,0.004989157112779168,0.005032181168057211
13881,4960,Smithville,MO,Clay County,Smithville,2248.333333333333,376545.1061945679,256400.0,2900999999,38550.0,626.0,630.0,824.0,1155.0,1233.0,0.005970953536099277,0.00876885075403016,0.003274508099337469,0.004808892355694228
3786,4961,Brandenburg,KY,Meade County,Brandenburg,1800.0,273691.1961680795,195000.0,2105799999,35450.0,624.0,674.0,867.0,1191.0,1194.0,0.0065767552087959095,0.009230769230769232,0.004362580955167953,0.006123076923076923
36583,4968,Red Bank,TN,Hamilton County,Red Bank,1387.40811965812,319793.2418091492,282100.0,4706399999,37800.0,820.0,825.0,1069.0,1402.0,1751.0,0.004338453532692593,0.004918142926827792,0.005475412770120348,0.006207018787663949
27220,4973,Spring Hill,KS,Miami County,Spring Hill,2039.375,423829.7249634731,277700.0,2011599999,43100.0,625.0,697.0,872.0,1152.0,1156.0,0.004811779070417393,0.007343806265754411,0.002727510440896111,0.004162765574360821
27103,4982,Signal Hill,CA,Los Angeles County,Signal Hill,3453.775,707500.7873294939,783300.0,0603799999,75750.0,1856.0,2081.0,2625.0,3335.0,3698.0,0.004881655344916987,0.004409262096259415,0.005226849307063435,0.004721051959657858
44334,4987,Brooklyn Park,MD,Anne Arundel County,Brooklyn Park,1795.8333333333333,303897.2595282204,450300.0,2400399999,65150.0,1407.0,1604.0,1965.0,2529.0,2826.0,0.0059093436252806,0.003988082019394478,0.009299195406984487,0.006275816122584943
52347,4992,Grosse Pointe Park,MI,Wayne County,Grosse Pointe Park,1385.0,514427.0600195468,170200.0,2601799999,41850.0,764.0,769.0,976.0,1305.0,1406.0,0.002692315602424518,0.008137485311398355,0.0027331377162518934,0.00826086956521739
39139,4993,Jamestown,ND,Stutsman County,Jamestown,1391.5555555555557,207016.62212673735,200300.0,3809399999,55400.0,708.0,713.0,928.0,1300.0,1558.0,0.006721950833028439,0.006947356742663783,0.007525965712290384,0.007778332501248128
26755,5000,Richton Park,IL,Cook County,Richton Park,1670.5555555555557,219483.5886719241,305200.0,1700799999,43300.0,810.0,900.0,1181.0,1561.0,1603.0,0.00761130053351114,0.005473642056210864,0.007303507336013649,0.005252293577981651
10845,5010,Clawson,MI,Oakland County,Clawson,1925.0,289942.4984916559,320400.0,2600599999,50350.0,846.0,851.0,1111.0,1416.0,1496.0,0.00663924747153063,0.006008114856429463,0.005159643749303804,0.00466916354556804
38517,5020,Fife,WA,Pierce County,Fife,1938.0992063492065,558036.9022431779,484400.0,5305399999,60400.0,1479.0,1673.0,2057.0,2882.0,3292.0,0.0034730663842453802,0.00400103056636913,0.005899251441556875,0.006796036333608588
53229,5024,McCordsville,IN,Hancock County,McCordsville,2287.3888888888887,377299.8735353826,258100.0,1805999999,55350.0,955.0,1097.0,1283.0,1669.0,2028.0,0.006062522278249268,0.008862413362607085,0.0053750349317565225,0.00785741960480434
50015,5028,Wallington,NJ,Bergen County,Wallington,2750.0,646381.2160927342,593200.0,3400399999,68550.0,1556.0,1807.0,2072.0,2550.0,3225.0,0.004254455314502002,0.004635873229939312,0.004989315777915984,0.005436614969656102
24253,5029,Crandall,TX,Kaufman County,Crandall,1894.0,279445.3192223864,290800.0,4819799999,39700.0,726.0,731.0,933.0,1259.0,1395.0,0.006777712381336146,0.006513067400275103,0.004992032086570181,0.004797111416781293
6167,5035,New Market,AL,Madison County,New Market,1747.5,286874.5458064805,267800.0,0100399999,46500.0,972.0,1043.0,1244.0,1550.0,1975.0,0.006091512912333555,0.006525392083644511,0.006884542490334061,0.007374906646751307
827067,5037,Lewiston,NY,Niagara County,Lewiston,1475.0,338580.29705842055,177400.0,3606399999,50500.0,968.0,1001.0,1176.0,1438.0,1625.0,0.004356425972848311,0.008314543404735062,0.004799452342968478,0.00916009019165727
25242,5039,Indian Head,MD,Charles County,Indian Head,2600.0,355040.8727724802,402300.0,2400999999,79300.0,2012.0,2056.0,2314.0,2893.0,3413.0,0.007323100519939715,0.006462838677603778,0.009612977720982404,0.008483718617946806
28175,5049,Argyle,TX,Denton County,Argyle,3147.083333333333,605054.279836263,403400.0,4800199999,39700.0,846.0,851.0,1033.0,1245.0,1563.0,0.005201323977387586,0.007801396463394479,0.002583239309410342,0.0038745661874070403
124185,5057,Doctor Phillips,FL,Orange County,Doctor Phillips,2529.517948717949,539989.8031407997,358300.0,1208799999,65150.0,1565.0,1903.0,2274.0,3026.0,3344.0,0.004684380953131423,0.0070597765802901166,0.006192709529976195,0.009332961205693553
16956,5069,Belfair,WA,Mason County,Belfair,1820.0,492104.7991826147,377400.0,5300399999,43550.0,915.0,921.0,1208.0,1693.0,2029.0,0.0036983992089144775,0.004822469528351882,0.004123105491696415,0.0053762586115527295
20544,5074,Solana Beach,CA,San Diego County,Solana Beach,5546.592592592592,2117175.6967818784,791600.0,0606999999,66800.0,1799.0,1999.0,2623.0,3655.0,4046.0,0.0026198074165613423,0.007006812269571238,0.0019110364841944615,0.005111167256189995
157774,5080,Coral Hills,MD,Prince Georges County,Coral Hills,1690.5,338424.08866565675,404300.0,2403399999,81950.0,2012.0,2056.0,2314.0,2893.0,3413.0,0.004995211796729149,0.004181301014098442,0.010084979510344032,0.008441751174870145
38206,5083,Dobbs Ferry,NY,Westchester County,Dobbs Ferry,3546.1111111111118,947475.5234360364,638400.0,3611999999,85000.0,2406.0,2511.0,2780.0,3465.0,3738.0,0.0037426941629595646,0.005554685324422167,0.003945220649546785,0.005855263157894737
53563,5084,Newcastle,WA,King County,Newcastle,2526.6666666666665,1383331.505100818,811200.0,5302199999,52800.0,1101.0,1236.0,1503.0,2003.0,2318.0,0.0018265084380352647,0.0031147271531886916,0.0016756648651843312,0.0028574950690335305
47695,5087,Sierra Madre,CA,Los Angeles County,Sierra Madre,2947.222222222222,1427836.0103596796,783300.0,0603799999,75750.0,1856.0,2081.0,2625.0,3335.0,3698.0,0.002064118148609938,0.00376257145694143,0.0025899332788703474,0.004721051959657858
42174,5097,Hellertown,PA,Northampton County,Hellertown,2307.5,373039.3580328909,285000.0,4209599999,50100.0,1033.0,1213.0,1507.0,1924.0,2005.0,0.006185674380762117,0.008096491228070175,0.005374767988484527,0.007035087719298246
3468,5100,Aspen,CO,Pitkin County,Aspen,46583.333333333336,3368850.500794302,1131200.0,0804799999,70050.0,1639.0,1789.0,2140.0,2794.0,3127.0,0.013827664160920763,0.041180457331447436,0.0009282097852851354,0.0027643210749646392
116032,5107,La Riviera,CA,Sacramento County,La Riviera,2071.833333333333,480510.293233786,498900.0,0606799999,64300.0,1679.0,1777.0,2206.0,2992.0,3455.0,0.004311735591323347,0.004152802832899044,0.00719027260945483,0.006925235518139908
23903,5108,Cahokia,IL,Saint Clair County,Cahokia,1321.25,56105.457677854494,168800.0,1716399999,55700.0,951.0,984.0,1215.0,1570.0,1806.0,0.023549402405490284,0.007827310426540285,0.03218938183108076,0.010699052132701422
40782,5109,Schiller Park,IL,Cook County,Schiller Park,1447.2222222222224,308470.1871235531,305200.0,1700799999,43300.0,810.0,900.0,1181.0,1561.0,1603.0,0.004691611321396706,0.004741881462064949,0.0051966124018265085,0.005252293577981651
18069,5112,Falling Waters,WV,Berkeley County,Falling Waters,1997.811111111111,314553.4626290508,248000.0,5400399999,44800.0,826.0,959.0,1204.0,1673.0,2022.0,0.006351260909396207,0.008055689964157705,0.006428160043447117,0.008153225806451612
34864,5117,Wilton Manors,FL,Broward County,Wilton Manors,2234.835016835017,579215.0749888582,380400.0,1200399999,45750.0,901.0,952.0,1129.0,1523.0,1896.0,0.0038583854484070643,0.005874960612079435,0.003273395465469319,0.00498422712933754
13972,5117,Springville,AL,Saint Clair County,Springville,1731.75,323264.6349262315,218500.0,0111599999,47950.0,998.0,1144.0,1267.0,1583.0,1791.0,0.00535706604712632,0.00792562929061785,0.005540352412532547,0.00819679633867277
56738,5130,Warren,RI,Bristol County,Warren,2175.0,535001.3962043573,468000.0,4400105140,57150.0,1233.0,1319.0,1614.0,1945.0,2359.0,0.004065409951134415,0.004647435897435897,0.0044093342872303844,0.0050405982905982905
6783,5137,Riverdale,IL,Cook County,Riverdale,1588.5,117856.82497039968,305200.0,1700799999,43300.0,810.0,900.0,1181.0,1561.0,1603.0,0.013478218171912908,0.00520478374836173,0.013601248806784004,0.005252293577981651
23884,5139,Burkburnett,TX,Wichita County,Burkburnett,1550.0,181442.39647808485,141600.0,4846999999,43400.0,1092.0,1099.0,1392.0,1678.0,1846.0,0.008542656127159418,0.010946327683615819,0.01017402787789438,0.013036723163841808
123825,5141,Callaway,FL,Bay County,Callaway,1986.4015873015871,267085.2306318541,276900.0,1200399999,45750.0,901.0,952.0,1129.0,1523.0,1896.0,0.007437332205162668,0.007173714652587891,0.007098857527668445,0.006847237269772481
14934,5144,Breckenridge,CO,Summit County,Breckenridge,3377.777777777778,1193569.0474076578,850700.0,0811799999,66500.0,1571.0,1746.0,2291.0,3126.0,3354.0,0.0028299810430859086,0.0039705863145383545,0.0028100594660062906,0.003942635476666275
829611,5144,Southampton,NY,Suffolk County,Southampton,32213.38624338625,2157057.8235143754,539500.0,3610399999,82450.0,1848.0,2241.0,2586.0,3352.0,3591.0,0.014933946550817425,0.05970970573380213,0.001664767611166483,0.006656163113994439
52994,5147,Little Canada,MN,Ramsey County,Little Canada,1372.3214285714284,367722.4183735368,304900.0,2710199999,50450.0,640.0,782.0,933.0,1307.0,1567.0,0.0037319493182964114,0.004500890221618329,0.004261366513716939,0.005139389963922597
35607,5150,Falmouth,ME,Cumberland County,Falmouth,3875.0,888089.4251525415,411400.0,2300502655,54750.0,1197.0,1330.0,1745.0,2191.0,2667.0,0.004363299337039641,0.009419056878949927,0.0030030759566154123,0.006482741857073408
14795,5153,Carterville,IL,Williamson County,Carterville,1100.0,182970.11041333503,145600.0,1712599999,43450.0,597.0,684.0,870.0,1216.0,1453.0,0.00601191089361572,0.007554945054945055,0.007941187753112401,0.009979395604395605
17295,5156,Capitol Heights,MD,Prince Georges County,Capitol Heights,2075.722222222222,337638.28629990347,404300.0,2403399999,81950.0,2012.0,2056.0,2314.0,2893.0,3413.0,0.006147769096240718,0.005134113831863028,0.01010845078442449,0.008441751174870145
4184,5157,Commerce,TX,Hunt County,Commerce,1099.111111111111,224194.35735322573,210900.0,4805399999,50000.0,864.0,869.0,1124.0,1507.0,1513.0,0.004902492302156493,0.005211527316790475,0.006748608742262937,0.007174016121384542
44145,5162,Berwyn,PA,Chester County,Berwyn,2640.0793650793653,939860.939661164,461800.0,4202799999,54050.0,1226.0,1234.0,1431.0,1743.0,1897.0,0.0028090106245197925,0.005716932362666447,0.002018383699064993,0.004107838891294933
31011,5163,Conley,GA,Dekalb County,Conley,1957.0,235353.7683554053,331400.0,1308999999,57100.0,1591.0,1653.0,1830.0,2205.0,2653.0,0.008315141982535646,0.005905250452625226,0.011272392273718481,0.008005431502715751
45903,5167,Itasca,IL,DuPage County,Itasca,2380.6666666666665,440720.2359081407,374100.0,1704399999,59950.0,1458.0,1560.0,1761.0,2262.0,2657.0,0.00540176391438234,0.006363717366123139,0.0060287678747608,0.007102379043036621
48392,5172,Wells,ME,York County,Wells,2800.0,550630.2528945119,357200.0,2303100275,53450.0,1162.0,1312.0,1616.0,2134.0,2351.0,0.00508508202243006,0.007838745800671893,0.004269652798118954,0.006581746920492721
50934,5177,Bedford Heights,OH,Cuyahoga County,Bedford Heights,1620.0,192850.89332719383,183200.0,3903599999,49700.0,881.0,995.0,1208.0,1553.0,1667.0,0.008400272210569866,0.008842794759825327,0.00864398381174072,0.00909934497816594
15271,5178,Elwood,IN,Madison County,Elwood,903.75,143046.67840131253,147700.0,1800199999,42450.0,772.0,776.0,928.0,1186.0,1230.0,0.006317867776450988,0.006118821936357481,0.008598591828530806,0.008327691266079892
11928,5181,Hitchcock,TX,Galveston County,Hitchcock,1608.3333333333333,213997.8176239425,284900.0,4800199999,39700.0,846.0,851.0,1033.0,1245.0,1563.0,0.0075156529687590125,0.005645255645255645,0.007303812802178448,0.0054861354861354865
49488,5184,Munhall,PA,Allegheny County,Munhall,1547.079365079365,147868.19499683924,216700.0,4200399999,53650.0,998.0,1068.0,1280.0,1632.0,1759.0,0.010462556637770784,0.007139267951450693,0.011895729166353857,0.008117212736502077
832064,5188,Henrietta,NY,Monroe County,Henrietta,1513.8222222222223,300117.90452121064,197100.0,3600799999,47250.0,869.0,939.0,1188.0,1533.0,1752.0,0.005044091670029749,0.007680478042730707,0.0058377056936840584,0.008888888888888889
51467,5195,Cocoa Beach,FL,Brevard County,Cocoa Beach,2487.063492063492,467433.9732432799,304400.0,1200399999,45750.0,901.0,952.0,1129.0,1523.0,1896.0,0.005320673366565676,0.00817037940888138,0.004056187843696185,0.006228646517739816
35138,5200,Brandon,SD,Minnehaha County,Brandon,1199.5,395707.6066672864,266600.0,4609799999,49850.0,598.0,665.0,872.0,1134.0,1360.0,0.00303127860013201,0.004499249812453113,0.0034368811139470893,0.005101275318829707
47179,5205,Polson,MT,Lake County,Polson,1481.25,572524.7201136281,369200.0,3000599999,43650.0,841.0,874.0,1147.0,1382.0,1830.0,0.0025872245301583113,0.004012053087757313,0.003196368533461407,0.004956663055254605
10645,5214,Byram,MS,Hinds County,Byram,1442.5,218955.8501423501,151200.0,2804999999,44550.0,1045.0,1051.0,1232.0,1484.0,1633.0,0.006588086132716642,0.009540343915343915,0.007458124544004352,0.01080026455026455
22131,5227,Dupont,WA,Pierce County,Dupont,2723.3977272727275,554597.5868857428,484400.0,5305399999,60400.0,1479.0,1673.0,2057.0,2882.0,3292.0,0.004910583442249626,0.005622208355228587,0.005935835419850486,0.006796036333608588
32058,5246,Holly Springs,GA,Cherokee County,Holly Springs,2013.7555555555557,438282.4308724748,389800.0,1305799999,57100.0,1591.0,1653.0,1830.0,2205.0,2653.0,0.004594652702703225,0.005166125078387778,0.006053174421613839,0.006806054386865059
20114,5250,Reading,OH,Hamilton County,Reading,1133.0555555555557,234104.9143907549,225700.0,3902199999,46800.0,661.0,720.0,905.0,1194.0,1262.0,0.004839947758056554,0.005020184118544775,0.005390745441138155,0.005591493132476739
10961,5253,Corte Madera,CA,Marin County,Corte Madera,4973.333333333333,1771626.0148640564,1390000.0,0600399999,57700.0,1003.0,1101.0,1445.0,2025.0,2396.0,0.002807213989638189,0.0035779376498800957,0.0013524299033189882,0.0017237410071942445
42361,5257,Graniteville,SC,Aiken County,Graniteville,2200.0,276781.5515381038,199500.0,4500399999,44150.0,868.0,1039.0,1175.0,1545.0,1890.0,0.007948506639168585,0.011027568922305764,0.006828489794558467,0.009473684210526316
40131,5258,Odenville,AL,Saint Clair County,Odenville,1659.1666666666663,250418.4735862792,218500.0,0111599999,47950.0,998.0,1144.0,1267.0,1583.0,1791.0,0.006625576152212336,0.007593440122044239,0.007152028260338903,0.00819679633867277
39684,5261,Maynard,MA,Middlesex County,Maynard,2703.8888888888887,615041.0560360278,687200.0,2501700380,82700.0,2263.0,2394.0,2837.0,3418.0,3761.0,0.004396273813516769,0.003934646229465787,0.006115038928034893,0.005472933643771828
34655,5268,Warr Acres,OK,Oklahoma County,Warr Acres,1368.9166666666667,182261.32394459625,207800.0,4010999999,48850.0,886.0,961.0,1180.0,1575.0,1719.0,0.0075107358875698155,0.006587664420917549,0.00943151274662386,0.00827237728585178
13436,5273,Rancho Santa Fe,CA,San Diego County,Rancho Santa Fe,11752.77777777778,4286971.8298218325,791600.0,0606999999,66800.0,1799.0,1999.0,2623.0,3655.0,4046.0,0.002741510381761997,0.01484686429734434,0.0009437897333158246,0.005111167256189995
39879,5287,Morro Bay,CA,San Luis Obispo County,Morro Bay,2614.583333333333,944062.7364920065,777200.0,0607999999,69500.0,1669.0,1855.0,2434.0,3250.0,3683.0,0.002769501678509976,0.0033641061931720703,0.0039012237827387064,0.004738805970149254
51365,5289,Chatham,IL,Sangamon County,Chatham,1788.8888888888887,297383.934344568,170300.0,1716799999,57350.0,776.0,921.0,1132.0,1529.0,1564.0,0.006015418730778401,0.010504338748613557,0.00525919466176626,0.00918379330593071
39424,5295,Lighthouse Point,FL,Broward County,Lighthouse Point,3325.0,764367.9355727247,380400.0,1200399999,45750.0,901.0,952.0,1129.0,1523.0,1896.0,0.004349999320037735,0.00874079915878023,0.002480480815275653,0.00498422712933754
44652,5296,Clinton,NY,Oneida County,Clinton,2150.0,301872.2520825901,171100.0,3605599999,51950.0,1022.0,1149.0,1427.0,1720.0,1892.0,0.007122218041464028,0.012565751022793687,0.006267551876488344,0.011057860900058445
119344,5298,Castle Pines,CO,Douglas County,Castle Pines,2632.422222222222,904496.800887498,674000.0,0800199999,70050.0,1639.0,1789.0,2140.0,2794.0,3127.0,0.002910372065041328,0.0039056709528519614,0.0034571708788044,0.00463946587537092
8735,5303,Hardeeville,SC,Jasper County,Hardeeville,1540.5555555555557,457687.5461747624,269400.0,4505399999,38000.0,1094.0,1136.0,1258.0,1763.0,1910.0,0.0033659547183032008,0.005718469025818692,0.004173152658321819,0.007089829250185598
37371,5304,Bemidji,MN,Beltrami County,Bemidji,1329.1666666666667,217595.63816388464,222300.0,2700799999,47600.0,802.0,832.0,1092.0,1316.0,1549.0,0.006108425140698775,0.005979157294946769,0.007118708872433155,0.006968061178587494
10111,5305,Ambridge,PA,Beaver County,Ambridge,833.3333333333333,137932.20925223356,185500.0,4200799999,53650.0,998.0,1068.0,1280.0,1632.0,1759.0,0.00604161520975449,0.00449236298292902,0.01275264138474978,0.009482479784366577
4143,5318,Clute,TX,Brazoria County,Clute,878.2638888888888,191859.6498519221,276800.0,4801999999,48300.0,1116.0,1231.0,1501.0,1907.0,2243.0,0.004577637296673562,0.003172918673731535,0.01169083755615709,0.008103323699421966
29075,5323,Newcastle,OK,McClain County,Newcastle,1787.6944444444443,294128.4676447171,233900.0,4001199999,39150.0,678.0,694.0,910.0,1096.0,1439.0,0.006077937503838737,0.00764298608142131,0.004892420007906862,0.006152201795639162
47489,5328,Rustburg,VA,Campbell County,Rustburg,1568.75,275644.23745877104,199200.0,5100799999,56750.0,1488.0,1545.0,1711.0,2166.0,2677.0,0.005691212754754733,0.007875251004016065,0.009711793813213335,0.013438755020080321
13076,5333,Oakland,TN,Fayette County,Oakland,2224.1388888888887,360006.6466176429,316000.0,4704799999,45550.0,1105.0,1207.0,1355.0,1781.0,2086.0,0.006178049515988825,0.007038414205344585,0.005794337464595497,0.00660126582278481
25810,5336,Mc Gregor,TX,McLennan County,Mc Gregor,1375.0,236970.7743903315,219200.0,4807799999,44450.0,823.0,896.0,1102.0,1506.0,1709.0,0.005802403285964451,0.006272810218978102,0.007211859793245998,0.007796532846715328
160110,5340,Lake Arbor,MD,Prince Georges County,Lake Arbor,2245.335606060606,429841.40597833385,404300.0,2403399999,81950.0,2012.0,2056.0,2314.0,2893.0,3413.0,0.005223637310952268,0.0055536374129621716,0.007940137810204428,0.008441751174870145
31233,5346,Discovery Bay,CA,Contra Costa County,Discovery Bay,3656.6666666666665,803821.3739922851,830800.0,0601399999,79900.0,1937.0,2201.0,2682.0,3432.0,4077.0,0.0045491035508366095,0.004401380195795218,0.0050720223819765336,0.004907318247472316
41205,5350,Tequesta,FL,Palm Beach County,Tequesta,3364.444444444445,626489.2120366156,407300.0,1200199999,52000.0,1176.0,1308.0,1583.0,2016.0,2099.0,0.005370315050609056,0.008260359549335735,0.003350416830285854,0.005153449545789344
22717,5357,Selma,TX,Bexar County,Selma,1408.186920922215,297138.1049020135,244100.0,4801999999,48300.0,1116.0,1231.0,1501.0,1907.0,2243.0,0.004739166393305865,0.005768893571987771,0.007548678419214084,0.009188857025809094
42536,5358,Old Saybrook,CT,Middlesex County,Old Saybrook,2879.166666666667,673411.4253170526,,,,,,,,,0.004275494234911607,,,
31512,5360,Fairview,TX,Collin County,Fairview,1796.7777777777776,673927.1845198834,447600.0,4805999999,43650.0,944.0,950.0,1207.0,1571.0,1899.0,0.0026661304352306714,0.004014248833283686,0.0028178118402403937,0.004242627345844504
34285,5367,Tiburon,CA,Marin County,Tiburon,6861.583333333333,2860603.645611884,1390000.0,0600399999,57700.0,1003.0,1101.0,1445.0,2025.0,2396.0,0.0023986487411001107,0.004936390887290167,0.0008375854528730053,0.0017237410071942445
27077,5368,Sheridan,OR,Polk County,Sheridan,1975.0,401625.3153569478,419500.0,4101399999,45650.0,862.0,1000.0,1257.0,1761.0,2111.0,0.004917518703333485,0.004707985697258641,0.005256142776069361,0.005032181168057211
244490,5377,Huntington,VA,Fairfax County,Huntington,2033.657768157768,452412.48758200026,699700.0,5160099999,81950.0,2012.0,2056.0,2314.0,2893.0,3413.0,0.004495140660300994,0.00290647101351689,0.007544000428107966,0.0048778047734743465
40576,5380,Rio Vista,CA,Solano County,Rio Vista,2436.25,471313.5048993851,589600.0,0601199999,48000.0,915.0,921.0,1208.0,1625.0,1631.0,0.0051690646982841815,0.004132038670284939,0.0034605416204829143,0.002766282225237449
40886,5382,Shiloh,OH,Montgomery County,Shiloh,1081.6380952380953,145854.5134125542,167400.0,3911199999,42600.0,664.0,674.0,884.0,1168.0,1172.0,0.007415869896179675,0.006461398418387666,0.008035404407986746,0.007001194743130227
45356,5398,Freeport,TX,Brazoria County,Freeport,1170.0,147727.1903587271,276800.0,4801999999,48300.0,1116.0,1231.0,1501.0,1907.0,2243.0,0.007920004415970275,0.004226878612716763,0.015183393081214809,0.008103323699421966
396889,5401,Westgate-Belvedere Homes,FL,Palm Beach County,Westgate-Belvedere Homes,2800.0,365770.2322751719,407300.0,1200199999,52000.0,1176.0,1308.0,1583.0,2016.0,2099.0,0.007655078934617997,0.006874539651362632,0.005738575244201133,0.005153449545789344
47121,5420,Pineville,NC,Mecklenburg County,Pineville,1628.8555555555558,404740.9720701867,371200.0,3711999999,56100.0,1586.0,1647.0,1824.0,2250.0,2852.0,0.004024439500711318,0.004388080699233717,0.0070464820633613316,0.007683189655172414
208088,5424,Bala-Cynwyd,PA,Montgomery County,Bala-Cynwyd,2266.4242424242425,663173.5886528479,409900.0,4208999999,52200.0,1158.0,1183.0,1552.0,2043.0,2379.0,0.00341754298000346,0.005529212594350433,0.0035872960574811694,0.005803854598682606
398871,5426,Oregon,WI,Dane County,Oregon,1950.0,486400.6689850245,366100.0,5500199999,46400.0,676.0,729.0,933.0,1165.0,1237.0,0.004009040538675816,0.005326413548210871,0.002543170844277941,0.003378858235454794
53996,5429,Prairie Grove,AR,Washington County,Prairie Grove,1701.25,314098.2208702205,266000.0,0513799999,33550.0,618.0,646.0,848.0,1188.0,1193.0,0.0054162993833159105,0.0063956766917293234,0.0037981749679917008,0.004484962406015038
36876,5434,Edwards,CO,Eagle County,Edwards,7500.0,1681775.9367136306,814700.0,0803799999,66600.0,1491.0,1657.0,2174.0,2619.0,2882.0,0.0044595714781457746,0.009205842641463116,0.0017136646666688162,0.003537498465692893
10430,5443,Blaine,WA,Whatcom County,Blaine,2439.6,547879.2460895228,536100.0,5307399999,54200.0,1348.0,1381.0,1642.0,2301.0,2757.0,0.004452806010471461,0.00455064353665361,0.005032130747200286,0.005142697257974258
16832,5446,Atlantic Beach,FL,Duval County,Atlantic Beach,2647.6833333333334,707040.2502313225,274900.0,1203199999,51250.0,1381.0,1454.0,1730.0,2163.0,2739.0,0.003744742017823017,0.00963144173638899,0.0038738954382072036,0.009963623135685704
46100,5449,Lake Alfred,FL,Polk County,Lake Alfred,2086.75,311625.2570842,240000.0,1206999999,52700.0,1636.0,1727.0,1958.0,2486.0,2960.0,0.0066963442550363236,0.008694791666666667,0.009498588232853728,0.012333333333333333
31320,5456,East Grand Forks,MN,Polk County,East Grand Forks,777.5,284355.9076116728,211100.0,2700399999,66200.0,1220.0,1381.0,1685.0,2244.0,2513.0,0.0027342495062975215,0.003683088583609664,0.00883751641070826,0.011904310753197537
35275,5461,Colbert,WA,Spokane County,Colbert,1621.111111111111,606452.7514418091,370500.0,5304599999,50100.0,955.0,961.0,1261.0,1767.0,1917.0,0.0026731037286202523,0.0043754685859949015,0.003161004703898918,0.005174089068825911
12103,5471,Jarrell,TX,Williamson County,Jarrell,1814.0873015873012,269124.53596826975,414600.0,4813999999,58650.0,1531.0,1606.0,1884.0,2361.0,3033.0,0.0067406982981335645,0.0043755120636452035,0.011269875446650453,0.007315484804630969
36634,5480,Hull,MA,Plymouth County,Hull,2877.444444444445,711109.1768659721,513000.0,2502300170,65700.0,1607.0,1652.0,2155.0,2730.0,2953.0,0.004046417256385341,0.005609053497942387,0.00415266754538955,0.005756335282651072
29556,5484,Wesley Chapel,NC,Union County,Wesley Chapel,2895.0,652609.3261635405,374400.0,3700799999,38200.0,834.0,927.0,1216.0,1465.0,1728.0,0.0044360383524070695,0.007732371794871795,0.002647832218638831,0.004615384615384616
42641,5485,Narberth,PA,Montgomery County,Narberth,2359.583333333333,819795.5825772834,409900.0,4208999999,52200.0,1158.0,1183.0,1552.0,2043.0,2379.0,0.002878258170061427,0.005756485321623159,0.002901942936214502,0.005803854598682606
51865,5489,Elbert,CO,Elbert County,Elbert,2695.0,616090.3754782606,664600.0,0801199999,51000.0,749.0,754.0,989.0,1274.0,1582.0,0.004374358222862866,0.004055070719229612,0.0025678050866675527,0.002380379175443876
40938,5493,Sleepy Hollow,NY,Westchester County,Sleepy Hollow,4817.8,969009.5110388286,638400.0,3611999999,85000.0,2406.0,2511.0,2780.0,3465.0,3738.0,0.0049718810239902265,0.007546679197994988,0.00385754727628284,0.005855263157894737
46271,5499,Littleton,MA,Middlesex County,Littleton,2925.0,789448.9502467676,687200.0,2501700380,82700.0,2263.0,2394.0,2837.0,3418.0,3761.0,0.0037051160801286737,0.00425640279394645,0.004764082590551775,0.005472933643771828
43689,5501,Port Townsend,WA,Jefferson County,Port Townsend,2383.333333333333,651010.1098570599,495100.0,5303199999,49150.0,1072.0,1114.0,1233.0,1728.0,2071.0,0.003660977452188313,0.004813842321416548,0.0031812101972651737,0.004182993334679862
28783,5503,Jefferson,LA,Jefferson Parish,Jefferson,1588.75,252864.17632274583,,2205399999,40300.0,657.0,690.0,903.0,1265.0,1516.0,0.006283017322201396,,0.005995313460555352,
37561,5506,Brentwood,PA,Allegheny County,Brentwood,1255.0833333333333,181661.3366627229,216700.0,4200399999,53650.0,998.0,1068.0,1280.0,1632.0,1759.0,0.006908918300340117,0.005791801261344408,0.009682852897123643,0.008117212736502077
48592,5508,Wyomissing,PA,Berks County,Wyomissing,2160.333333333333,383075.8402562924,239700.0,4200799999,53650.0,998.0,1068.0,1280.0,1632.0,1759.0,0.005639440304791833,0.009012654707272978,0.004591780047583168,0.007338339591155612
16862,5514,Baden,PA,Beaver County,Baden,995.0,262316.646587975,185500.0,4200799999,53650.0,998.0,1068.0,1280.0,1632.0,1759.0,0.003793125647732386,0.005363881401617251,0.006705636195337957,0.009482479784366577
39816,5527,Mission,KS,Johnson County,Mission,1762.0777777777776,327050.9330448637,366000.0,2000399999,42550.0,625.0,711.0,872.0,1051.0,1251.0,0.005387777864972677,0.00481442015786278,0.0038250922825784823,0.003418032786885246
396778,5530,Kittery,ME,York County,Kittery,2638.1388888888887,674209.3729029408,357200.0,2303100275,53450.0,1162.0,1312.0,1616.0,2134.0,2351.0,0.003912937130390021,0.00738560719173821,0.0034870473394300466,0.006581746920492721
772012,5531,Rancho Mission Viejo,CA,Orange County,Rancho Mission Viejo,3705.904761904762,1214290.938616765,915500.0,0600399999,57700.0,1003.0,1101.0,1445.0,2025.0,2396.0,0.0030519084381262604,0.00404795714025643,0.001973167981249498,0.002617149098853086
53570,5539,Newport,OR,Lincoln County,Newport,2300.0,464637.67851300194,387700.0,4104199999,41300.0,982.0,1008.0,1322.0,1844.0,2220.0,0.004950093602741774,0.00593242197575445,0.004777916433950756,0.005726076863554294
45186,5550,Estes Park,CO,Larimer County,Estes Park,2750.0,693778.6697790128,532200.0,0804599999,52800.0,1211.0,1219.0,1599.0,2241.0,2463.0,0.003963800156721378,0.005167230364524615,0.003550123558547183,0.004627959413754228
55211,5555,Willoughby Hills,OH,Lake County,Willoughby Hills,1322.517094017094,354737.6600758864,199900.0,3900399999,46250.0,788.0,793.0,1040.0,1262.0,1431.0,0.003728155318310939,0.006615893416793867,0.004033966959397197,0.007158579289644822
398105,5560,Mt Holly Township,NJ,Burlington County,Mt Holly Township,1995.4166666666667,344963.564942311,326700.0,3400599999,59700.0,1372.0,1512.0,1802.0,2171.0,2468.0,0.005784427311911519,0.006107795122946638,0.007154378754210548,0.007554331190694827
52620,5563,Ijamsville,MD,Frederick County,Ijamsville,2711.722222222222,727577.7546975365,437700.0,2402199999,81950.0,2012.0,2056.0,2314.0,2893.0,3413.0,0.003727054881370748,0.0061953900439164315,0.004690907573746298,0.0077975782499428836
399215,5569,Sturbridge,MA,Worcester County,Sturbridge,2800.0,507397.77129861,390700.0,2502701885,62350.0,1139.0,1332.0,1661.0,2165.0,2475.0,0.0055183529735138796,0.007166624008190427,0.004877829860516733,0.006334783721525467
42199,5570,Kingston,WA,Kitsap County,Kingston,2733.333333333333,667263.1719245543,505700.0,5302999999,55700.0,1178.0,1317.0,1600.0,2242.0,2615.0,0.0040963347721555115,0.005405049106848592,0.0039189934497024384,0.0051710500296618545
47528,5573,Saint Robert,MO,Pulaski County,Saint Robert,1133.2619047619048,235912.02841582685,189700.0,2904599999,38550.0,615.0,628.0,824.0,1078.0,1242.0,0.0048037478731876165,0.005973968923362704,0.005264674329410653,0.006547179757511861
26015,5579,Mount Rainier,MD,Prince Georges County,Mount Rainier,1475.75,471777.5897592523,404300.0,2403399999,81950.0,2012.0,2056.0,2314.0,2893.0,3413.0,0.003128062951767323,0.003650136037595845,0.007234341083775622,0.008441751174870145
24387,5596,Diamondhead,MS,Hancock County,Diamondhead,1698.75,249269.7369191221,206600.0,2804599999,40300.0,766.0,896.0,1117.0,1446.0,1540.0,0.006814906699047768,0.00822241045498548,0.006178046396782082,0.007454017424975799
20273,5607,Rural Hall,NC,Forsyth County,Rural Hall,1949.055555555556,270086.46048023493,227800.0,3701399999,39100.0,759.0,763.0,930.0,1245.0,1562.0,0.0072164134110609705,0.008555994537118332,0.005783333223082125,0.0068568920105355575
35579,5608,Fairfield,AL,Jefferson County,Fairfield,1114.1666666666667,95520.37181486376,224900.0,0107399999,47950.0,998.0,1144.0,1267.0,1583.0,1791.0,0.011664178494050766,0.004954053653475619,0.01874992701526844,0.007963539350822588
28446,5611,East Rutherford,NJ,Bergen County,East Rutherford,2733.4603174603176,635250.9157086677,593200.0,3400399999,68550.0,1556.0,1807.0,2072.0,2550.0,3225.0,0.004302961632744673,0.004607991094842073,0.00507673412229919,0.005436614969656102
35981,5615,Mc Leansville,NC,Guilford County,Mc Leansville,2156.333333333333,292142.2307538881,234900.0,3708199999,42800.0,999.0,1039.0,1150.0,1463.0,1646.0,0.007381107920511196,0.009179792819639562,0.00563424190933441,0.007007237122179651
41780,5626,Woodbury,CT,Litchfield County,Woodbury,1899.0,539575.1060158215,,,,,,,,,0.003519435902115761,,,
395746,5627,Plainville,MA,Norfolk County,Plainville,2119.1666666666665,600178.2385820624,649400.0,2502102935,65700.0,1607.0,1652.0,2155.0,2730.0,2953.0,0.0035308955414199224,0.0032632686582486393,0.004920205049380903,0.004547274407145057
16948,5628,Bee Cave,TX,Travis County,Bee Cave,3820.711111111111,895924.3050422478,487600.0,4804199999,44250.0,1034.0,1089.0,1206.0,1690.0,1863.0,0.004264546781026265,0.007835748792270532,0.0020794167425920536,0.003820754716981132
10710,5639,Carbondale,CO,Garfield County,Carbondale,5658.333333333333,1398222.403935003,490600.0,0801499999,70050.0,1639.0,1789.0,2140.0,2794.0,3127.0,0.0040468049413377605,0.01153349639896725,0.00223641102531308,0.006373827965756217
250687,5646,Frederickson,WA,Pierce County,Frederickson,2485.7272727272725,536448.8202338618,484400.0,5305399999,60400.0,1479.0,1673.0,2057.0,2882.0,3292.0,0.004633670872169379,0.005131559192252833,0.006136652511538512,0.006796036333608588
50710,5659,Alva,FL,Lee County,Alva,2369.1666666666665,396149.6036773177,326300.0,1201999999,51250.0,1381.0,1454.0,1730.0,2163.0,2739.0,0.005980484757966496,0.007260700786597201,0.006914054626269532,0.008394115844315047
12250,5663,Ladue,MO,Saint Louis County,Ladue,2499.833333333333,1292882.374401893,260700.0,2918999999,55700.0,951.0,984.0,1215.0,1570.0,1806.0,0.0019335350089290171,0.009588927247155094,0.0013968788157047024,0.006927502876869966
125692,5672,Pebble Creek,FL,Hillsborough County,Pebble Creek,2338.3611111111118,444070.9168096402,333300.0,1205799999,52150.0,1566.0,1686.0,1978.0,2533.0,3082.0,0.0052657380220049324,0.0070157849118245175,0.006940332913810612,0.009246924692469247
8351,5673,Colonial Beach,VA,Westmoreland County,Colonial Beach,1825.0,328327.2791854052,244000.0,5119399999,45150.0,868.0,873.0,1078.0,1511.0,1690.0,0.005558478127458393,0.007479508196721311,0.005147303033098457,0.006926229508196722
14903,5676,Audubon,NJ,Camden County,Audubon,2050.0,388519.9740347313,262200.0,3400799999,59700.0,1372.0,1512.0,1802.0,2171.0,2468.0,0.005276433998260132,0.007818459191456904,0.0063523117598565885,0.009412662090007629
22839,5678,Sneads Ferry,NC,Onslow County,Sneads Ferry,2009.0694444444443,375900.8071132723,219500.0,3700799999,38200.0,834.0,927.0,1216.0,1465.0,1728.0,0.005344679783672398,0.009152935965578333,0.0045969574081794725,0.00787243735763098
17797,5679,Doraville,GA,Dekalb County,Doraville,2074.827777777778,372895.8769398709,331400.0,1308999999,57100.0,1591.0,1653.0,1830.0,2205.0,2653.0,0.0055640941777222765,0.00626079594984242,0.007114586575136077,0.008005431502715751
16384,5680,Swannanoa,NC,Buncombe County,Swannanoa,1812.5,377899.6728906808,360000.0,3702199999,46550.0,1286.0,1347.0,1512.0,1944.0,2566.0,0.0047962465437865615,0.0050347222222222225,0.006790162003506934,0.007127777777777778
36194,5691,Springdale,OH,Hamilton County,Springdale,1710.6666666666667,238025.373352185,225700.0,3902199999,46800.0,661.0,720.0,905.0,1194.0,1262.0,0.007186908868474056,0.007579382661349875,0.0053019557630636744,0.005591493132476739
20640,5698,Statham,GA,Barrow County,Statham,2440.1666666666665,387842.54811537935,255200.0,1300599999,38100.0,629.0,715.0,905.0,1268.0,1300.0,0.006291642519687501,0.009561781609195403,0.0033518756678889775,0.005094043887147335
48435,5704,West Point,UT,Davis County,West Point,1778.1666666666667,542937.5817201902,470500.0,4901199999,60250.0,1158.0,1237.0,1532.0,2055.0,2488.0,0.0032750848836672858,0.003779312787814382,0.004582478877437927,0.005287991498405951
21583,5712,Croydon,PA,Bucks County,Croydon,1300.0,346530.784084504,421700.0,4201199999,49900.0,928.0,1075.0,1353.0,1689.0,1794.0,0.0037514704600760253,0.003082760256106237,0.005177029234904915,0.004254209153426607
3801,5714,Brewer,ME,Penobscot County,Brewer,1779.1666666666663,305412.7222242306,193800.0,2301901115,42500.0,839.0,880.0,1155.0,1455.0,1723.0,0.005825450405960568,0.009180426556587545,0.005641546257313383,0.008890608875128998
15845,5716,Ocean City,NJ,Cape May County,Ocean City,1830.0,1043087.60140185,395000.0,3400999999,60350.0,1192.0,1213.0,1591.0,2127.0,2135.0,0.0017544068183157242,0.004632911392405063,0.0020468079547016783,0.00540506329113924
7663,5719,Valley Cottage,NY,Rockland County,Valley Cottage,2766.6666666666665,648462.4513556794,564200.0,3602399999,46100.0,896.0,901.0,1118.0,1387.0,1877.0,0.004266502495067612,0.004903698452085548,0.0028945392228585214,0.003326834455866714
41448,5720,Vail,CO,Eagle County,Vail,3665.1111111111113,1625083.7939910705,814700.0,0803799999,66600.0,1491.0,1657.0,2174.0,2619.0,2882.0,0.0022553366938143564,0.004498724820315591,0.0017734470127980589,0.003537498465692893
38917,5731,Hastings on Hudson,NY,Westchester County,Hastings on Hudson,3861.944444444444,1037910.8399525068,638400.0,3611999999,85000.0,2406.0,2511.0,2780.0,3465.0,3738.0,0.0037208826575326646,0.006049411723753828,0.0036014654208361917,0.005855263157894737
6278,5745,Oakwood,OH,Montgomery County,Oakwood,2062.9166666666665,404946.6729658915,167400.0,3911199999,42600.0,664.0,674.0,884.0,1168.0,1172.0,0.0050942921732324625,0.012323277578653922,0.002894208245782321,0.007001194743130227
30854,5762,Chesapeake Beach,MD,Calvert County,Chesapeake Beach,2796.6666666666665,466656.32582573633,440200.0,2400999999,79300.0,2012.0,2056.0,2314.0,2893.0,3413.0,0.005992989941190741,0.006353172800242314,0.007313733493188557,0.00775329395729214
55079,5776,Wellington,CO,Larimer County,Wellington,2365.694444444445,475013.8683640724,532200.0,0804599999,52800.0,1211.0,1219.0,1599.0,2241.0,2463.0,0.00498026395017012,0.004445122969643827,0.005185111770488865,0.004627959413754228
17624,5777,Crestwood,IL,Cook County,Crestwood,1500.0,192172.52415682643,305200.0,1700799999,43300.0,810.0,900.0,1181.0,1561.0,1603.0,0.007805486276362242,0.0049148099606815205,0.008341463000672449,0.005252293577981651
31551,5783,Fergus Falls,MN,Otter Tail County,Fergus Falls,1095.8333333333333,201511.27462797947,252500.0,2711199999,50050.0,649.0,721.0,946.0,1307.0,1381.0,0.005438074546232754,0.00433993399339934,0.0068532145536250345,0.00546930693069307
48299,5797,Wahpeton,ND,Richland County,Wahpeton,825.3333333333334,229827.4103496394,177600.0,3805599999,55400.0,807.0,809.0,928.0,1300.0,1558.0,0.0035911005222472947,0.004647147147147148,0.006778999935777001,0.008772522522522523
46429,5802,Mary Esther,FL,Okaloosa County,Mary Esther,2035.6241582491584,319361.4603513472,324800.0,1209199999,51000.0,1218.0,1398.0,1571.0,2184.0,2638.0,0.00637404449494205,0.006267315758156276,0.008260232769156899,0.00812192118226601
36927,5807,Pleasant Grove,AL,Jefferson County,Pleasant Grove,1519.1666666666667,227632.54234522223,224900.0,0107399999,47950.0,998.0,1144.0,1267.0,1583.0,1791.0,0.006673767515906113,0.006754854009189269,0.007867943579366658,0.007963539350822588
832008,5815,Chadds Ford,PA,Chester County,Chadds Ford,2526.6666666666665,714427.4365154767,461800.0,4202799999,54050.0,1226.0,1234.0,1431.0,1743.0,1897.0,0.0035366316262854377,0.0054713440161686154,0.0026552731642731434,0.004107838891294933
395539,5825,Newmarket,NH,Rockingham County,Newmarket,2125.0,548003.2145449413,461400.0,3301502340,70650.0,1346.0,1498.0,1963.0,2365.0,2603.0,0.0038777144797674,0.004605548331166017,0.004749972136863314,0.005641525791070655
4365,5826,Diberville,MS,Harrison County,Diberville,1512.5,220524.878607201,199300.0,2801599999,38400.0,707.0,711.0,933.0,1165.0,1242.0,0.006858636583557838,0.007589061716006021,0.0056320176110934445,0.006231811339688911
28006,5828,Wolfforth,TX,Lubbock County,Wolfforth,1467.2222222222224,262666.6697155345,199600.0,4830399999,40750.0,832.0,1007.0,1192.0,1658.0,1947.0,0.005585871339562077,0.0073508127365842805,0.007412436462184496,0.009754509018036072
56377,5832,North Logan,UT,Cache County,North Logan,1845.0,533377.3914568413,392800.0,4900599999,51700.0,914.0,920.0,1169.0,1638.0,1963.0,0.0034590892481600245,0.004697046843177189,0.0036803209724325897,0.004997454175152749
35431,5841,Highland Falls,NY,Orange County,Highland Falls,2006.25,420214.9732040656,361100.0,3602399999,46100.0,896.0,901.0,1118.0,1387.0,1877.0,0.004774342010477863,0.005555940182774855,0.0044667613476221555,0.005198006092495154
36646,5855,Spicewood,TX,Travis County,Spicewood,3108.333333333333,717905.1005752835,487600.0,4804199999,44250.0,1034.0,1089.0,1206.0,1690.0,1863.0,0.004329727328643455,0.006374760732841126,0.0025950505136502168,0.003820754716981132
23737,5864,Bloomingdale,GA,Bryan County,Bloomingdale,2750.0,331902.09059080173,317100.0,1300599999,38100.0,629.0,715.0,905.0,1268.0,1300.0,0.008285576011602902,0.008672343109429203,0.003916817750939554,0.004099653106275623
775610,5867,Cherry Creek,CO,Arapahoe County,Cherry Creek,2036.5121212121207,885522.1224043347,526000.0,0800599999,70050.0,1639.0,1789.0,2140.0,2794.0,3127.0,0.0022997868372646225,0.0038716960479317883,0.0035312500059396516,0.005944866920152091
17963,5867,Elmsford,NY,Westchester County,Elmsford,3249.944444444445,675688.4675669726,638400.0,3611999999,85000.0,2406.0,2511.0,2780.0,3465.0,3738.0,0.004809826718142586,0.0050907651072124764,0.005532135265620023,0.005855263157894737
56247,5869,Richmond Heights,MO,Saint Louis County,Richmond Heights,1507.5694444444443,386615.8571783686,260700.0,2918999999,55700.0,951.0,984.0,1215.0,1570.0,1806.0,0.003899398890276024,0.0057827750074585516,0.004671303482430071,0.006927502876869966
46577,5873,Monona,WI,Dane County,Monona,1656.6666666666667,475180.32252030814,366100.0,5500199999,46400.0,676.0,729.0,933.0,1165.0,1237.0,0.0034863957705148123,0.004525175270873168,0.0026032222745232332,0.003378858235454794
47399,5876,Riverdale,MD,Prince Georges County,Riverdale,2434.222222222222,483558.4469646355,404300.0,2403399999,81950.0,2012.0,2056.0,2314.0,2893.0,3413.0,0.005033977252392504,0.006020831615686921,0.00705809198748131,0.008441751174870145
35723,5878,Joshua Tree,CA,San Bernardino County,Joshua Tree,2020.2777777777776,354847.1034261052,475000.0,0606999999,66800.0,1799.0,1999.0,2623.0,3655.0,4046.0,0.005693375423588566,0.004253216374269005,0.011402093918578528,0.008517894736842105
44308,5891,Bridgewater,VA,Rockingham County,Bridgewater,2300.0,376925.48601341614,287900.0,5102999999,42200.0,809.0,834.0,935.0,1180.0,1342.0,0.00610200181560059,0.00798888502952414,0.0035603854071895617,0.00466134074331365
230978,5893,Anderson Mill,TX,Williamson County,Anderson Mill,1503.8705128205129,400948.7915037159,414600.0,4813999999,58650.0,1531.0,1606.0,1884.0,2361.0,3033.0,0.00375077951271634,0.0036272805422588347,0.007564557031398088,0.007315484804630969
27109,5894,Silverthorne,CO,Summit County,Silverthorne,3772.777777777778,863106.5812859681,850700.0,0811799999,66500.0,1571.0,1746.0,2291.0,3126.0,3354.0,0.004371160943016567,0.004434909812833876,0.00388596272201143,0.003942635476666275
23792,5900,Box Elder,SD,Meade County,Box Elder,2306.666666666667,357767.05517031206,274800.0,4600599999,46950.0,614.0,683.0,896.0,1159.0,1366.0,0.00644739819760262,0.00839398350315381,0.0038181268517016665,0.004970887918486172
35514,5905,Hoquiam,WA,Grays Harbor County,Hoquiam,1300.0,254877.9272424788,279500.0,5302799999,47400.0,798.0,902.0,1164.0,1631.0,1821.0,0.005100480901052061,0.004651162790697674,0.007144596708319849,0.00651520572450805
6847,5906,Rotonda West,FL,Charlotte County,Rotonda West,2162.944444444445,361610.18459305394,291000.0,1201599999,43900.0,1153.0,1160.0,1461.0,2047.0,2246.0,0.005981425680470152,0.0074327987781596045,0.006211108247760184,0.007718213058419244
171005,5907,Saint Anthony,MN,Hennepin County,Saint Anthony,1750.4444444444443,402371.7784427923,376500.0,2705399999,66200.0,1220.0,1381.0,1685.0,2244.0,2513.0,0.004350316145975222,0.0046492548325217644,0.006245467835059135,0.006674634794156706
38885,5910,Harahan,LA,Jefferson Parish,Harahan,1520.8333333333333,314244.5327853083,,2205399999,40300.0,657.0,690.0,903.0,1265.0,1516.0,0.004839649300668552,,0.004824268497411633,
47525,5927,Saint Pete Beach,FL,Pinellas County,Saint Pete Beach,3244.980158730159,623070.1450685852,319000.0,1210399999,52150.0,1566.0,1686.0,1978.0,2533.0,3082.0,0.005208049501991408,0.01017235159476539,0.004946473562235509,0.009661442006269592
22671,5929,Ventnor City,NJ,Atlantic County,Ventnor City,10375.0,603160.5638898048,272700.0,3400199999,50100.0,1240.0,1414.0,1719.0,2409.0,2654.0,0.017201058260658226,0.03804547121378805,0.004400155048075849,0.009732306563989733
46110,5939,Lake Park,FL,Palm Beach County,Lake Park,2463.0,387825.56522617344,407300.0,1200199999,52000.0,1176.0,1308.0,1583.0,2016.0,2099.0,0.006350793296887531,0.006047139700466487,0.005412227011842033,0.005153449545789344
26000,5943,Mound,MN,Hennepin County,Mound,1814.1666666666663,382732.9482267333,376500.0,2705399999,66200.0,1220.0,1381.0,1685.0,2244.0,2513.0,0.004740032639133914,0.0048185037627268695,0.006565935887263313,0.006674634794156706
17721,5946,De Forest,WI,Dane County,De Forest,1722.5,440414.3246297888,366100.0,5500199999,46400.0,676.0,729.0,933.0,1165.0,1237.0,0.003911089861684061,0.004704998634252936,0.002808718815038133,0.003378858235454794
806021,5949,Sugarcreek,OH,Greene County,Sugarcreek,2106.0,514388.46153728367,238000.0,3905799999,46900.0,780.0,845.0,1077.0,1390.0,1537.0,0.004094182038426914,0.008848739495798319,0.0029880141467531654,0.006457983193277311
32805,5953,Melbourne Beach,FL,Brevard County,Melbourne Beach,3124.1666666666665,630739.7846184709,304400.0,1200399999,45750.0,901.0,952.0,1129.0,1523.0,1896.0,0.00495317838331135,0.01026335961454227,0.0030059939871192273,0.006228646517739816
22932,5954,Westampton Township,NJ,Burlington County,Westampton Township,2675.444444444445,422987.3284372969,326700.0,3400599999,59700.0,1372.0,1512.0,1802.0,2171.0,2468.0,0.006325117242468528,0.008189300411522635,0.0058346901528182615,0.007554331190694827
15232,5968,La Grande,OR,Union County,La Grande,1408.3333333333333,294217.59511856944,260500.0,4100399999,58950.0,1200.0,1279.0,1643.0,2302.0,2490.0,0.0047867066983732776,0.005406269993602047,0.00846312403239015,0.009558541266794627
28270,5969,Bacliff,TX,Galveston County,Bacliff,1904.1666666666663,217860.69294536472,284900.0,4800199999,39700.0,846.0,851.0,1033.0,1245.0,1563.0,0.008740294731111476,0.006683631683631682,0.007174309320644502,0.0054861354861354865
207441,5974,Rockcreek,OR,Washington County,Rockcreek,1772.388888888889,635089.3206306146,558500.0,4106599999,45650.0,1297.0,1305.0,1599.0,2241.0,2684.0,0.002790771047966903,0.0031734805530687356,0.004226177189273016,0.00480572963294539
24279,5986,Crozet,VA,Albemarle County,Crozet,2568.833333333333,586610.9264930339,471000.0,5100399999,62900.0,1404.0,1487.0,1729.0,2155.0,2621.0,0.0043791092482554335,0.005453998584571833,0.0044680381520836275,0.005564755838641189
5266,5990,Incline Village,NV,Washoe County,Incline Village,3596.861111111111,1463645.2018127963,496600.0,3202999999,55250.0,1181.0,1370.0,1722.0,2384.0,2788.0,0.0024574679072880655,0.00724297444847183,0.0019048332181507686,0.005614176399516713
17128,5992,Boulder Creek,CA,Santa Cruz County,Boulder Creek,2908.1666666666665,749728.4165397501,1015200.0,0608399999,88250.0,2381.0,2688.0,3028.0,4011.0,4468.0,0.0038789601707893617,0.0028646243761491987,0.005959491332369833,0.004401103230890465
53809,5994,Park Ridge,NJ,Bergen County,Park Ridge,3264.111111111111,855259.0761659524,593200.0,3400399999,68550.0,1556.0,1807.0,2072.0,2550.0,3225.0,0.0038165173595629295,0.00550254738892635,0.003770787226786739,0.005436614969656102
398929,6001,Salisbury,MA,Essex County,Salisbury,2500.0,631305.5259032334,584000.0,2501700380,82700.0,2263.0,2394.0,2837.0,3418.0,3761.0,0.003960047706573062,0.004280821917808219,0.005957495769768514,0.0064400684931506845
19984,6008,Pleasant Hill,IA,Polk County,Pleasant Hill,1571.5833333333337,308254.94708291086,248400.0,1911199999,46000.0,632.0,702.0,921.0,1216.0,1221.0,0.005098323151682063,0.0063268250134192175,0.0039610069896837356,0.004915458937198068
33504,6008,Port Wentworth,GA,Chatham County,Port Wentworth,1951.9333333333327,295530.4572808432,273300.0,1304799999,47750.0,1231.0,1284.0,1426.0,1796.0,1942.0,0.006604846591085556,0.00714209049884132,0.006571234714243051,0.0071057446030003656
42627,6013,Painted Post,NY,Steuben County,Painted Post,1392.5,204598.8964489942,128600.0,3610199999,45650.0,829.0,834.0,1013.0,1308.0,1701.0,0.006805999563869326,0.01082814930015552,0.008313827833494955,0.013227060653188181
396599,6014,Highland Park,TX,Dallas County,Highland Park,4879.416666666667,2809273.417543285,277900.0,4805999999,43650.0,944.0,950.0,1207.0,1571.0,1899.0,0.0017368963220866292,0.017558174403262565,0.0006759754989105614,0.006833393306944944
5482,6016,Lake Arrowhead,CA,San Bernardino County,Lake Arrowhead,2648.333333333333,540368.2033895308,475000.0,0606999999,66800.0,1799.0,1999.0,2623.0,3655.0,4046.0,0.0049009792151375915,0.005575438596491227,0.007487487188589062,0.008517894736842105
34154,6020,Stoughton,WI,Dane County,Stoughton,1773.3333333333333,423896.3381864404,366100.0,5500199999,46400.0,676.0,729.0,933.0,1165.0,1237.0,0.004183412720478317,0.004843849585723391,0.002918166279265984,0.003378858235454794
42941,6024,Springfield,GA,Effingham County,Springfield,2062.0,306884.0093881345,245300.0,1310399999,49800.0,1324.0,1431.0,1584.0,2131.0,2459.0,0.006719151004678336,0.008406033428454952,0.00801279937948789,0.010024459845087649
39436,6027,Lincoln City,OR,Lincoln County,Lincoln City,1684.1666666666667,493229.6351729608,387700.0,4104199999,41300.0,982.0,1008.0,1322.0,1844.0,2220.0,0.00341456909026985,0.004343994497463675,0.004500946094249817,0.005726076863554294
32429,6032,Lantana,TX,Denton County,Lantana,3438.8888888888887,613223.4821897415,403400.0,4800199999,39700.0,846.0,851.0,1033.0,1245.0,1563.0,0.0056078884595369095,0.00852476174736958,0.0025488260730308792,0.0038745661874070403
42158,6042,Kennedale,TX,Tarrant County,Kennedale,1666.2666666666669,387846.4572291271,294100.0,4800799999,39700.0,969.0,976.0,1280.0,1670.0,1914.0,0.004296201848976258,0.005665646605462996,0.004934942589585834,0.006507990479428766
25873,6050,Mexia,TX,Limestone County,Mexia,875.0,131045.41697869556,154400.0,4805199999,44250.0,1034.0,1089.0,1206.0,1690.0,1863.0,0.006677074408044742,0.005667098445595855,0.014216445282499832,0.012066062176165803
36433,6052,Washingtonville,NY,Orange County,Washingtonville,3491.666666666667,515187.37702065456,361100.0,3602399999,46100.0,896.0,901.0,1118.0,1387.0,1877.0,0.006777469368250227,0.009669528293178253,0.0036433346074097395,0.005198006092495154
23907,6065,Caldwell,NJ,Essex County,Caldwell,2235.0,732014.0817496652,494400.0,3401399999,67650.0,1551.0,1768.0,2140.0,2695.0,3065.0,0.0030532199526242545,0.004520631067961165,0.004187077921607759,0.006199433656957929
26185,6073,North Haledon,NJ,Passaic County,North Haledon,2716.555555555555,704294.1504415917,439400.0,3400199999,50100.0,1240.0,1414.0,1719.0,2409.0,2654.0,0.003857132071666757,0.0061824204723613,0.0037683118599465075,0.006040054619936276
34558,6085,Victoria,MN,Carver County,Victoria,2260.0,605844.2023498785,426900.0,2700599999,48750.0,669.0,750.0,976.0,1305.0,1419.0,0.003730331975174761,0.005293979854766925,0.002342186315386277,0.003323963457484188
398019,6085,Falmouth,MA,Barnstable County,Falmouth,2612.5,842568.1036615673,575900.0,2500500520,59800.0,1081.0,1177.0,1448.0,1745.0,2088.0,0.003100639566875128,0.004536377843375586,0.002478137958137901,0.003625629449557215
30748,6090,Capitola,CA,Santa Cruz County,Capitola,3405.0,1222023.2766831336,1015200.0,0608399999,88250.0,2381.0,2688.0,3028.0,4011.0,4468.0,0.0027863626372502436,0.003354018912529551,0.00365623150168402,0.004401103230890465
124815,6104,Indian Harbour Beach,FL,Brevard County,Indian Harbour Beach,2370.833333333333,458444.04560492217,304400.0,1200399999,45750.0,901.0,952.0,1129.0,1523.0,1896.0,0.005171478081267238,0.007788545773105562,0.004135728270825737,0.006228646517739816
37299,6111,Bath,ME,Sagadahoc County,Bath,1900.0,378862.4691163593,300200.0,2302301570,51600.0,1037.0,1168.0,1435.0,2011.0,2410.0,0.005015012451435132,0.006329113924050633,0.006361147372609825,0.008027981345769488
45908,6125,Ivins,UT,Washington County,Ivins,2455.833333333333,627482.1595639201,465600.0,4905399999,50350.0,1146.0,1166.0,1485.0,1976.0,2494.0,0.003913789891715898,0.005274556128293241,0.003974614994206767,0.005356529209621993
15634,6134,Parkville,MO,Platte County,Parkville,1689.75,587614.4590793146,317600.0,2901399999,41250.0,675.0,679.0,891.0,1174.0,1496.0,0.0028756099750294303,0.005320371536523929,0.0025458869789282603,0.004710327455919395
38070,6155,Crestline,CA,San Bernardino County,Crestline,2172.5,377385.6417638193,475000.0,0606999999,66800.0,1799.0,1999.0,2623.0,3655.0,4046.0,0.005756710800777163,0.004573684210526316,0.010721128607569345,0.008517894736842105
33433,6165,Pingree Grove,IL,Kane County,Pingree Grove,2100.0,369539.58321397775,303000.0,1700799999,43300.0,810.0,900.0,1181.0,1561.0,1603.0,0.005682747113951304,0.006930693069306931,0.004337830296982829,0.0052904290429042905
17523,6165,College Place,WA,Walla Walla County,College Place,1588.6666666666667,407106.9999551105,375600.0,5307199999,48950.0,1020.0,1133.0,1487.0,2049.0,2497.0,0.003902331983586233,0.004229676961306355,0.0061335226372313196,0.0066480298189563365
8022,6178,Wyncote,PA,Montgomery County,Wyncote,1803.0833333333333,466383.4298543616,409900.0,4208999999,52200.0,1158.0,1183.0,1552.0,2043.0,2379.0,0.003866096473231018,0.0043988371147434336,0.005100953095059348,0.005803854598682606
38377,6183,Elsmere,KY,Kenton County,Elsmere,1695.0,219776.00153667247,227500.0,2105399999,35450.0,624.0,661.0,867.0,1045.0,1194.0,0.007712398024118058,0.007450549450549451,0.005432804271856614,0.0052483516483516485
25472,6187,Lake Mohegan,NY,Westchester County,Lake Mohegan,3235.833333333333,568342.2199403158,638400.0,3611999999,85000.0,2406.0,2511.0,2780.0,3465.0,3738.0,0.005693459362693735,0.005068661236424393,0.006577023259670105,0.005855263157894737
40242,6188,Paradise,CA,Butte County,Paradise,1392.5,330114.74595158204,408700.0,0600799999,46950.0,1069.0,1126.0,1466.0,2054.0,2462.0,0.0042182302277531045,0.003407144604844629,0.007458012797650371,0.006023978468314167
8885,6189,Rawlins,WY,Carbon County,Rawlins,941.9444444444443,205407.9027514359,214500.0,5600199999,52050.0,712.0,808.0,990.0,1387.0,1662.0,0.004585726409875725,0.0043913493913493905,0.008091217415384383,0.007748251748251748
37807,6210,Center Line,MI,Macomb County,Center Line,1450.0,174642.09533258356,231400.0,2600199999,40950.0,654.0,813.0,933.0,1294.0,1385.0,0.008302694703923818,0.006266205704407952,0.00793050494133413,0.005985306828003458
46877,6215,Old Forge,PA,Lackawanna County,Old Forge,1300.0,229808.2941383532,189900.0,4206999999,41850.0,779.0,928.0,1123.0,1462.0,1596.0,0.005656888951176633,0.006845708267509215,0.0069449190508291585,0.008404423380726698
44434,6216,Cape Canaveral,FL,Brevard County,Cape Canaveral,1887.121212121212,326316.8001103095,304400.0,1200399999,45750.0,901.0,952.0,1129.0,1523.0,1896.0,0.005783095481088567,0.006199478357822641,0.005810304585479718,0.006228646517739816
12331,6223,Laughlin,NV,Clark County,Laughlin,1254.9166666666667,262660.5081624779,400800.0,3200399999,51000.0,1316.0,1476.0,1750.0,2452.0,2841.0,0.004777713541505805,0.0031310296074517634,0.010816243446245825,0.007088323353293413
23328,6229,Sidney,MT,Richland County,Sidney,1036.0,268091.7363699932,259000.0,3005399999,43650.0,832.0,1024.0,1134.0,1589.0,1904.0,0.0038643488756036,0.004,0.007102046582190401,0.0073513513513513516
5584,6231,Leavenworth,WA,Chelan County,Leavenworth,1667.1944444444443,666884.3215422377,454900.0,5300799999,48250.0,1020.0,1134.0,1488.0,2065.0,2444.0,0.002499975468892248,0.0036649691018783123,0.0036648035064732096,0.005372609364695537
34750,6232,West Long Branch,NJ,Monmouth County,West Long Branch,3600.0,948317.808035531,566500.0,3402599999,68400.0,1474.0,1654.0,2040.0,2717.0,3023.0,0.0037961957157142383,0.006354810238305384,0.0031877499023900396,0.005336275375110326
24880,6232,Glenmoore,PA,Chester County,Glenmoore,2076.1666666666665,665054.4549779687,461800.0,4202799999,54050.0,1226.0,1234.0,1431.0,1743.0,1897.0,0.003121799502471484,0.004495813483470478,0.0028523980041045543,0.004107838891294933
31876,6248,Groesbeck,OH,Hamilton County,Groesbeck,1395.0,235491.62455057295,225700.0,3902199999,46800.0,661.0,720.0,905.0,1194.0,1262.0,0.005923777555411178,0.006180770934869295,0.00535900163077341,0.005591493132476739
15423,6249,Flowood,MS,Rankin County,Flowood,1579.4166666666667,326493.48495062714,223400.0,2803799999,34550.0,807.0,843.0,933.0,1238.0,1242.0,0.004837513578274031,0.007069904506117577,0.003804057530237754,0.005559534467323187
44035,6254,Barrington,IL,Cook County,Barrington,2717.8888888888887,611218.9784369521,305200.0,1700799999,43300.0,810.0,900.0,1181.0,1561.0,1603.0,0.004446669663038354,0.008905271588757827,0.0026226279885799572,0.005252293577981651
17183,6260,Bronxville,NY,Westchester County,Bronxville,6349.25,1463514.7872302255,638400.0,3611999999,85000.0,2406.0,2511.0,2780.0,3465.0,3738.0,0.004338357258430078,0.009945567042606516,0.0025541252009310756,0.005855263157894737
32770,6272,McCall,ID,Valley County,McCall,2400.0,782554.2913809936,599500.0,1608599999,49700.0,833.0,976.0,1081.0,1515.0,1815.0,0.003066879865631634,0.004003336113427856,0.002319327898383923,0.0030275229357798164
34030,6283,Solvang,CA,Santa Barbara County,Solvang,4800.0,1352936.9883352087,735700.0,0608399999,88250.0,2381.0,2688.0,3028.0,4011.0,4468.0,0.0035478370695640514,0.006524398532010331,0.003302445005585871,0.0060731276335462825
25756,6297,Marietta,PA,Lancaster County,Marietta,1815.0,307023.6488438854,279400.0,4202999999,59700.0,1372.0,1512.0,1802.0,2171.0,2468.0,0.005911596734761258,0.006496062992125984,0.008038468728039,0.008833214030064424
20401,6315,Seabrook,NH,Rockingham County,Seabrook,2700.0,649997.1507181005,461400.0,3301502340,70650.0,1346.0,1498.0,1963.0,2365.0,2603.0,0.004153864362354678,0.005851755526657998,0.0040046329389663805,0.005641525791070655
13166,6320,Palm Beach,FL,Palm Beach County,Palm Beach,11303.888888888889,2085213.866258624,407300.0,1200199999,52000.0,1176.0,1308.0,1583.0,2016.0,2099.0,0.005420973393568875,0.027753225850451483,0.0010066113763985808,0.005153449545789344
33236,6326,Old Orchard Beach,ME,York County,Old Orchard Beach,1771.2962962962963,510341.42839378,357200.0,2303100275,53450.0,1162.0,1312.0,1616.0,2134.0,2351.0,0.003470806400866132,0.004958836215835096,0.004606719872614311,0.006581746920492721
31600,6339,Fort Belvoir,VA,Fairfax County,Fort Belvoir,2435.2000000000003,798337.2000387493,699700.0,5160099999,81950.0,2012.0,2056.0,2314.0,2893.0,3413.0,0.0030503401318162323,0.003480348720880378,0.004275135869698094,0.0048778047734743465
22817,6343,Wauconda,IL,Lake County,Wauconda,2300.0,334405.86438581377,326600.0,1702399999,45900.0,635.0,747.0,926.0,1181.0,1228.0,0.006877869813151432,0.007042253521126761,0.0036721844045869384,0.0037599510104102877
29352,6349,Vashon,WA,King County,Vashon,3350.0,926293.125812231,811200.0,5302199999,52800.0,1101.0,1236.0,1503.0,2003.0,2318.0,0.003616565757262328,0.004129684418145957,0.002502447589651963,0.0028574950690335305
7982,6351,Winterville,GA,Oglethorpe County,Winterville,1615.0,331575.7190676903,198700.0,1322199999,47150.0,1065.0,1106.0,1225.0,1627.0,1725.0,0.004870682342304751,0.008127830900855561,0.0052024316040097185,0.008681429290387519
41969,6358,Brentwood,MO,Saint Louis County,Brentwood,1778.0952380952378,272040.35130519286,260700.0,2918999999,55700.0,951.0,984.0,1215.0,1570.0,1806.0,0.006536145206269246,0.006820465048313149,0.006638721025521356,0.006927502876869966
21042,6359,Van Alstyne,TX,Grayson County,Van Alstyne,2387.1666666666665,438502.1643604851,228300.0,4800199999,39700.0,846.0,851.0,1033.0,1245.0,1563.0,0.005443910796080399,0.01045627098846547,0.003564406580021084,0.006846254927726675
9412,6367,Ward,AR,Lonoke County,Ward,1325.0,205466.45073614028,184100.0,0500999999,37500.0,581.0,646.0,848.0,1188.0,1314.0,0.006448741365088178,0.007197175448126018,0.006395204644321408,0.007137425312330256
30108,6371,Krum,TX,Denton County,Krum,2209.6111111111118,343231.8828618711,403400.0,4800199999,39700.0,846.0,851.0,1033.0,1245.0,1563.0,0.006437662762233364,0.005477469288822786,0.004553772764253977,0.0038745661874070403
41023,6373,Spring Lake,NJ,Monmouth County,Spring Lake,3812.1666666666665,1329987.807694011,566500.0,3402599999,68400.0,1474.0,1654.0,2040.0,2717.0,3023.0,0.002866317002767388,0.006729332156516622,0.0022729531673236956,0.005336275375110326
5799,6375,Maplewood,MO,Saint Louis County,Maplewood,1450.4027777777776,267360.3098543762,260700.0,2918999999,55700.0,951.0,984.0,1215.0,1570.0,1806.0,0.005424899374809118,0.005563493585645484,0.006754929334812929,0.006927502876869966
32578,6377,Los Altos Hills,CA,Santa Clara County,Los Altos Hills,9181.25,5759228.571315239,1382800.0,0608399999,88250.0,2381.0,2688.0,3028.0,4011.0,4468.0,0.0015941805202399305,0.006639608041654614,0.0007757983460239085,0.0032311252531096327
4693,6383,Farmington,AR,Washington County,Farmington,1683.0,326753.3615626728,266000.0,0513799999,33550.0,618.0,646.0,848.0,1188.0,1193.0,0.005150673865912754,0.006327067669172932,0.0036510718490991773,0.004484962406015038
19446,6384,Monticello,MN,Wright County,Monticello,1666.4722222222224,330538.4364163768,332800.0,2715199999,47600.0,640.0,711.0,933.0,1185.0,1237.0,0.005041689675457229,0.005007428552350428,0.0037423786879712843,0.0037169471153846155
775743,6387,Clover Creek,WA,Pierce County,Clover Creek,1878.0,536020.343290835,484400.0,5305399999,60400.0,1479.0,1673.0,2057.0,2882.0,3292.0,0.003503598368058637,0.0038769611890999175,0.006141557948694905,0.006796036333608588
26908,6390,Saint Francis,WI,Milwaukee County,Saint Francis,1699.888888888889,279883.1899063682,216500.0,5506199999,53500.0,841.0,918.0,1147.0,1521.0,1554.0,0.006073565509445451,0.007851680780087246,0.0055523163092427,0.007177829099307159
6276,6395,Oakwood,GA,Hall County,Oakwood,1580.2333333333331,322537.64095307066,313600.0,1301799999,38100.0,752.0,756.0,905.0,1118.0,1520.0,0.00489937648413339,0.005039009353741496,0.00471262825482487,0.004846938775510204
33493,6404,Port Isabel,TX,Cameron County,Port Isabel,1866.6666666666667,258059.1127215569,120000.0,4800199999,39700.0,846.0,851.0,1033.0,1245.0,1563.0,0.007233484789513248,0.015555555555555557,0.006056751817504932,0.013025
6200,6412,Niantic,CT,New London County,Niantic,2491.6666666666665,491349.313297618,,,,,,,,,0.005071069805601671,,,
10368,6425,Berkeley,MO,Saint Louis County,Berkeley,1352.7777777777776,94230.64687914932,260700.0,2918999999,55700.0,951.0,984.0,1215.0,1570.0,1806.0,0.014356027710525146,0.005189021011805821,0.019165739170995955,0.006927502876869966
40108,6430,Oak Island,NC,Brunswick County,Oak Island,2100.0,564879.3013165804,314700.0,3701999999,47500.0,1057.0,1158.0,1282.0,1796.0,2153.0,0.0037176083370473478,0.00667302192564347,0.0038114336903156856,0.0068414362885287575
129049,6438,Gresham Park,GA,Dekalb County,Gresham Park,1754.8333333333333,276429.4403925092,331400.0,1308999999,57100.0,1591.0,1653.0,1830.0,2205.0,2653.0,0.006348214324934423,0.005295212230939449,0.0095973858509171,0.008005431502715751
396746,6446,Freeport,ME,Cumberland County,Freeport,2725.0,688244.0362786493,411400.0,2300502655,54750.0,1197.0,1330.0,1745.0,2191.0,2667.0,0.003959351416590742,0.0066237238697131745,0.0038750789827697277,0.006482741857073408
36638,6447,Irondale,AL,Jefferson County,Irondale,2043.3333333333333,283370.0249444608,224900.0,0107399999,47950.0,998.0,1144.0,1267.0,1583.0,1791.0,0.007210830904693668,0.009085519490143768,0.006320357985468039,0.007963539350822588
53593,6451,North Bay Village,FL,Miami-Dade County,North Bay Village,2884.5750000000003,384207.0044769909,425400.0,1208699999,61950.0,1711.0,1898.0,2329.0,3008.0,3527.0,0.007507866765538757,0.006780853314527504,0.009179947161039387,0.008291020216267042
44310,6455,Brigantine,NJ,Atlantic County,Brigantine,1550.0,687579.6710416487,272700.0,3400199999,50100.0,1240.0,1414.0,1719.0,2409.0,2654.0,0.0022542842164775287,0.005683901723505684,0.0038599163293750716,0.009732306563989733
43621,6465,Heath,TX,Rockwall County,Heath,3387.5,714704.2348021446,386000.0,4819199999,39700.0,707.0,711.0,933.0,1307.0,1395.0,0.004739722860237116,0.008775906735751295,0.0019518563513005983,0.0036139896373056993
29777,6477,Lago Vista,TX,Travis County,Lago Vista,1932.222222222222,408474.1566408376,487600.0,4804199999,44250.0,1034.0,1089.0,1206.0,1690.0,1863.0,0.004730341420157904,0.003962719897912678,0.004560876054731891,0.003820754716981132
11106,6477,Devon,PA,Chester County,Devon,1874.5238095238092,968584.1573151964,461800.0,4202799999,54050.0,1226.0,1234.0,1431.0,1743.0,1897.0,0.0019353236323003393,0.00405916805873497,0.001958528833734247,0.004107838891294933
50211,6497,Gray,ME,Cumberland County,Gray,2150.0,502921.164731092,411400.0,2300502655,54750.0,1197.0,1330.0,1745.0,2191.0,2667.0,0.004275023901906352,0.005226057365094798,0.005303018021574065,0.006482741857073408
26691,6504,Raritan,NJ,Somerset County,Raritan,2599.5,549970.1061657488,523900.0,3402199999,63450.0,1391.0,1605.0,2028.0,2443.0,2747.0,0.004726620539656329,0.004961824775720557,0.004994816934962853,0.005243367054781447
9455,6513,Rumson,NJ,Monmouth County,Rumson,6950.0,2098360.013684657,566500.0,3402599999,68400.0,1474.0,1654.0,2040.0,2717.0,3023.0,0.003312110388434256,0.012268314210061783,0.0014406488783074468,0.005336275375110326
28241,6553,Cheviot,OH,Hamilton County,Cheviot,1347.5,183462.8841070946,225700.0,3902199999,46800.0,661.0,720.0,905.0,1194.0,1262.0,0.0073448098592705565,0.005970314576871954,0.006878775541669345,0.005591493132476739
32574,6554,Lorena,TX,McLennan County,Lorena,2305.833333333333,345818.4354483989,219200.0,4807799999,44450.0,823.0,896.0,1102.0,1506.0,1709.0,0.0066677571146359456,0.010519312652068125,0.004941899635235056,0.007796532846715328
45886,6572,Ingleside,TX,San Patricio County,Ingleside,1416.888888888889,217227.8095346181,180400.0,4840799999,39750.0,732.0,843.0,933.0,1232.0,1237.0,0.006522594376495285,0.007854151268785416,0.00569448268456101,0.006856984478935698
4197,6577,Conifer,CO,Jefferson County,Conifer,2925.0,784676.6168501097,604400.0,0805999999,70050.0,1639.0,1789.0,2140.0,2794.0,3127.0,0.0037276502666049737,0.0048395102581072135,0.003985081156811539,0.005173726009265387
4805,6602,Franklin Park,NJ,Somerset County,Franklin Park,2375.0,415271.1524561306,523900.0,3402199999,63450.0,1391.0,1605.0,2028.0,2443.0,2747.0,0.005719154788270288,0.004533307883183814,0.006614955033001466,0.005243367054781447
48633,6647,Altoona,WI,Eau Claire County,Altoona,1180.0,340101.1998515614,242400.0,5501999999,46400.0,640.0,711.0,933.0,1172.0,1308.0,0.0034695555338088075,0.004867986798679868,0.003845914100188068,0.005396039603960396
48046,6661,Trophy Club,TX,Denton County,Trophy Club,2707.222222222222,700198.9535727807,403400.0,4800199999,39700.0,846.0,851.0,1033.0,1245.0,1563.0,0.0038663614225764842,0.006711011953947006,0.0022322227018831686,0.0038745661874070403
26382,6666,Paoli,PA,Chester County,Paoli,2310.333333333333,629237.2263663244,461800.0,4202799999,54050.0,1226.0,1234.0,1431.0,1743.0,1897.0,0.003671641213401957,0.00500288725277898,0.003014761238705892,0.004107838891294933
40336,6678,Pilot Point,TX,Denton County,Pilot Point,1979.75,351693.5566962238,403400.0,4800199999,39700.0,846.0,851.0,1033.0,1245.0,1563.0,0.005629190419630048,0.004907659890927119,0.004444209938568892,0.0038745661874070403
39166,6693,Jersey Village,TX,Harris County,Jersey Village,1375.638888888889,393182.45867053047,255000.0,4800999999,44450.0,823.0,896.0,1102.0,1506.0,1709.0,0.0034987290469171554,0.005394662309368192,0.0043465825148422165,0.006701960784313726
43976,6695,Atlantic Highlands,NJ,Monmouth County,Atlantic Highlands,2859.333333333333,802742.7977875698,566500.0,3402599999,68400.0,1474.0,1654.0,2040.0,2717.0,3023.0,0.0035619545154611273,0.005047366872609591,0.003765838831979129,0.005336275375110326
8047,6700,Zelienople,PA,Butler County,Zelienople,1195.0,413912.5638225697,275600.0,4200799999,53650.0,998.0,1068.0,1280.0,1632.0,1759.0,0.002887083177577224,0.004335994194484761,0.004249689798626223,0.006382438316400581
36150,6706,Millburn,NJ,Essex County,Millburn,3791.6666666666665,1227610.9526235715,494400.0,3401399999,67650.0,1551.0,1768.0,2140.0,2695.0,3065.0,0.003088654967246227,0.007669228694714131,0.002496719333962994,0.006199433656957929
24989,6709,Gulf Hills,MS,Jackson County,Gulf Hills,1467.3055555555554,246559.94865575465,181700.0,2800399999,35050.0,780.0,784.0,933.0,1286.0,1291.0,0.005951110728061505,0.008075429584785666,0.0052360491111331535,0.007105118326912493
55239,6709,Winooski,VT,Chittenden County,Winooski,1869.4444444444443,428464.1401239505,404500.0,5000706550,64900.0,1380.0,1476.0,1936.0,2491.0,2567.0,0.004363129301564496,0.004621617909627798,0.0059911664935539104,0.00634610630407911
47572,6713,Santaquin,UT,Utah County,Santaquin,1635.0,494925.4317598479,489200.0,4900599999,51700.0,914.0,920.0,1169.0,1638.0,1963.0,0.003303527956092887,0.003342191332788226,0.003966254053706628,0.0040126737530662305
52845,6719,Lake Bluff,IL,Lake County,Lake Bluff,2038.4444444444443,618217.3800085209,326600.0,1702399999,45900.0,635.0,747.0,926.0,1181.0,1228.0,0.0032972939784002005,0.006241409811526161,0.0019863563201394864,0.0037599510104102877
46841,6723,Oak Grove,KY,Christian County,Oak Grove,1231.1309523809523,216342.00176494764,149200.0,2104799999,43850.0,916.0,976.0,1229.0,1722.0,2064.0,0.005690670061001644,0.008251547938210136,0.009540449765471363,0.013833780160857909
40977,6723,South Hill,VA,Mecklenburg County,South Hill,1525.0,207016.91969417877,169400.0,5111199999,39050.0,649.0,653.0,857.0,1104.0,1367.0,0.007366547634139502,0.009002361275088548,0.006603324994012262,0.00806965761511216
16507,6750,Dunellen,NJ,Middlesex County,Dunellen,2427.555555555556,536060.0114962235,439300.0,3401399999,67650.0,1551.0,1768.0,2140.0,2695.0,3065.0,0.0045285145384746876,0.005525963021979413,0.005717643424744792,0.006977008877760073
151528,6765,Eden Isle,LA,Saint Tammany Parish,Eden Isle,1979.1666666666663,343475.9024383153,,2210399999,47400.0,1071.0,1236.0,1478.0,1889.0,2217.0,0.005762170366586646,,0.0064546012813756284,
24780,6786,Fox Lake,IL,Lake County,Fox Lake,1840.0,250997.2834429678,326600.0,1702399999,45900.0,635.0,747.0,926.0,1181.0,1228.0,0.007330756631149313,0.005633802816901409,0.004892483229919216,0.0037599510104102877
33494,6788,Port Jefferson,NY,Suffolk County,Port Jefferson,3291.6666666666665,750956.7734478154,539500.0,3610399999,82450.0,1848.0,2241.0,2586.0,3352.0,3591.0,0.0043832971258170655,0.006101328390485016,0.0047818997403976955,0.006656163113994439
22742,6800,Shalimar,FL,Okaloosa County,Shalimar,2143.0,380514.4915360514,324800.0,1209199999,51000.0,1218.0,1398.0,1571.0,2184.0,2638.0,0.00563184858308337,0.0065979064039408866,0.006932718881089095,0.00812192118226601
11495,6806,Fort Mitchell,AL,Russell County,Fort Mitchell,1906.6666666666667,304779.06044748897,152300.0,0109599999,37200.0,590.0,594.0,780.0,1050.0,1053.0,0.006255897842414835,0.012519150798861896,0.003454961762970011,0.006913985554826001
40965,6821,South Berwick,ME,York County,South Berwick,1950.0,520238.53663975134,357200.0,2303100275,53450.0,1162.0,1312.0,1616.0,2134.0,2351.0,0.003748280572591094,0.005459126539753639,0.004519080833929058,0.006581746920492721
5404,6832,Kenwood,OH,Hamilton County,Kenwood,2516.311111111111,516130.74790469714,225700.0,3902199999,46800.0,661.0,720.0,905.0,1194.0,1262.0,0.004875336571840407,0.011148919411214493,0.0024451168722717264,0.005591493132476739
9228,6834,Whitsett,NC,Guilford County,Whitsett,1978.222222222222,321637.99916735775,234900.0,3708199999,42800.0,999.0,1039.0,1150.0,1463.0,1646.0,0.006150461784190165,0.008421550541601626,0.005117554531060049,0.007007237122179651
51159,6836,Brooklet,GA,Bulloch County,Brooklet,1050.0,312850.7858405856,191600.0,1303199999,38850.0,855.0,861.0,1129.0,1371.0,1497.0,0.0033562325796267357,0.005480167014613779,0.004785028734953546,0.007813152400835074
42080,6869,Alamo Heights,TX,Bexar County,Alamo Heights,2560.5666666666666,743002.0483062327,244100.0,4801999999,48300.0,1116.0,1231.0,1501.0,1907.0,2243.0,0.0034462444249027347,0.010489826573808548,0.003018834207944921,0.009188857025809094
6306,6869,Old Town,ME,Penobscot County,Old Town,1476.9444444444443,259616.08064787663,193800.0,2301901115,42500.0,839.0,880.0,1155.0,1455.0,1723.0,0.0056889559412448675,0.007620972365554408,0.006636722947593317,0.008890608875128998
27312,6901,Sultan,WA,Snohomish County,Sultan,2900.0,565038.5586200604,644600.0,5306199999,78550.0,2238.0,2293.0,2671.0,3521.0,4104.0,0.005132393100892782,0.004498914055228048,0.007263221133125509,0.006366739062984797
37741,6905,Cape Elizabeth,ME,Cumberland County,Cape Elizabeth,2900.0,881081.3354949964,411400.0,2300502655,54750.0,1197.0,1330.0,1745.0,2191.0,2667.0,0.003291410092543572,0.007049100631988332,0.0030269623161426574,0.006482741857073408
7850,6916,West Miami,FL,Miami-Dade County,West Miami,2577.990338164251,670660.4483060051,425400.0,1208699999,61950.0,1711.0,1898.0,2329.0,3008.0,3527.0,0.0038439576162212874,0.006060155943028329,0.005258995082994249,0.008291020216267042
185037,6925,Woodfin,NC,Buncombe County,Woodfin,1836.3333333333333,429906.29410892446,360000.0,3702199999,46550.0,1286.0,1347.0,1512.0,1944.0,2566.0,0.004271473478050697,0.005100925925925925,0.00596874257288696,0.007127777777777778
12599,6938,Maryville,IL,Madison County,Maryville,1150.0,329446.54578138754,167900.0,1700199999,46550.0,669.0,749.0,975.0,1261.0,1319.0,0.0034907028612863682,0.00684931506849315,0.004003684412205844,0.007855866587254318
113412,6947,Alondra Park,CA,Los Angeles County,Alondra Park,2397.5,857408.1525883335,783300.0,0603799999,75750.0,1856.0,2081.0,2625.0,3335.0,3698.0,0.0027962178721562835,0.00306076854334227,0.004312998411359306,0.004721051959657858
41457,6948,Valley Park,MO,Saint Louis County,Valley Park,1653.8333333333333,294970.9053822184,260700.0,2918999999,55700.0,951.0,984.0,1215.0,1570.0,1806.0,0.005606767661340441,0.006343817926096407,0.006122637748491889,0.006927502876869966
236066,6959,Northlake,TX,Denton County,Northlake,3178.8888888888887,504255.3004167999,403400.0,4800199999,39700.0,846.0,851.0,1033.0,1245.0,1563.0,0.006304125878818388,0.007880240180686388,0.003099620368309621,0.0038745661874070403
48476,6960,White Salmon,WA,Klickitat County,White Salmon,1950.0,713695.1956930906,388700.0,5303599999,62150.0,1411.0,1568.0,2057.0,2685.0,3090.0,0.0027322588294941474,0.005016722408026756,0.004329579375967649,0.007949575508103936
39969,6974,New Castle,CO,Garfield County,New Castle,2825.0,638180.1470690076,490600.0,0801499999,70050.0,1639.0,1789.0,2140.0,2794.0,3127.0,0.004426649768054486,0.005758255197717081,0.004899870380427036,0.006373827965756217
21062,6989,Vernal,UT,Uintah County,Vernal,1273.3333333333333,287211.830242996,270200.0,4904399999,83350.0,1446.0,1472.0,1808.0,2391.0,2487.0,0.004433429264581573,0.004712558598568961,0.008659114068859455,0.009204293116210214
32760,6992,McFarland,WI,Dane County,McFarland,1739.1666666666667,486224.6626311846,366100.0,5500199999,46400.0,676.0,729.0,933.0,1165.0,1237.0,0.003576878756530445,0.004750523536374397,0.002544091435646283,0.003378858235454794
53274,6992,Meridianville,AL,Madison County,Meridianville,1980.0,332044.37919071893,267800.0,0100399999,46500.0,972.0,1043.0,1244.0,1550.0,1975.0,0.005963058326196607,0.007393577296489918,0.005948000098100151,0.007374906646751307
41537,6996,Waite Park,MN,Stearns County,Waite Park,1198.8055555555557,254755.74483147752,256500.0,2714599999,51600.0,856.0,883.0,1151.0,1510.0,1798.0,0.004705705680351086,0.0046737058696123025,0.0070577407437441226,0.007009746588693957
11885,7022,Hiawatha,IA,Linn County,Hiawatha,822.2222222222222,257739.41048593004,204400.0,1904599999,46550.0,673.0,723.0,948.0,1158.0,1390.0,0.0031901299869974953,0.004022613611654707,0.005393044072613334,0.006800391389432486
15249,7045,Elmwood,LA,Jefferson Parish,Elmwood,1849.4166666666667,428338.3517647339,,2205399999,40300.0,657.0,690.0,903.0,1265.0,1516.0,0.004317653693738039,,0.0035392581443014644,
56681,7072,Waialua,HI,Honolulu County,Waialua,3433.333333333333,1001494.2969051755,873000.0,1500399999,76000.0,1887.0,2052.0,2687.0,3765.0,4512.0,0.0034282105688899504,0.003932798778159602,0.004505267792281008,0.005168384879725086
30587,7081,Bridge City,TX,Orange County,Bridge City,1683.3333333333337,206231.62350208036,163400.0,4800599999,39700.0,855.0,900.0,1038.0,1330.0,1434.0,0.008162343411491173,0.010301917584659325,0.006953346803214855,0.008776009791921665
23847,7084,Brookshire,TX,Waller County,Brookshire,2194.444444444445,356936.5566591969,292000.0,4800999999,44450.0,823.0,896.0,1102.0,1506.0,1709.0,0.006147995781053328,0.007515220700152208,0.004787965727006644,0.005852739726027397
38300,7097,East Rochester,NY,Monroe County,East Rochester,1208.3333333333333,227581.8838154961,197100.0,3600799999,47250.0,869.0,939.0,1188.0,1533.0,1752.0,0.005309444289128683,0.00613055978352782,0.007698328050664927,0.008888888888888889
11638,7099,Godley,TX,Johnson County,Godley,2595.0,437254.8824175124,254600.0,4800199999,39700.0,846.0,851.0,1033.0,1245.0,1563.0,0.00593475362848474,0.010192458758837392,0.003574574150798323,0.006139041633935585
48646,7114,Black Diamond,WA,King County,Black Diamond,2607.2000000000003,794200.5209691819,811200.0,5302199999,52800.0,1101.0,1236.0,1503.0,2003.0,2318.0,0.0032827981487828437,0.003214003944773176,0.002918658372537063,0.0028574950690335305
29526,7127,Watford City,ND,McKenzie County,Watford City,1242.4166666666667,371004.51720147184,357300.0,3804999999,52500.0,703.0,707.0,928.0,1199.0,1558.0,0.0033487912115958943,0.003477236682526355,0.00419940978549848,0.004360481388189197
48482,7137,Whitestown,IN,Boone County,Whitestown,2211.333333333333,366637.3600230813,341800.0,1800799999,45300.0,831.0,971.0,1161.0,1399.0,1750.0,0.006031391163175844,0.006469670372537545,0.004773108773993546,0.005119953188999415
33126,7138,Noble,OK,Cleveland County,Noble,1241.6666666666667,209094.59550904797,222800.0,4002799999,48850.0,886.0,961.0,1180.0,1575.0,1719.0,0.005938301100723272,0.005573010173548773,0.008221159403068432,0.007715439856373429
36276,7141,Sauk Village,IL,Cook County,Sauk Village,1740.8333333333337,154824.09958383327,305200.0,1700799999,43300.0,810.0,900.0,1181.0,1561.0,1603.0,0.011243942887526481,0.005703910004368721,0.010353685274507389,0.005252293577981651
38561,7143,Forestdale,AL,Jefferson County,Forestdale,1298.888888888889,174851.7173893313,224900.0,0107399999,47950.0,998.0,1144.0,1267.0,1583.0,1791.0,0.007428516621296518,0.005775406353441035,0.010242964877560186,0.007963539350822588
20855,7164,Tuckahoe,NY,Westchester County,Tuckahoe,3950.0,813848.6446642918,638400.0,3611999999,85000.0,2406.0,2511.0,2780.0,3465.0,3738.0,0.00485348231012826,0.00618734335839599,0.00459299161398973,0.005855263157894737
775596,7174,Garrison,MD,Baltimore County,Garrison,2054.958333333333,324605.3630583693,330000.0,2451099999,65150.0,1407.0,1604.0,1965.0,2529.0,2826.0,0.00633063580333951,0.006227146464646464,0.008705955974892009,0.008563636363636364
41312,7177,Turtle Creek,PA,Allegheny County,Turtle Creek,1032.2222222222224,102705.92115976416,216700.0,4200399999,53650.0,998.0,1068.0,1280.0,1632.0,1759.0,0.010050269843902665,0.004763369737989028,0.017126568557462116,0.008117212736502077
35737,7179,Fort Wright,KY,Kenton County,Fort Wright,1645.0,332059.6425568492,227500.0,2105399999,35450.0,624.0,661.0,867.0,1045.0,1194.0,0.004953929322255332,0.007230769230769231,0.0035957395810169404,0.0052483516483516485
19366,7202,Midway Park,NC,Onslow County,Midway Park,1536.111111111111,270161.70274514303,219500.0,3700799999,38200.0,834.0,927.0,1216.0,1465.0,1728.0,0.005685895134293705,0.006998228296633763,0.006396169340219581,0.00787243735763098
396843,7211,Garden Home-Whitford,OR,Washington County,Garden Home-Whitford,2323.1666666666665,644348.9051110888,558500.0,4106599999,45650.0,1297.0,1305.0,1599.0,2241.0,2684.0,0.0036054483033010534,0.004159653834676215,0.004165445116318256,0.00480572963294539
28111,7211,Carolina Beach,NC,New Hanover County,Carolina Beach,3225.0,600300.6538234836,353700.0,3712999999,54150.0,1083.0,1427.0,1580.0,2087.0,2485.0,0.0053723079917689055,0.009117896522476675,0.004139592359549063,0.007025728018094431
105065,7225,Lake Purdy,AL,Shelby County,Lake Purdy,1375.2777777777776,492415.50865209015,298700.0,0104999999,36100.0,578.0,587.0,772.0,1044.0,1280.0,0.002792921330894682,0.004604210839564036,0.002599430719604665,0.004285236022765316
18374,7230,Great Mills,MD,Saint Marys County,Great Mills,2185.0,372194.2254389948,390900.0,2403799999,64400.0,1493.0,1624.0,1831.0,2285.0,2818.0,0.005870590811619501,0.005589664875927347,0.007571315746976546,0.007209004860578153
43129,7230,Tarboro,NC,Edgecombe County,Tarboro,1159.7777777777776,157485.8757442905,116800.0,3702199999,46550.0,1286.0,1347.0,1512.0,1944.0,2566.0,0.0073643288472479045,0.009929604261796041,0.016293524659737796,0.02196917808219178
395679,7253,Essex,CT,Middlesex County,Essex,2525.0,621108.6161182397,,,,,,,,,0.004065311500234154,,,
19729,7260,Oakmont,PA,Allegheny County,Oakmont,1299.1666666666667,337509.14076372614,216700.0,4200399999,53650.0,998.0,1068.0,1280.0,1632.0,1759.0,0.003849278463175463,0.005995231502845717,0.005211710699211524,0.008117212736502077
31566,7287,Flagler Beach,FL,Flagler County,Flagler Beach,2737.5,460614.3726731199,333400.0,1200399999,45750.0,901.0,952.0,1129.0,1523.0,1896.0,0.005943149329260503,0.008210857828434313,0.004116241508046727,0.0056868626274745055
8638,7294,Fairview,OR,Multnomah County,Fairview,1812.1666666666667,481291.4604352615,528000.0,4105199999,62050.0,1628.0,1750.0,1997.0,2739.0,3217.0,0.003765216746268078,0.0034321338383838385,0.006684099479119511,0.00609280303030303
35785,7296,Morton,PA,Delaware County,Morton,1703.75,367388.120815061,302400.0,4204599999,59700.0,1372.0,1512.0,1802.0,2171.0,2468.0,0.004637466220247357,0.005634093915343915,0.006717691346483038,0.008161375661375661
41744,7308,Windcrest,TX,Bexar County,Windcrest,1213.1666666666663,318078.1805521346,244100.0,4801999999,48300.0,1116.0,1231.0,1501.0,1907.0,2243.0,0.003814051830153192,0.004969957667622558,0.007051725447204516,0.009188857025809094
46058,7322,Knob Noster,MO,Johnson County,Knob Noster,992.5,262828.46615881874,221400.0,2900599999,38550.0,615.0,628.0,824.0,993.0,1190.0,0.0037762271891822567,0.004482836495031617,0.004527667864107693,0.005374887082204155
43383,7326,Roeland Park,KS,Johnson County,Roeland Park,1963.055555555556,326901.2073773058,366000.0,2000399999,42550.0,625.0,711.0,872.0,1051.0,1251.0,0.006005042230663342,0.0053635397692774756,0.0038268442323497126,0.003418032786885246
55376,7350,Cedar Hills,UT,Utah County,Cedar Hills,2640.0,662668.2258753072,489200.0,4900599999,51700.0,914.0,920.0,1169.0,1638.0,1963.0,0.003983894046697152,0.005396565821749796,0.0029622666718433746,0.0040126737530662305
34332,7360,Treasure Island,FL,Pinellas County,Treasure Island,2375.972222222222,537801.1978016162,319000.0,1210399999,52150.0,1566.0,1686.0,1978.0,2533.0,3082.0,0.004417937765729316,0.007448188784395681,0.00573074216383,0.009661442006269592
56139,7362,Osprey,FL,Sarasota County,Osprey,3866.6666666666665,674813.5841790164,373100.0,1211599999,53800.0,1266.0,1580.0,1846.0,2425.0,2903.0,0.005729977518711162,0.01036362011971768,0.004301928811246165,0.0077807558295363176
16536,7366,Oakhurst,NJ,Monmouth County,Oakhurst,2900.0,982456.821687358,566500.0,3402599999,68400.0,1474.0,1654.0,2040.0,2717.0,3023.0,0.0029517836672142846,0.005119152691968226,0.003076980008961649,0.005336275375110326
11504,7373,Fortville,IN,Hancock County,Fortville,1703.0,303939.1488542583,258100.0,1805999999,55350.0,955.0,1097.0,1283.0,1669.0,2028.0,0.005603095245938866,0.006598217745060054,0.006672388231805062,0.00785741960480434
123902,7383,Century Village,FL,Palm Beach County,Century Village,1418.75,100050.6937698106,407300.0,1200199999,52000.0,1176.0,1308.0,1583.0,2016.0,2099.0,0.014180311465547229,0.0034833046894181194,0.020979364769116216,0.005153449545789344
45354,7387,Freeport,FL,Walton County,Freeport,2001.888888888889,401186.1028054126,376400.0,1201399999,38100.0,811.0,843.0,933.0,1242.0,1247.0,0.004989925809717954,0.005318514582595348,0.0031082831416142866,0.0033129649309245482
44592,7400,Chugiak,AK,Anchorage Borough,Chugiak,3500.0,497373.1983778447,,,,,,,,,0.007036969445509041,,,
30981,7406,Collegedale,TN,Hamilton County,Collegedale,2450.0,427219.7969281416,282100.0,4706399999,37800.0,820.0,825.0,1069.0,1402.0,1751.0,0.0057347529716936085,0.008684863523573201,0.0040985928381369425,0.006207018787663949
55838,7423,Lemoyne,PA,Cumberland County,Lemoyne,1471.6666666666667,267854.5662944175,261900.0,4202199999,42200.0,749.0,754.0,935.0,1261.0,1375.0,0.005494275072574481,0.00561919307623775,0.005133382712201525,0.005250095456281023
15545,7424,Osage Beach,MO,Camden County,Osage Beach,1669.4666666666665,343417.34842538583,270700.0,2900399999,41700.0,710.0,789.0,1035.0,1315.0,1472.0,0.004861334683065352,0.006167220785617534,0.004286329758089728,0.005437753971185815
27095,7438,Shrewsbury,MO,Saint Louis County,Shrewsbury,1774.0,289030.7645920446,260700.0,2918999999,55700.0,951.0,984.0,1215.0,1570.0,1806.0,0.006137754928974189,0.0068047564250095895,0.006248469786768537,0.006927502876869966
19756,7444,Olivette,MO,Saint Louis County,Olivette,1698.5555555555557,494609.76735143136,260700.0,2918999999,55700.0,951.0,984.0,1215.0,1570.0,1806.0,0.0034341326590679594,0.0065153646166304395,0.003651363396381933,0.006927502876869966
36384,7450,Sheridan,CO,Arapahoe County,Sheridan,1841.3888888888887,438177.412057024,526000.0,0800599999,70050.0,1639.0,1789.0,2140.0,2794.0,3127.0,0.0042023820448536765,0.0035007393324883816,0.007136378813595839,0.005944866920152091
27381,7452,Tea,SD,Lincoln County,Tea,1339.75,374792.4404508019,323500.0,4608399999,56100.0,748.0,882.0,1030.0,1412.0,1730.0,0.003574645204659259,0.004141421947449768,0.0046158881911255965,0.005347758887171561
13662,7477,Saint John,MO,Saint Louis County,Saint John,1490.0,134132.40579825465,260700.0,2918999999,55700.0,951.0,984.0,1215.0,1570.0,1806.0,0.011108426715622125,0.005715381664748754,0.01346430781772722,0.006927502876869966
11799,7480,Hapeville,GA,Fulton County,Hapeville,1980.555555555556,277446.67561902857,431200.0,1304999999,38100.0,717.0,721.0,905.0,1107.0,1300.0,0.007138508872512584,0.004593125128839416,0.004685585066389745,0.0030148423005565863
47036,7491,Pea Ridge,AR,Benton County,Pea Ridge,1750.0,342892.7609222453,285100.0,0500799999,50900.0,853.0,925.0,1111.0,1557.0,1798.0,0.005103636470169844,0.0061381971238162044,0.00524362192763736,0.006306559102069449
25512,7500,Larkspur,CA,Marin County,Larkspur,3757.472222222222,2055905.005677696,1390000.0,0600399999,57700.0,1003.0,1101.0,1445.0,2025.0,2396.0,0.001827648754123069,0.0027032174260591527,0.0011654234964081898,0.0017237410071942445
396124,7504,Wolfeboro,NH,Carroll County,Wolfeboro,3000.0,603011.970364871,348900.0,3300300420,55250.0,973.0,1127.0,1395.0,1876.0,2328.0,0.004975025617127895,0.008598452278589854,0.0038606198788912463,0.006672398968185726
44107,7507,Belle Haven,VA,Fairfax County,Belle Haven,2180.1309523809523,510670.3936969201,699700.0,5160099999,81950.0,2012.0,2056.0,2314.0,2893.0,3413.0,0.0042691547802452936,0.0031158081354594144,0.00668337158786925,0.0048778047734743465
56112,7509,Orange Beach,AL,Baldwin County,Orange Beach,2600.0,687924.6431928097,287000.0,0100399999,46500.0,972.0,1043.0,1244.0,1550.0,1975.0,0.003779483735213828,0.009059233449477353,0.0028709539911720423,0.006881533101045296
15510,7524,Ludowici,GA,Long County,Ludowici,2008.3333333333333,286663.8159791552,196500.0,1300199999,38100.0,710.0,715.0,905.0,1246.0,1520.0,0.007005883621807957,0.01022052586938083,0.005302378309617308,0.007735368956743003
56780,7540,Topanga,CA,Los Angeles County,Topanga,6072.222222222223,1477456.412757225,783300.0,0603799999,75750.0,1856.0,2081.0,2625.0,3335.0,3698.0,0.004109916319555078,0.0077521029263656616,0.002502950319257678,0.004721051959657858
41536,7547,Waikoloa,HI,Hawaii County,Waikoloa,3325.0,858457.4813949303,486400.0,1500199999,60450.0,1575.0,1612.0,2075.0,2703.0,3023.0,0.0038732261900695647,0.0068359375,0.0035214324128061037,0.006215049342105263
24638,7561,Excelsior Springs,MO,Clay County,Excelsior Springs,1390.0,228524.751054138,256400.0,2900999999,38550.0,626.0,630.0,824.0,1155.0,1233.0,0.006082492130888291,0.005421216848673947,0.005395476832651268,0.004808892355694228
54661,7573,Tarrant,AL,Jefferson County,Tarrant,995.0,78128.24377330749,224900.0,0107399999,47950.0,998.0,1144.0,1267.0,1583.0,1791.0,0.012735471219435522,0.004424188528234771,0.02292384819498394,0.007963539350822588
28488,7578,Kirby,TX,Bexar County,Kirby,1475.0,175689.34531841913,244100.0,4801999999,48300.0,1116.0,1231.0,1501.0,1907.0,2243.0,0.00839550057703677,0.0060426054895534615,0.01276685274189388,0.009188857025809094
396622,7607,Unionville,NC,Union County,Unionville,2335.0,415116.6428204652,374400.0,3700799999,38200.0,834.0,927.0,1216.0,1465.0,1728.0,0.005624925043079687,0.0062366452991452995,0.0041626854280264235,0.004615384615384616
42855,7613,Midway,UT,Wasatch County,Midway,3120.833333333333,990299.4987714688,724400.0,4900599999,51700.0,914.0,920.0,1169.0,1638.0,1963.0,0.003151403527119756,0.004308163077489416,0.001982228611076982,0.002709828823854224
19809,7632,Pacific,WA,King County,Pacific,1813.388888888889,559757.5367540665,811200.0,5302199999,52800.0,1101.0,1236.0,1503.0,2003.0,2318.0,0.0032395970930635533,0.0022354399517861057,0.004141078677460362,0.0028574950690335305
56122,7636,Purchase,NY,Westchester County,Purchase,4003.25,2129236.791583484,638400.0,3611999999,85000.0,2406.0,2511.0,2780.0,3465.0,3738.0,0.0018801337717928677,0.006270755012531329,0.0017555586183630148,0.005855263157894737
40882,7664,Sherrills Ford,NC,Catawba County,Sherrills Ford,2376.1111111111118,493810.8959234532,218100.0,3702599999,56100.0,1586.0,1647.0,1824.0,2250.0,2852.0,0.004811783479721838,0.01089459473228387,0.005775490220130937,0.013076570380559377
21512,7777,Crafton,PA,Allegheny County,Crafton,1059.6666666666667,219621.05439086276,216700.0,4200399999,53650.0,998.0,1068.0,1280.0,1632.0,1759.0,0.004824977594273647,0.004890016920473773,0.008009250319277142,0.008117212736502077
13837,7823,Siesta Key,FL,Sarasota County,Siesta Key,6410.555555555556,848005.1445165994,373100.0,1211599999,53800.0,1266.0,1580.0,1846.0,2425.0,2903.0,0.007559571539167793,0.017181869620894012,0.003423328288479711,0.0077807558295363176
36173,7832,Miramar Beach,FL,Walton County,Miramar Beach,2994.444444444445,649273.5716488106,376400.0,1201399999,38100.0,811.0,843.0,933.0,1242.0,1247.0,0.004611991886317109,0.007955484708938483,0.0019206079755152842,0.0033129649309245482
22452,7851,Pittsboro,IN,Hendricks County,Pittsboro,2357.5,366945.7848123118,281500.0,1806399999,55350.0,955.0,1097.0,1283.0,1669.0,2028.0,0.006424654806174792,0.008374777975133215,0.0055267019923319095,0.007204262877442274
57299,7864,Victor,ID,Bonneville County,Victor,3247.5,871684.4424928591,327000.0,1601599999,53500.0,1300.0,1534.0,1838.0,2575.0,3080.0,0.00372554544017413,0.009931192660550458,0.003533388746954987,0.009418960244648318
16695,7866,Airway Heights,WA,Spokane County,Airway Heights,1793.3333333333333,377700.76828575,370500.0,5304599999,50100.0,955.0,961.0,1261.0,1767.0,1917.0,0.0047480267023883435,0.004840305892937472,0.005075446387627391,0.005174089068825911
43004,7881,Wilmore,KY,Jessamine County,Wilmore,1500.0,305998.04954876093,245100.0,2111399999,51200.0,799.0,982.0,1165.0,1583.0,1781.0,0.00490199202972689,0.006119951040391677,0.00582029853662906,0.007266421868625051
41745,7881,Windham,CT,Windham County,Windham,1835.0,328830.285462381,,,,,,,,,0.005580386239119476,,,
27856,7890,West Dundee,IL,Kane County,West Dundee,2130.6666666666665,413697.23150616814,303000.0,1700799999,43300.0,810.0,900.0,1181.0,1561.0,1603.0,0.005150304387847708,0.007031903190319031,0.0038748144244617685,0.0052904290429042905
16170,7901,Troy,TX,Bell County,Troy,1425.0,266695.0420323404,221100.0,4802599999,40400.0,844.0,849.0,1114.0,1421.0,1513.0,0.005343181444772412,0.006445047489823609,0.005673146333993445,0.006843057440072365
47499,7932,Sag Harbor,NY,Suffolk County,Sag Harbor,41888.88888888888,2201823.1292993664,539500.0,3610399999,82450.0,1848.0,2241.0,2586.0,3352.0,3591.0,0.01902463841508386,0.07764390896921017,0.0016309211908145766,0.006656163113994439
396846,7953,West Slope,OR,Washington County,West Slope,1999.5,779987.9427747143,558500.0,4106599999,45650.0,1297.0,1305.0,1599.0,2241.0,2684.0,0.0025635011650141882,0.0035801253357206804,0.0034410788331573298,0.00480572963294539
37367,7979,Belmar,NJ,Monmouth County,Belmar,2731.25,990352.4153317456,566500.0,3402599999,68400.0,1474.0,1654.0,2040.0,2717.0,3023.0,0.0027578566555876913,0.004821270962047661,0.003052448757836738,0.005336275375110326
42663,8016,Neptune Beach,FL,Duval County,Neptune Beach,2107.0,752797.4782395015,274900.0,1203199999,51250.0,1381.0,1454.0,1730.0,2163.0,2739.0,0.0027988935416301446,0.0076646053110221895,0.0036384287662671886,0.009963623135685704
40110,8019,Oak View,CA,Ventura County,Oak View,2947.5,890715.6880204418,768400.0,0611199999,74850.0,1871.0,2147.0,2569.0,3505.0,4080.0,0.0033091367308805673,0.00383589276418532,0.004580586212720174,0.005309734513274336
52766,8019,Key Largo,FL,Monroe County,Key Largo,3159.0,1053250.0838935284,723800.0,1208399999,38550.0,1014.0,1094.0,1323.0,1691.0,1825.0,0.002999287679448539,0.00436446532191213,0.0017327318819226286,0.0025214147554573087
16472,8035,Deer Park,IL,Lake County,Deer Park,3670.0,742490.6153523019,326600.0,1702399999,45900.0,635.0,747.0,926.0,1181.0,1228.0,0.004942823416372252,0.0112369871402327,0.0016538929578488078,0.0037599510104102877
37841,8057,Chelan,WA,Chelan County,Chelan,1850.0,475990.52399061056,454900.0,5300799999,48250.0,1020.0,1134.0,1488.0,2065.0,2444.0,0.0038866319952968083,0.0040668278742580785,0.005134555998111027,0.005372609364695537
47431,8102,Rockport,MA,Essex County,Rockport,3300.0,869426.8433664149,584000.0,2501700380,82700.0,2263.0,2394.0,2837.0,3418.0,3761.0,0.003795603994951918,0.0056506849315068495,0.004325838371216414,0.0064400684931506845
33147,8106,North Chili,NY,Monroe County,North Chili,1841.111111111111,324123.00353339926,197100.0,3600799999,47250.0,869.0,939.0,1188.0,1533.0,1752.0,0.005680285234433828,0.009341000056372964,0.005405355315422607,0.008888888888888889
26526,8131,Pismo Beach,CA,San Luis Obispo County,Pismo Beach,3616.1111111111113,1126856.4676921377,777200.0,0607999999,69500.0,1669.0,1855.0,2434.0,3250.0,3683.0,0.0032090254746614715,0.004652742036941729,0.0032683843112184295,0.004738805970149254
38234,8133,Dresher,PA,Montgomery County,Dresher,3000.1111111111118,694904.9800124248,409900.0,4208999999,52200.0,1158.0,1183.0,1552.0,2043.0,2379.0,0.0043172968929614955,0.007319129326936111,0.0034234896402058654,0.005803854598682606
6937,8143,Santa Clara,UT,Washington County,Santa Clara,2082.5,536544.4414503918,465600.0,4905399999,50350.0,1146.0,1166.0,1485.0,1976.0,2494.0,0.0038813187484909306,0.004472723367697594,0.0046482636056357175,0.005356529209621993
34191,8150,Surfside,FL,Miami-Dade County,Surfside,4233.898809523809,1224092.8097462594,425400.0,1208699999,61950.0,1711.0,1898.0,2329.0,3008.0,3527.0,0.0034588053910727967,0.00995274755412273,0.0028813174719416147,0.008291020216267042
39777,8156,Midfield,AL,Jefferson County,Midfield,1143.722222222222,80681.10593905854,224900.0,0107399999,47950.0,998.0,1144.0,1267.0,1583.0,1791.0,0.014175837191499558,0.005085470085470084,0.022198505823071008,0.007963539350822588
25163,8162,Holly Ridge,NC,Onslow County,Holly Ridge,1893.0,338086.9669143747,219500.0,3700799999,38200.0,834.0,927.0,1216.0,1465.0,1728.0,0.005599151062452606,0.008624145785876993,0.005111110953997942,0.00787243735763098
42755,8253,Peoria Heights,IL,Peoria County,Peoria Heights,1100.0,118253.72371859198,152600.0,1707999999,46350.0,597.0,663.0,870.0,1048.0,1239.0,0.009302032658334436,0.007208387942332897,0.010477471330614878,0.008119266055045872
50666,8262,Alburtis,PA,Berks County,Alburtis,1750.0,354701.95845560223,239700.0,4200799999,53650.0,998.0,1068.0,1280.0,1632.0,1759.0,0.0049337195870573294,0.0073007926574885276,0.004959093002076482,0.007338339591155612
45530,8271,Grantville,GA,Coweta County,Grantville,1695.0,283832.62801019097,321900.0,1306999999,38100.0,722.0,727.0,905.0,1129.0,1322.0,0.005971829285036043,0.005265610438024231,0.004657674522016313,0.004106865486175831
15265,8291,Lake Dallas,TX,Denton County,Lake Dallas,2041.6666666666667,349233.3783181094,403400.0,4800199999,39700.0,846.0,851.0,1033.0,1245.0,1563.0,0.005846138408932251,0.005061146917864816,0.0044755172244054404,0.0038745661874070403
4085,8309,Cheverly,MD,Prince Georges County,Cheverly,1735.5555555555554,490814.7014620796,404300.0,2403399999,81950.0,2012.0,2056.0,2314.0,2893.0,3413.0,0.0035360708438144546,0.004292741913320691,0.006953744437224623,0.008441751174870145
10807,8313,Chesterbrook,PA,Chester County,Chesterbrook,2560.555555555555,515575.3341952167,461800.0,4202799999,54050.0,1226.0,1234.0,1431.0,1743.0,1897.0,0.004966404297739407,0.005544728357634377,0.0036793847071080452,0.004107838891294933
36125,8322,Midway,GA,Liberty County,Midway,2025.0,284703.7092964274,180200.0,1300799999,38100.0,710.0,715.0,905.0,1268.0,1300.0,0.0071126575941151985,0.011237513873473918,0.004566150554246794,0.007214206437291898
43633,8341,Obetz,OH,Franklin County,Obetz,1874.0,273409.90550406434,265700.0,3904999999,54500.0,1104.0,1194.0,1445.0,1741.0,1939.0,0.0068541774174021,0.007053067369213398,0.0070919156949534,0.00729770417764396
4311,8407,Dayton,KY,Campbell County,Dayton,2026.055555555556,195857.4717939518,234500.0,2101399999,35450.0,637.0,783.0,867.0,1189.0,1336.0,0.01034454053244918,0.008639895759298747,0.006821286866224404,0.005697228144989339
395484,8414,Saukville,WI,Ozaukee County,Saukville,900.0,393857.3235379644,368900.0,5506199999,53500.0,841.0,918.0,1147.0,1521.0,1554.0,0.002285091443559886,0.002439685551640011,0.00394559122588007,0.004212523719165085
14747,8528,Youngtown,AZ,Maricopa County,Youngtown,1824.8333333333333,305928.46381676354,414700.0,0401399999,56100.0,1530.0,1679.0,1950.0,2624.0,2934.0,0.005964902090399541,0.004400369745197331,0.009590477340340993,0.007074993971545695
29242,8530,Lovejoy,GA,Clayton County,Lovejoy,1781.013888888889,286773.43267753697,194500.0,1300399999,38100.0,728.0,733.0,905.0,1155.0,1300.0,0.006210526101598658,0.009156883747500713,0.0045331953795796276,0.006683804627249357
17114,8549,Bonsall,CA,San Diego County,Bonsall,2762.5,1006753.1520992664,791600.0,0606999999,66800.0,1799.0,1999.0,2623.0,3655.0,4046.0,0.0027439695562310154,0.003489767559373421,0.004018860026972194,0.005111167256189995
10340,8590,Bellevue,KY,Campbell County,Bellevue,1592.222222222222,235741.3822554069,234500.0,2101399999,35450.0,637.0,783.0,867.0,1189.0,1336.0,0.006754105736502286,0.006789860222696042,0.005667227311633182,0.005697228144989339
27980,8594,Windsor Heights,IA,Polk County,Windsor Heights,1675.0,285907.5257140721,248400.0,1911199999,46000.0,632.0,702.0,921.0,1216.0,1221.0,0.0058585376366592015,0.006743156199677938,0.004270611614543812,0.004915458937198068
25730,8613,Manitou Springs,CO,Teller County,Manitou Springs,1353.5,557306.7321620026,445000.0,0802799999,51000.0,789.0,794.0,1042.0,1331.0,1667.0,0.002428644625822595,0.003041573033707865,0.002991171474877182,0.003746067415730337
11692,8634,Grayson Valley,AL,Jefferson County,Grayson Valley,1447.1666666666667,175998.0457972345,224900.0,0107399999,47950.0,998.0,1144.0,1267.0,1583.0,1791.0,0.00822262917813265,0.0064347117237290655,0.010176249354855862,0.007963539350822588
10713,8647,Carle Place,NY,Nassau County,Carle Place,2673.75,828524.9630962419,658700.0,3605999999,82450.0,1848.0,2241.0,2586.0,3352.0,3591.0,0.003227120628940441,0.004059131622893578,0.004334208575418466,0.005451647183846971
396537,8648,Stratmoor,CO,El Paso County,Stratmoor,1712.2222222222224,333411.59183883,431000.0,0802999999,51000.0,810.0,816.0,1039.0,1421.0,1745.0,0.005135460986161227,0.00397267336942511,0.005233771238654255,0.004048723897911833
27391,8714,Terrell Hills,TX,Bexar County,Terrell Hills,2750.0,902812.2942803222,244100.0,4801999999,48300.0,1116.0,1231.0,1501.0,1907.0,2243.0,0.0030460373849828504,0.011265874641540352,0.0024844588561878304,0.009188857025809094
42217,8758,Highlands,NJ,Monmouth County,Highlands,3318.125,556826.2383354126,566500.0,3402599999,68400.0,1474.0,1654.0,2040.0,2717.0,3023.0,0.005958995412858541,0.005857237422771403,0.005428982673368655,0.005336275375110326
395749,8781,Harpswell,ME,Cumberland County,Harpswell,1850.0,727383.9782619843,411400.0,2300502655,54750.0,1197.0,1330.0,1745.0,2191.0,2667.0,0.002543360941796383,0.004496840058337385,0.003666564125281596,0.006482741857073408
53611,8850,North Kansas City,MO,Clay County,North Kansas City,1464.7301587301588,252747.52518500065,256400.0,2900999999,38550.0,626.0,630.0,824.0,1155.0,1233.0,0.005795230468262894,0.005712676126092663,0.004878386045906861,0.004808892355694228
16889,8859,Barling,AR,Sebastian County,Barling,1400.0,190412.18255437596,166000.0,0512599999,46350.0,887.0,892.0,1032.0,1376.0,1628.0,0.007352470735953054,0.008433734939759036,0.008549873112951124,0.009807228915662651
24447,8889,Dundee,FL,Polk County,Dundee,2045.0,275140.62931043305,240000.0,1206999999,52700.0,1636.0,1727.0,1958.0,2486.0,2960.0,0.007432562777533982,0.008520833333333333,0.010758134876039407,0.012333333333333333
45980,8892,Kamas,UT,Summit County,Kamas,5350.0,1182936.6200137164,1000400.0,4904399999,83350.0,1446.0,1472.0,1808.0,2391.0,2487.0,0.004522642979754879,0.005347860855657737,0.002102394970215025,0.002486005597760896
23989,8898,Catoosa,OK,Rogers County,Catoosa,1200.0,227898.37205559,222200.0,4001999999,40800.0,786.0,792.0,1039.0,1292.0,1466.0,0.005265504922989492,0.0054005400540054005,0.006432691847585496,0.006597659765976598
28730,8914,Guerneville,CA,Sonoma County,Guerneville,2061.25,533775.3978218591,779000.0,0601999999,46950.0,1210.0,1217.0,1505.0,2109.0,2415.0,0.003861642946473746,0.00264602053915276,0.004524374877251229,0.0031001283697047496
44161,8917,Big Bear Lake,CA,San Bernardino County,Big Bear Lake,2008.8888888888887,567263.1566245937,475000.0,0606999999,66800.0,1799.0,1999.0,2623.0,3655.0,4046.0,0.003541370288954517,0.004229239766081871,0.007132492129534834,0.008517894736842105
49280,8934,Gun Barrel City,TX,Henderson County,Gun Barrel City,1557.3333333333333,255840.67541439648,189600.0,4800199999,39700.0,846.0,851.0,1033.0,1245.0,1563.0,0.006087121724529735,0.00821378340365682,0.006109270926010259,0.008243670886075949
42842,8956,Pleasant View,TN,Robertson County,Pleasant View,2305.833333333333,421049.5239100498,296700.0,4700199999,49700.0,1256.0,1264.0,1548.0,1989.0,2335.0,0.005476394586366842,0.007771598696775642,0.0055456659309721336,0.00786990225817324
126011,8967,Saint Augustine Beach,FL,Saint Johns County,Saint Augustine Beach,2383.333333333333,588219.2229556781,457600.0,1211399999,49050.0,1219.0,1361.0,1605.0,2147.0,2644.0,0.004051777365176173,0.005208333333333333,0.004494922805675161,0.005777972027972028
10280,8982,Bay Harbor Islands,FL,Miami-Dade County,Bay Harbor Islands,3259.7619047619046,638495.0339950597,425400.0,1208699999,61950.0,1711.0,1898.0,2329.0,3008.0,3527.0,0.005105383333000405,0.007662815949134707,0.005523927066325923,0.008291020216267042
47843,9022,Steilacoom,WA,Pierce County,Steilacoom,2286.277777777778,641530.5931169641,484400.0,5305399999,60400.0,1479.0,1673.0,2057.0,2882.0,3292.0,0.003563786049032494,0.004719813744380219,0.005131477805298993,0.006796036333608588
52230,9040,Glendale,CO,Arapahoe County,Glendale,1695.7556243550052,337479.2291943505,526000.0,0800599999,70050.0,1639.0,1789.0,2140.0,2794.0,3127.0,0.0050247703492840405,0.0032238700082794776,0.009265755428756168,0.005944866920152091
29589,9051,South Pasadena,FL,Pinellas County,South Pasadena,2477.5,316082.2029728643,319000.0,1210399999,52150.0,1566.0,1686.0,1978.0,2533.0,3082.0,0.007838150888276028,0.007766457680250784,0.009750628067675769,0.009661442006269592
10085,9095,Allenstown,NH,Merrimack County,Allenstown,2281.6666666666665,429456.8450668276,330600.0,3301300660,61950.0,1120.0,1230.0,1614.0,2132.0,2140.0,0.005312912561241438,0.006901593063117563,0.004983038516168011,0.00647307924984876
29079,9111,Perry,IA,Dallas County,Perry,920.0,171990.96473750003,333400.0,1900399999,46950.0,679.0,703.0,922.0,1147.0,1222.0,0.00534911820166916,0.0027594481103779245,0.007105024393956209,0.003665266946610678
49667,9154,Nolanville,TX,Bell County,Nolanville,1677.05,312638.1071219563,221100.0,4802599999,40400.0,844.0,849.0,1114.0,1421.0,1513.0,0.005364189335197719,0.007585029398462234,0.004839461234998449,0.006843057440072365
52903,9170,Lavon,TX,Collin County,Lavon,2341.25,361997.14496198593,447600.0,4805999999,43650.0,944.0,950.0,1207.0,1571.0,1899.0,0.0064675924453654445,0.005230674709562109,0.005245897727175218,0.004242627345844504
36828,9252,New Baden,IL,Clinton County,New Baden,1550.0,215875.97700324352,180500.0,1701399999,55700.0,951.0,984.0,1215.0,1570.0,1806.0,0.007180048570095001,0.008587257617728532,0.008365914656510692,0.010005540166204986
38324,9258,Edgewater,CO,Jefferson County,Edgewater,1887.388888888889,596695.7093951904,604400.0,0805999999,70050.0,1639.0,1789.0,2140.0,2794.0,3127.0,0.0031630676392862666,0.0031227479961761897,0.005240527040439961,0.005173726009265387
234707,9311,Lacy-Lakeview,TX,McLennan County,Lacy-Lakeview,1225.0,188878.8364608873,219200.0,4807799999,44450.0,823.0,896.0,1102.0,1506.0,1709.0,0.006485639275174542,0.005588503649635037,0.009048128588794524,0.007796532846715328
12561,9344,Margate City,NJ,Atlantic County,Margate City,7757.222222222222,1051669.4201885643,272700.0,3400199999,50100.0,1240.0,1414.0,1719.0,2409.0,2654.0,0.007376103244336373,0.028445992747422887,0.002523606704780042,0.009732306563989733
45446,9380,Glassport,PA,Allegheny County,Glassport,950.0,98291.64698989248,216700.0,4200399999,53650.0,998.0,1068.0,1280.0,1632.0,1759.0,0.009665114270571642,0.004383940932164283,0.017895722107300546,0.008117212736502077
20403,9441,Seaside,OR,Clatsop County,Seaside,1812.5,480326.78245556046,437800.0,4100799999,48200.0,996.0,1032.0,1354.0,1817.0,2274.0,0.0037734726985949223,0.004140018273184103,0.0047342769195061266,0.005194152581087254
40980,9472,South Lebanon,OH,Warren County,South Lebanon,1948.4444444444443,395785.3835195878,319700.0,3900399999,46250.0,788.0,793.0,1040.0,1262.0,1431.0,0.004922982317127469,0.006094602578806519,0.003615595874902183,0.004476071316859556
127287,9476,Bonanza,GA,Clayton County,Bonanza,1834.8888888888887,233414.531974292,194500.0,1300399999,38100.0,728.0,733.0,905.0,1155.0,1300.0,0.007861073915873332,0.00943387603541845,0.005569490421201283,0.006683804627249357
28233,9615,Bradley Beach,NJ,Monmouth County,Bradley Beach,2527.777777777778,1067478.2604739366,566500.0,3402599999,68400.0,1474.0,1654.0,2040.0,2717.0,3023.0,0.0023679899360718602,0.004462096695106404,0.00283190778860251,0.005336275375110326
7017,9615,Severance,CO,Weld County,Severance,2737.5,510750.87579536735,444500.0,0802999999,51000.0,810.0,816.0,1039.0,1421.0,1745.0,0.005359755860892114,0.006158605174353206,0.0034165384391805437,0.0039257592800899885
32850,9631,Midland,PA,Beaver County,Midland,850.0,115865.74745134484,185500.0,4200799999,53650.0,998.0,1068.0,1280.0,1632.0,1759.0,0.0073360766119162,0.004582210242587601,0.015181363247483055,0.009482479784366577
42863,9721,Point Pleasant Beach,NJ,Ocean County,Point Pleasant Beach,3275.0,1026988.0984987632,366600.0,3400799999,59700.0,1372.0,1512.0,1802.0,2171.0,2468.0,0.003188936663226525,0.008933442444080742,0.002403143720562768,0.006732133115111839
5160,9805,Highland Beach,FL,Palm Beach County,Highland Beach,7038.333333333333,870459.8457788179,407300.0,1200199999,52000.0,1176.0,1308.0,1583.0,2016.0,2099.0,0.008085764515692272,0.017280464849824043,0.002411369128833258,0.005153449545789344
26901,9837,Saint Bernard,OH,Hamilton County,Saint Bernard,1537.5,207158.4555838277,225700.0,3902199999,46800.0,661.0,720.0,905.0,1194.0,1262.0,0.00742185490651065,0.00681214000886132,0.00609195505171801,0.005591493132476739
13534,9859,Riverdale,NJ,Morris County,Riverdale,3119.25,479957.1375284225,557000.0,3402199999,63450.0,1391.0,1605.0,2028.0,2443.0,2747.0,0.006499017841598994,0.005600089766606822,0.005723427750540173,0.004931777378815081
25506,9875,Lansford,PA,Carbon County,Lansford,1060.0,97221.01555463608,193700.0,4200599999,41850.0,700.0,778.0,1021.0,1298.0,1493.0,0.010902992464672448,0.005472379969024264,0.015356762028071664,0.007707795560144553
13536,9878,Riverside,MO,Platte County,Riverside,2014.5,453483.38737750007,317600.0,2901399999,41250.0,675.0,679.0,891.0,1174.0,1496.0,0.00444227959848734,0.006342884130982367,0.003298908056260641,0.004710327455919395
13084,9902,Ocean City,MD,Worcester County,Ocean City,1813.3333333333333,444658.1168609549,348100.0,2401999999,46400.0,917.0,923.0,1154.0,1617.0,1938.0,0.0040780394297859285,0.005209231063870535,0.004358404640583711,0.005567365699511635
53103,9905,Madeira Beach,FL,Pinellas County,Madeira Beach,2098.611111111111,659160.9029000544,319000.0,1210399999,52150.0,1566.0,1686.0,1978.0,2533.0,3082.0,0.0031837615093341085,0.0065787182166492505,0.0046756413895915035,0.009661442006269592
200788,9923,Fort McKinley,OH,Montgomery County,Fort McKinley,1141.25,88538.84505859543,167400.0,3911199999,42600.0,664.0,674.0,884.0,1168.0,1172.0,0.01288982253207296,0.006817502986857826,0.013237127717493545,0.007001194743130227
22043,10006,Iowa Colony,TX,Brazoria County,Iowa Colony,2560.222222222222,350555.15517118125,276800.0,4801999999,48300.0,1116.0,1231.0,1501.0,1907.0,2243.0,0.007303336392163532,0.009249357739242133,0.006398422521855969,0.008103323699421966
3842,10018,Brookwood,AL,Tuscaloosa County,Brookwood,1780.0,184542.5551449345,233700.0,0103799999,36950.0,593.0,615.0,792.0,957.0,1184.0,0.009645471737410585,0.007616602481814292,0.0064158643466820965,0.005066324347454001
55913,10033,Lavallette,NJ,Ocean County,Lavallette,2466.6666666666665,1123339.9621853142,366600.0,3400799999,59700.0,1372.0,1512.0,1802.0,2171.0,2468.0,0.0021958327395992234,0.006728496090198217,0.0021970196762152233,0.006732133115111839
26246,10050,Oakbrook Terrace,IL,DuPage County,Oakbrook Terrace,2060.583333333333,413395.4166016489,374100.0,1704399999,59950.0,1458.0,1560.0,1761.0,2262.0,2657.0,0.004984533573866223,0.005508108348926311,0.006427260422580607,0.007102379043036621
207197,10055,Metzger,OR,Washington County,Metzger,2495.0,548078.3590252864,558500.0,4106599999,45650.0,1297.0,1305.0,1599.0,2241.0,2684.0,0.004552268774919627,0.004467323187108326,0.004897109976707126,0.00480572963294539
8508,10076,Glasgow Village,MO,Saint Louis County,Glasgow Village,1364.25,81770.38287728575,260700.0,2918999999,55700.0,951.0,984.0,1215.0,1570.0,1806.0,0.0166839135637576,0.005233026467203682,0.022086236317497693,0.006927502876869966
831667,10086,California,PA,Washington County,California,900.0,131139.1652671266,220600.0,4203599999,41850.0,792.0,798.0,1003.0,1246.0,1661.0,0.006862938300443857,0.004079782411604714,0.012665933907819163,0.007529465095194923
29213,10086,Port Royal,SC,Beaufort County,Port Royal,1568.3333333333333,347402.1332024963,407600.0,4501399999,55100.0,1584.0,1646.0,1822.0,2195.0,2803.0,0.004514460860892791,0.003847726529277069,0.008068459379223694,0.006876840039254171
29216,10097,Lomira,WI,Dodge County,Lomira,1000.0,315273.35946451867,218400.0,5502599999,64900.0,1080.0,1282.0,1472.0,1935.0,2161.0,0.0031718506178208864,0.004578754578754579,0.006854369185110936,0.009894688644688645
6426,10326,Parrish,AL,Walker County,Parrish,1595.0,89128.21642851486,131100.0,0101399999,36100.0,600.0,684.0,809.0,975.0,1089.0,0.01789556735132546,0.012166285278413425,0.012218352881249797,0.008306636155606407
48512,10413,Willow Park,TX,Parker County,Willow Park,2110.777777777778,414114.8820060417,343600.0,4800999999,44450.0,823.0,896.0,1102.0,1506.0,1709.0,0.005097082644199642,0.006143125080843358,0.004126874145940659,0.004973806752037253
125675,10434,Parker,FL,Bay County,Parker,1610.5555555555557,229288.45401123047,276900.0,1200399999,45750.0,901.0,952.0,1129.0,1523.0,1896.0,0.007024145906085054,0.005816379760041733,0.008269060071847903,0.006847237269772481
11189,10450,Eagle Lake,FL,Polk County,Eagle Lake,2073.333333333333,290457.6071716386,240000.0,1206999999,52700.0,1636.0,1727.0,1958.0,2486.0,2960.0,0.007138161584138332,0.008638888888888887,0.010190815895039935,0.012333333333333333
8003,10525,Woodlawn,OH,Hamilton County,Woodlawn,1574.5079365079364,193602.9788737894,225700.0,3902199999,46800.0,661.0,720.0,905.0,1194.0,1262.0,0.008132663793021308,0.006976109599060418,0.006518494742907355,0.005591493132476739
29395,10617,Seaside Heights,NJ,Ocean County,Seaside Heights,2000.0,690299.4538327492,366600.0,3400799999,59700.0,1372.0,1512.0,1802.0,2171.0,2468.0,0.0028972933252306684,0.005455537370430988,0.0035752599633346446,0.006732133115111839
18650,10646,Hudson Oaks,TX,Parker County,Hudson Oaks,1578.4,546825.4475872837,343600.0,4800999999,44450.0,823.0,896.0,1102.0,1506.0,1709.0,0.0028864786870549906,0.004593713620488941,0.003125311756320944,0.004973806752037253
41299,10666,Tuckerton,NJ,Ocean County,Tuckerton,2204.0,413192.0628617147,366600.0,3400799999,59700.0,1372.0,1512.0,1802.0,2171.0,2468.0,0.005334081164907626,0.006012002182214948,0.005973009217328503,0.006732133115111839
8724,10680,Johnson,AR,Washington County,Johnson,1248.611111111111,343503.0146028788,266000.0,0513799999,33550.0,618.0,646.0,848.0,1188.0,1193.0,0.00363493494388869,0.004694026733500418,0.0034730408447192765,0.004484962406015038
120020,10703,Meridian,CO,Douglas County,Meridian,1943.181818181818,701906.11057375,674000.0,0800199999,70050.0,1639.0,1789.0,2140.0,2794.0,3127.0,0.002768435534196202,0.002883059077421095,0.004455011792736691,0.00463946587537092
45227,10712,Fairway,KS,Johnson County,Fairway,2050.0,607058.857143473,366000.0,2000399999,42550.0,625.0,711.0,872.0,1051.0,1251.0,0.003376937797508324,0.005601092896174864,0.0020607556998453237,0.003418032786885246
10337,10722,Belleville,MI,Wayne County,Belleville,1384.8333333333333,307378.98306055035,170200.0,2601799999,41850.0,764.0,769.0,976.0,1305.0,1406.0,0.0045052960991172775,0.00813650607128868,0.00457415788809163,0.00826086956521739
26252,10818,Oakland,FL,Orange County,Oakland,2666.6666666666665,563695.2578633726,358300.0,1208799999,65150.0,1565.0,1903.0,2274.0,3026.0,3344.0,0.004730688487205632,0.007442552795608894,0.005932283362955862,0.009332961205693553
4615,10869,Etna,PA,Allegheny County,Etna,1283.75,150443.15795406076,216700.0,4200399999,53650.0,998.0,1068.0,1280.0,1632.0,1759.0,0.008533123190567465,0.005924088601753577,0.011692123616130999,0.008117212736502077
23686,10876,Berwyn Heights,MD,Prince Georges County,Berwyn Heights,3100.0,457712.5395306069,404300.0,2403399999,81950.0,2012.0,2056.0,2314.0,2893.0,3413.0,0.006772809858299076,0.007667573583972298,0.007456645176249919,0.008441751174870145
8185,10996,Del Mar,CA,San Diego County,Del Mar,7765.833333333333,3535197.4081140417,791600.0,0606999999,66800.0,1799.0,1999.0,2623.0,3655.0,4046.0,0.0021967184394028655,0.00981029981472124,0.0011444905426535887,0.005111167256189995
19241,11035,Maxwell,TX,Caldwell County,Maxwell,1949.4444444444443,275498.1771494365,215600.0,4802799999,41100.0,924.0,930.0,1172.0,1631.0,1968.0,0.0070760702107550465,0.009041950113378685,0.007143422945163488,0.009128014842300556
55647,11042,Berlin,MA,Worcester County,Berlin,2813.777777777778,665426.8302529288,390700.0,2502701885,62350.0,1139.0,1332.0,1661.0,2165.0,2475.0,0.004228530696167241,0.00720188834854819,0.0037194172033298573,0.006334783721525467
18809,11187,Kemah,TX,Galveston County,Kemah,1540.936507936508,316183.8222254902,284900.0,4800199999,39700.0,846.0,851.0,1033.0,1245.0,1563.0,0.004873546334820291,0.0054086925515496945,0.0049433269197603925,0.0054861354861354865
5428,11215,King City,OR,Washington County,King City,1974.25,479230.9307555868,558500.0,4106599999,45650.0,1297.0,1305.0,1599.0,2241.0,2684.0,0.004119621404418259,0.003534914950760967,0.005600640166877856,0.00480572963294539
39831,11283,Monmouth Beach,NJ,Monmouth County,Monmouth Beach,2600.0,1088724.888477235,566500.0,3402599999,68400.0,1474.0,1654.0,2040.0,2717.0,3023.0,0.0023881147822720737,0.004589585172109444,0.0027766426872340303,0.005336275375110326
22292,11389,Nederland,CO,Boulder County,Nederland,2625.0,671248.1743388682,713900.0,0801399999,75300.0,1466.0,1702.0,2059.0,2704.0,3092.0,0.003910625161231073,0.0036769855722089927,0.004606343999438658,0.004331138814960079
19990,11394,Pleasant Valley,MO,Clay County,Pleasant Valley,1070.8333333333337,261861.49864301868,256400.0,2900999999,38550.0,626.0,630.0,824.0,1155.0,1233.0,0.004089311864792853,0.004176417056682269,0.004708595980659535,0.004808892355694228
34098,11444,Springdale,SC,Lexington County,Springdale,1303.5,266011.51223645936,217700.0,4502999999,34000.0,705.0,757.0,933.0,1124.0,1566.0,0.0049001638652439615,0.005987597611391823,0.005886963262732676,0.007193385392742306
22833,11474,Running Springs,CA,San Bernardino County,Running Springs,2350.0,362440.5087871023,475000.0,0606999999,66800.0,1799.0,1999.0,2623.0,3655.0,4046.0,0.0064838227047639176,0.004947368421052632,0.011163211346159493,0.008517894736842105
9659,11474,Thorndale,PA,Chester County,Thorndale,1803.3333333333333,414087.1152320847,461800.0,4202799999,54050.0,1226.0,1234.0,1431.0,1743.0,1897.0,0.004354961231581942,0.0039050093835715314,0.004581161620874831,0.004107838891294933
51009,11695,Biscayne Park,FL,Miami-Dade County,Biscayne Park,3200.0,893931.968582732,425400.0,1208699999,61950.0,1711.0,1898.0,2329.0,3008.0,3527.0,0.003579690751046057,0.007522331922896097,0.003945490399668575,0.008291020216267042
20303,11702,Saint Hedwig,TX,Bexar County,Saint Hedwig,1859.9944444444443,295799.3096414988,244100.0,4801999999,48300.0,1116.0,1231.0,1501.0,1907.0,2243.0,0.006288028348337628,0.0076198051800264,0.007582843931307544,0.009188857025809094
22086,11708,Gunter,TX,Grayson County,Gunter,2083.333333333333,676505.2227211795,228300.0,4800199999,39700.0,846.0,851.0,1033.0,1245.0,1563.0,0.003079552475520171,0.009125419769309386,0.0023104034492342535,0.006846254927726675
3509,11769,Bal Harbour,FL,Miami-Dade County,Bal Harbour,6020.428571428572,1852620.8666988437,425400.0,1208699999,61950.0,1711.0,1898.0,2329.0,3008.0,3527.0,0.0032496819395952717,0.01415239438511653,0.0019037894171432424,0.008291020216267042
16825,11856,Aspinwall,PA,Allegheny County,Aspinwall,1440.0,408505.8895443556,216700.0,4200399999,53650.0,998.0,1068.0,1280.0,1632.0,1759.0,0.00352504097702524,0.006645131518227965,0.004305935471241248,0.008117212736502077
43031,11906,Valparaiso,FL,Okaloosa County,Valparaiso,2000.0,339278.6209612919,324800.0,1209199999,51000.0,1218.0,1398.0,1571.0,2184.0,2638.0,0.005894860083825261,0.006157635467980296,0.007775320450565519,0.00812192118226601
23213,11930,Homestead,PA,Allegheny County,Homestead,1379.0,82450.8404764119,216700.0,4200399999,53650.0,998.0,1068.0,1280.0,1632.0,1759.0,0.016725117561348736,0.006363636363636364,0.021333924431045995,0.008117212736502077
49999,11935,Sharpsburg,PA,Allegheny County,Sharpsburg,1145.0,150571.65746094706,216700.0,4200399999,53650.0,998.0,1068.0,1280.0,1632.0,1759.0,0.007604352766701611,0.00528380249192432,0.011682145429369548,0.008117212736502077
26889,11964,Rye,NH,Rockingham County,Rye,4700.0,1253560.299186682,461400.0,3301502340,70650.0,1346.0,1498.0,1963.0,2365.0,2603.0,0.0037493210362911063,0.010186389250108365,0.0020764856718012235,0.005641525791070655
22217,12022,Mabank,TX,Kaufman County,Mabank,1695.3333333333333,279273.6418419085,290800.0,4819799999,39700.0,726.0,731.0,933.0,1259.0,1395.0,0.006070509634034956,0.0058298945437872535,0.004995100829421213,0.004797111416781293
5272,12044,Indian Rocks Beach,FL,Pinellas County,Indian Rocks Beach,3027.5,787741.2396501437,319000.0,1210399999,52150.0,1566.0,1686.0,1978.0,2533.0,3082.0,0.00384326711312536,0.009490595611285266,0.00391245226842357,0.009661442006269592
54700,12109,Timnath,CO,Larimer County,Timnath,2841.1111111111118,680514.0139109698,532200.0,0804599999,52800.0,1211.0,1219.0,1599.0,2241.0,2463.0,0.004174948719693534,0.005338427491753311,0.0036193229671273586,0.004627959413754228
19851,12116,Park Hills,KY,Kenton County,Park Hills,1700.0,347714.2103855197,227500.0,2105399999,35450.0,624.0,661.0,867.0,1045.0,1194.0,0.00488907254643164,0.0074725274725274725,0.0034338544826113993,0.0052483516483516485
25643,12221,Longboat Key,FL,Sarasota County,Longboat Key,5625.0,987589.2674833626,373100.0,1211599999,53800.0,1266.0,1580.0,1846.0,2425.0,2903.0,0.005695687655996891,0.01507638702760654,0.0029394811138415953,0.0077807558295363176
3800,12242,Brentwood,MD,Prince Georges County,Brentwood,2289.875,411178.2009401219,404300.0,2403399999,81950.0,2012.0,2056.0,2314.0,2893.0,3413.0,0.005569057393520394,0.00566380163245115,0.008300537314956101,0.008441751174870145
12802,12331,Montauk,NY,Suffolk County,Montauk,25611.11111111111,1985324.7169591624,539500.0,3610399999,82450.0,1848.0,2241.0,2586.0,3352.0,3591.0,0.012900212691825326,0.0474719390382041,0.0018087721214191008,0.006656163113994439
15834,12344,Locust,NC,Stanly County,Locust,2146.5,386900.0510924524,214300.0,3707199999,56100.0,1586.0,1647.0,1824.0,2250.0,2852.0,0.005547944472840297,0.010016332244517033,0.007371412828576999,0.013308446103593094
22936,12798,Westworth Village,TX,Tarrant County,Westworth Village,1448.0,331663.03609524114,294100.0,4800799999,39700.0,969.0,976.0,1280.0,1670.0,1914.0,0.004365876936566994,0.004923495409724583,0.0057709174423958755,0.006507990479428766
55689,13131,Helmetta,NJ,Middlesex County,Helmetta,2300.0,517756.7295083038,439300.0,3401399999,67650.0,1551.0,1768.0,2140.0,2695.0,3065.0,0.004442240668091814,0.005235602094240838,0.005919768542478873,0.006977008877760073
20742,13200,Tahoe City,CA,Placer County,Tahoe City,4450.0,1208821.976883388,658800.0,0600999999,50750.0,989.0,1086.0,1425.0,1997.0,2195.0,0.0036812699347782297,0.006754705525197328,0.0018158174172670145,0.0033318154219793565
34186,13334,Sunset Valley,TX,Travis County,Sunset Valley,1421.75,990306.4326335136,487600.0,4804199999,44250.0,1034.0,1089.0,1206.0,1690.0,1863.0,0.0014356667321842515,0.002915812141099262,0.0018812358868009569,0.003820754716981132
45859,13480,Hypoluxo,FL,Palm Beach County,Hypoluxo,2494.444444444445,311392.0929152968,407300.0,1200199999,52000.0,1176.0,1308.0,1583.0,2016.0,2099.0,0.008010622302869362,0.00612434187194806,0.006740697813964591,0.005153449545789344
25188,13493,Horseshoe Bay,TX,Llano County,Horseshoe Bay,2350.0,735766.5944394361,322300.0,4802799999,41100.0,924.0,930.0,1172.0,1631.0,1968.0,0.0031939476700357833,0.007291343468817871,0.002674761282821456,0.006106112317716413
39778,13657,Midland,NC,Cabarrus County,Midland,2118.333333333333,423414.433640558,318600.0,3702599999,56100.0,1586.0,1647.0,1824.0,2250.0,2852.0,0.005002978559610497,0.006648880518937015,0.006735717475378036,0.008951663527934714
36400,13791,Tierra Verde,FL,Pinellas County,Tierra Verde,3600.0,812532.2598905899,319000.0,1210399999,52150.0,1566.0,1686.0,1978.0,2533.0,3082.0,0.004430593316362297,0.01128526645768025,0.0037930801669523884,0.009661442006269592
14457,13807,Waller,TX,Waller County,Waller,1670.511111111111,267246.652632428,292000.0,4800999999,44450.0,823.0,896.0,1102.0,1506.0,1709.0,0.00625082145896412,0.005720928462709284,0.006394841556165588,0.005852739726027397
15672,13834,Mascotte,FL,Lake County,Mascotte,2258.166666666667,325357.17230158905,287900.0,1200399999,45750.0,901.0,952.0,1129.0,1523.0,1896.0,0.006940577491168582,0.007843579946740767,0.00582744184364409,0.006585620006946857
14781,14168,Alvarado,TX,Johnson County,Alvarado,1719.1666666666667,302040.33623531525,254600.0,4800199999,39700.0,846.0,851.0,1033.0,1245.0,1563.0,0.005691844632722462,0.006752422100026185,0.0051748055226050645,0.006139041633935585
52302,14313,Gray,TN,Washington County,Gray,1919.0,309632.46290848166,231700.0,4717999999,42400.0,890.0,895.0,1119.0,1389.0,1562.0,0.0061976705606840736,0.008282261545101425,0.005044690680452591,0.006741476046611999
4314,14716,Daytona Beach Shores,FL,Volusia County,Daytona Beach Shores,2144.1666666666665,373993.894735486,278000.0,1202399999,38300.0,815.0,820.0,1076.0,1305.0,1427.0,0.005733159543107428,0.0077128297362110305,0.0038155703076631015,0.005133093525179856
46280,14977,Lockbourne,OH,Pickaway County,Lockbourne,1624.0,306930.2623605341,235700.0,3912999999,54500.0,1104.0,1194.0,1445.0,1741.0,1939.0,0.0052911041990782144,0.006890114552397115,0.006317395961830454,0.008226559185405177
36840,15035,Bridgehampton,NY,Suffolk County,Bridgehampton,90833.33333333331,4349827.46342389,539500.0,3610399999,82450.0,1848.0,2241.0,2586.0,3352.0,3591.0,0.020882054310686488,0.1683657707754093,0.0008255499856478003,0.006656163113994439
235736,15181,Morgans Point Resort,TX,Bell County,Morgans Point Resort,1697.5,262253.25798771664,221100.0,4802599999,40400.0,844.0,849.0,1114.0,1421.0,1513.0,0.006472750855508942,0.007677521483491633,0.005769232426736394,0.006843057440072365
40499,15235,Ranlo,NC,Gaston County,Ranlo,2012.3333333333333,269450.510949099,235000.0,3700799999,38200.0,834.0,927.0,1216.0,1465.0,1728.0,0.007468285460826149,0.008563120567375886,0.006413051487315348,0.0073531914893617024
22516,15795,Ocean Ridge,FL,Palm Beach County,Ocean Ridge,4000.0,1406567.775627305,407300.0,1200199999,52000.0,1176.0,1308.0,1583.0,2016.0,2099.0,0.0028438018197993117,0.009820770930518046,0.0014922850049396887,0.005153449545789344
52625,15861,Indialantic,FL,Brevard County,Indialantic,2316.6666666666665,597357.4853808451,304400.0,1200399999,45750.0,901.0,952.0,1129.0,1523.0,1896.0,0.00387819140692558,0.007610600087604029,0.0031739788090061442,0.006228646517739816
56850,15896,South Palm Beach,FL,Palm Beach County,South Palm Beach,4116.666666666666,366395.01936334,407300.0,1200199999,52000.0,1176.0,1308.0,1583.0,2016.0,2099.0,0.011235596689660033,0.010107210082658153,0.005728789664355403,0.005153449545789344
398716,15945,Summerset,SD,Meade County,Summerset,2040.0,425682.02118968,274800.0,4600599999,46950.0,614.0,683.0,896.0,1159.0,1366.0,0.004792309513797847,0.007423580786026201,0.003208968037180323,0.004970887918486172
21586,16208,Avon by the Sea,NJ,Monmouth County,Avon by the Sea,2450.0,1680578.1997336084,566500.0,3402599999,68400.0,1474.0,1654.0,2040.0,2717.0,3023.0,0.0014578315965233597,0.004324801412180053,0.001798785680118415,0.005336275375110326
44844,16419,Daleville,VA,Botetourt County,Daleville,1885.8333333333333,435249.3278813602,268900.0,5102399999,45300.0,892.0,948.0,1141.0,1597.0,1885.0,0.004332765641506911,0.007013139952894508,0.0043308510300877736,0.0070100409074005205
33141,16629,North Beach,MD,Anne Arundel County,North Beach,2500.0,420556.5581673781,450300.0,2400399999,65150.0,1407.0,1604.0,1965.0,2529.0,2826.0,0.005944503661752482,0.00555185431934266,0.0067196669392450056,0.006275816122584943
20400,19455,Sea Bright,NJ,Monmouth County,Sea Bright,2343.75,1003410.9491632752,566500.0,3402599999,68400.0,1474.0,1654.0,2040.0,2717.0,3023.0,0.0023357827637364406,0.004137246248896735,0.003012723752437444,0.005336275375110326
4369,19537,Dillon,CO,Summit County,Dillon,3147.777777777778,851775.3866514672,850700.0,0811799999,66500.0,1571.0,1746.0,2291.0,3126.0,3354.0,0.0036955491167130873,0.0037002207332523544,0.003937657805757192,0.003942635476666275
9084,19642,North Topsail Beach,NC,Onslow County,North Topsail Beach,1800.0,525219.4335207745,219500.0,3700799999,38200.0,834.0,927.0,1216.0,1465.0,1728.0,0.0034271389920472223,0.008200455580865604,0.003290053432365333,0.00787243735763098
16007,20418,Surf City,NC,Pender County,Surf City,1885.555555555556,631570.9235939287,267100.0,3700399999,38800.0,818.0,851.0,1046.0,1334.0,1567.0,0.0029855008916906413,0.007059361870294108,0.0024811148541846262,0.005866716585548484
6459,21336,Pendergrass,GA,Jackson County,Pendergrass,2133.833333333333,361660.46436598914,312700.0,1300399999,38100.0,728.0,733.0,905.0,1155.0,1300.0,0.005900101182124126,0.006823899371069181,0.0035945316894921654,0.004157339302846178
46000,21486,Kellogg,ID,Shoshone County,Kellogg,1500.0,283898.1239635087,222700.0,1607999999,42250.0,680.0,745.0,977.0,1217.0,1641.0,0.005283585460370301,0.00673551863493489,0.00578024249364511,0.00736865738661877
22090,21572,Hahira,GA,Lowndes County,Hahira,1755.0,286688.64674732526,197900.0,1309199999,38100.0,685.0,690.0,905.0,1090.0,1200.0,0.006121623649599141,0.00886811520970187,0.004185725572375481,0.00606366851945427
34635,21905,Walls,MS,DeSoto County,Walls,2015.0,260769.4257953528,248700.0,2800999999,34550.0,807.0,843.0,933.0,1242.0,1242.0,0.0077271328640395745,0.008102131081624447,0.004762828296345981,0.004993968636911942
124999,22408,Lake Hart,FL,Orange County,Lake Hart,2255.54415954416,1259618.888243226,358300.0,1208799999,65150.0,1565.0,1903.0,2274.0,3026.0,3344.0,0.0017906560314365702,0.006295127433838013,0.002654771241691868,0.009332961205693553
3886,22721,Bullard,TX,Cherokee County,Bullard,1773.75,372973.86841957486,160300.0,4800999999,44450.0,823.0,896.0,1102.0,1506.0,1709.0,0.004755695104099437,0.011065190268247036,0.004582090448431819,0.01066126013724267
46862,24221,Ogden,KS,Riley County,Ogden,1500.0,167503.26759261134,231200.0,2002799999,42050.0,625.0,665.0,872.0,1178.0,1183.0,0.008955049185357897,0.006487889273356401,0.007062548790852261,0.005116782006920415
235000,28607,Lincoln Park,TX,Denton County,Lincoln Park,1626.9444444444443,346889.66597200016,403400.0,4800199999,39700.0,846.0,851.0,1033.0,1245.0,1563.0,0.004690091991889335,0.004033079931691731,0.004505755441345896,0.0038745661874070403
52196,30062,Georgetown,CO,Clear Creek County,Georgetown,1965.0,505837.8228387378,572800.0,0801999999,70050.0,1639.0,1789.0,2140.0,2794.0,3127.0,0.003884644269921362,0.003430516759776536,0.0061818232224143,0.005459148044692738
